BLR - Categorization,Options,Builder / Developer,Building Name,Building Address / Location,Building Structure,Total Building Size [In Sq. Ft.],Available  Floors,Available - Area in Sft,Condition,Timeline
HSR Layout,,99 Tech Park,99 Tech Park,"HSR Extension, Bengaluru",,"1,80,000 Sft",Typical Floors,,Fully Furnished,Immediate
Whitefield,,Adarsh Developers,Adarsh Eco Place,"EPIP Area, Whitefield, Bengaluru",Ground + 6 floors,"2,10,478 Sft",GF,"8,000 Sft",,Immediate
Whitefield,,Adarsh Developers,Adarsh Eco Place,"EPIP Area, Whitefield, Bengaluru",Ground + 6 floors,"2,10,478 Sft",GF,"22,000 Sft",,Occupied
Whitefield,,Adarsh Developers,Adarsh Eco Place,"EPIP Area, Whitefield, Bengaluru",Ground + 6 floors,"2,10,478 Sft",1F,"4,550 Sft",,Immediate
Whitefield,,Adarsh Developers,Adarsh Eco Place,"EPIP Area, Whitefield, Bengaluru",Ground + 6 floors,"2,10,478 Sft",1F,"25,450 Sft",,Occupied
Whitefield,,Adarsh Developers,Adarsh Eco Place,"EPIP Area, Whitefield, Bengaluru",Ground + 6 floors,"2,10,478 Sft",2F,"9,300 Sft",,Immediate
Whitefield,,Adarsh Developers,Adarsh Eco Place,"EPIP Area, Whitefield, Bengaluru",Ground + 6 floors,"2,10,478 Sft",2F,"20,700 Sft",,Occupied
Whitefield,,Adarsh Developers,Adarsh Eco Place,"EPIP Area, Whitefield, Bengaluru",Ground + 6 floors,"2,10,478 Sft",3F,"14,262 Sft",,Immediate
Whitefield,,Adarsh Developers,Adarsh Eco Place,"EPIP Area, Whitefield, Bengaluru",Ground + 6 floors,"2,10,478 Sft",3F,"15,738 Sft",,Occupied
Whitefield,,Adarsh Developers,Adarsh Eco Place,"EPIP Area, Whitefield, Bengaluru",Ground + 6 floors,"2,10,478 Sft",4F,"30,000 Sft",,Occupied
Whitefield,,Adarsh Developers,Adarsh Eco Place,"EPIP Area, Whitefield, Bengaluru",Ground + 6 floors,"2,10,478 Sft",5F,"30,000 Sft",,Occupied
Whitefield,,Adarsh Developers,Adarsh Eco Place,"EPIP Area, Whitefield, Bengaluru",Ground + 6 floors,"2,10,478 Sft",6F,"30,000 Sft",,Occupied
ORR,,Adarsh Developers,Adarsh GEM,"Bellandur (ORR), Bengaluru",Basement + G + 5,"1,00,000 Sft",GF,"19,593 Sft",,Immediate
ORR,,Adarsh Developers,Adarsh GEM,"Bellandur (ORR), Bengaluru",Basement + G + 5,"1,00,000 Sft",1F,"20,513 Sft",,Immediate
ORR,,Adarsh Developers,Adarsh GEM,"Bellandur (ORR), Bengaluru",Basement + G + 5,"1,00,000 Sft",2F,"20,513 Sft",,Immediate
ORR,,Adarsh Developers,Adarsh GEM,"Bellandur (ORR), Bengaluru",Basement + G + 5,"1,00,000 Sft",3F,"20,513 Sft",,Immediate
ORR,,Adarsh Developers,Adarsh GEM,"Bellandur (ORR), Bengaluru",Basement + G + 5,"1,00,000 Sft",4F,"20,513 Sft",,Immediate
ORR,,Adarsh Developers,Adarsh GEM,"Bellandur (ORR), Bengaluru",Basement + G + 5,"1,00,000 Sft",4th Floor - West Portion,"8,947 Sft",,Immediate
ORR,,Adarsh Developers,Adarsh GEM,"Bellandur (ORR), Bengaluru",Basement + G + 5,"1,00,000 Sft",4th Floor - South-East Portion,"4,619 Sft",,Immediate
ORR,,Adarsh Developers,Adarsh GEM,"Bellandur (ORR), Bengaluru",Basement + G + 5,"1,00,000 Sft",4th Floor - North-East Portion,"5,047 Sft",,Occupied
Others,,Bagmane,Bagmane Capital - Damascus 1,"Bagmane Capital, Bengaluru",4B + G + 9,,Full Building (4B+G+9),"7,30,000 Sft",Warm Shell,Jan 2027
Others,,Bagmane,Bagmane Capital - Damascus 2,"Bagmane Capital, Bengaluru",,,4F,"83,673 Sft",Warm Shell,Dec 2026
Others,,Bagmane,Bagmane Capital - Damascus 2,"Bagmane Capital, Bengaluru",,,5F,"83,673 Sft",Warm Shell,Dec 2026
Others,,Bagmane,Bagmane Capital - Damascus 2,"Bagmane Capital, Bengaluru",,,6F,"75,315 Sft",Warm Shell,Dec 2026
Others,,Bagmane,Bagmane Capital - Damascus 2,"Bagmane Capital, Bengaluru",,,7F,"81,369 Sft",Warm Shell,Dec 2026
Others,,Bagmane,Bagmane Cosmos - Aurora,"Bagmane Cosmos, Bengaluru",3B + G + 10,,Full Building (3B + G + 10),"4,00,000 Sft",Warm Shell,Q4 2026
Others,,Bagmane,Bagmane Cosmos - Ceres,"Bagmane Cosmos, Bengaluru",3B + G + 10,,Full Building (3B+G+10),"6,00,000 Sft",Warm Shell,Q3 2026
Others,,Bagmane,Bagmane Cosmos - Vesta,"Bagmane Cosmos, Bengaluru",,,5F,"53,600 Sft",Warm Shell,Immediate
ORR,,Bagmane,Bagmane Encore,"Sarjapur-Marathahalli Outer Ring Road, Bengaluru",,,,,BTS,24-30 Months from Date of Signing
Whitefield,,Bagmane,Bagmane Luminary,"Nallurhalli, Whitefield, Bengaluru",,,,,BTS,24-30 Months from Date of Signing
Others,,Bagmane,Bagmane Sierra Business District - Alps North,"Bagmane Sierra Business District, Bengaluru",3B + G + 12,,,"7,00,000 Sft",BTS,24-30 Months from Date of Signing
Others,,Bagmane,Bagmane Sierra Business District - Alps South,"Bagmane Sierra Business District, Bengaluru",3B + G + 12,,,"8,00,000 Sft",Warm Shell,Q3 2026
Others,,Bagmane,Bagmane Solarium City - Building 13,"Bagmane Solarium City, Bengaluru",4B + G + 9,,Full Building (4B+G+9 floors),"5,65,000 Sft",,Q4 2027
Others,,Bagmane,Bagmane Solarium City - Building 15,"Bagmane Solarium City, Bengaluru",4B + G + 9,,Full Building (4B+G+9 floors),"6,80,000 Sft",Warm Shell,Q2 2027
Others,,Bagmane,Bagmane Solarium City - Building 16,"Bagmane Solarium City, Bengaluru",4B + G + 9,,Full Building (4B+G+9 floors),"5,32,000 Sft",,Q1 2028
Others,,Bagmane,Bagmane Solarium City - Neon,"Bagmane Solarium City, Bengaluru",,,3F,"56,221 Sft",Warm Shell,Immediate
Others,,Bagmane,Bagmane Solarium City - Radon,"Bagmane Solarium City, Bengaluru",,,9F,"98,564 Sft",Warm Shell,Immediate
Others,,Bagmane,Bagmane Solarium City - Radon,"Bagmane Solarium City, Bengaluru",,,8F,"98,564 Sft",Warm Shell,Immediate
Others,,Bagmane,Bagmane Solarium City - Radon,"Bagmane Solarium City, Bengaluru",,,7F,"98,563 Sft",Warm Shell,Immediate
Others,,Bagmane,Bagmane Solarium City - Radon,"Bagmane Solarium City, Bengaluru",,,6F,"89,524 Sft",Warm Shell,Immediate
Others,,Bagmane,Bagmane World Technology Centre - Aquamarine (SEZ),"Bagmane World Technology Centre, Bengaluru",,,8F,"23,486 Sft",Warm Shell,Immediate
Others,,Bagmane,Bagmane World Technology Centre - Citrine (SEZ),"Bagmane World Technology Centre, Bengaluru",,,8F,"60,684 Sft",Warm Shell,Oct 2026
Others,,Bagmane,Bagmane World Technology Centre - Citrine (SEZ),"Bagmane World Technology Centre, Bengaluru",,,9F,"60,684 Sft",Warm Shell,Oct 2026
Others,,Bagmane,Bagmane World Technology Centre - Opal,"Bagmane World Technology Centre, Bengaluru",,"6,94,300 Sft",2F,"59,000 Sft",Fully Furnished,Jun 2027
Others,,Bagmane,Bagmane World Technology Centre - Opal,"Bagmane World Technology Centre, Bengaluru",,"6,94,300 Sft",3F,"64,250 Sft",Fully Furnished,Jun 2027
Others,,Bagmane,Bagmane World Technology Centre - Opal,"Bagmane World Technology Centre, Bengaluru",,"6,94,300 Sft",4F,"64,250 Sft",Fully Furnished,Jun 2027
Others,,Bagmane,Bagmane World Technology Centre - Opal,"Bagmane World Technology Centre, Bengaluru",,"6,94,300 Sft",5F,"59,000 Sft",Fully Furnished,Jun 2027
Others,,Bagmane,Bagmane World Technology Centre - Opal,"Bagmane World Technology Centre, Bengaluru",,"6,94,300 Sft",6F,"65,300 Sft",Fully Furnished,Jun 2027
Others,,Bagmane,Bagmane World Technology Centre - Opal,"Bagmane World Technology Centre, Bengaluru",,"6,94,300 Sft",7F,"64,250 Sft",Fully Furnished,Jun 2027
Others,,Bagmane,Bagmane World Technology Centre - Opal,"Bagmane World Technology Centre, Bengaluru",,"6,94,300 Sft",8F,"64,250 Sft",Fully Furnished,Jun 2027
Others,,Bagmane,Bagmane World Technology Centre - Opal,"Bagmane World Technology Centre, Bengaluru",,"6,94,300 Sft",9F,"59,000 Sft",Fully Furnished,Nov 2026
Others,,Bagmane,Bagmane World Technology Centre - Opal,"Bagmane World Technology Centre, Bengaluru",,"6,94,300 Sft",10F,"65,000 Sft",Fully Furnished,Nov 2026
Others,,Bagmane,Bagmane World Technology Centre - Opal,"Bagmane World Technology Centre, Bengaluru",,"6,94,300 Sft",11F,"65,000 Sft",Fully Furnished,Nov 2026
Others,,Bagmane,Bagmane World Technology Centre - Opal,"Bagmane World Technology Centre, Bengaluru",,"6,94,300 Sft",12F,"65,000 Sft",Fully Furnished,Nov 2026
Others,,Bagmane,Bagmane World Technology Centre - Peridot,"Bagmane World Technology Centre, Bengaluru",,,8F,"51,187 Sft",Fully Furnished,Immediate
CBD,,Bagmane,District 1862,"Queens Road (Opp. Cantonment railway station), Bengaluru",,,,,BTS,24-30 Months from Date of Signing
North-BLR,,Bhartiya City,Block 4A,"Bhartiya City, Thanisandra Main Road, Bengaluru",3 Basements + Ground (Lobby) + Level 1 (Parking) + 14 Office Floors,"5,43,768 Sft",10F,"34,349 Sft",Warm Shell,Immediate
North-BLR,,Bhartiya City,Block 4A,"Bhartiya City, Thanisandra Main Road, Bengaluru",3 Basements + Ground (Lobby) + Level 1 (Parking) + 14 Office Floors,"5,43,768 Sft",9F,"40,637 Sft",Warm Shell,Immediate
North-BLR,,Bhartiya City,Block 4A,"Bhartiya City, Thanisandra Main Road, Bengaluru",3 Basements + Ground (Lobby) + Level 1 (Parking) + 14 Office Floors,"5,43,768 Sft",8F,"40,637 Sft",Warm Shell,Immediate
North-BLR,,Bhartiya City,Block 4A,"Bhartiya City, Thanisandra Main Road, Bengaluru",3 Basements + Ground (Lobby) + Level 1 (Parking) + 14 Office Floors,"5,43,768 Sft",7F,"34,349 Sft",Warm Shell,Immediate
North-BLR,,Bhartiya City,Block 4A,"Bhartiya City, Thanisandra Main Road, Bengaluru",3 Basements + Ground (Lobby) + Level 1 (Parking) + 14 Office Floors,"5,43,768 Sft",6F,"40,637 Sft",Warm Shell,Immediate
North-BLR,,Bhartiya City,Block 4A,"Bhartiya City, Thanisandra Main Road, Bengaluru",3 Basements + Ground (Lobby) + Level 1 (Parking) + 14 Office Floors,"5,43,768 Sft",5F,"40,637 Sft",Warm Shell,Immediate
North-BLR,,Bhartiya City,Block 4A,"Bhartiya City, Thanisandra Main Road, Bengaluru",3 Basements + Ground (Lobby) + Level 1 (Parking) + 14 Office Floors,"5,43,768 Sft",4F,"34,349 Sft",Warm Shell,Immediate
North-BLR,,Bhartiya City,Block 4A,"Bhartiya City, Thanisandra Main Road, Bengaluru",3 Basements + Ground (Lobby) + Level 1 (Parking) + 14 Office Floors,"5,43,768 Sft",3F,"40,637 Sft",Warm Shell,Immediate
North-BLR,,Bhartiya City,Block 4A,"Bhartiya City, Thanisandra Main Road, Bengaluru",3 Basements + Ground (Lobby) + Level 1 (Parking) + 14 Office Floors,"5,43,768 Sft",2F,"40,637 Sft",Warm Shell,Immediate
North-BLR,,Bhartiya City,Block 4A,"Bhartiya City, Thanisandra Main Road, Bengaluru",3 Basements + Ground (Lobby) + Level 1 (Parking) + 14 Office Floors,"5,43,768 Sft",Balance Floors,"1,96,899 Sft",-,Occupied
North-BLR,,Bhartiya City,Block 4B,"Bhartiya City, Thanisandra Main Road, Bengaluru",3 Basements + Ground (Lobby) + Level 1 (Parking) + 14 Office Floors,"5,62,488 Sft",10F,"35,690 Sft",Warm Shell,Immediate
North-BLR,,Bhartiya City,Block 4B,"Bhartiya City, Thanisandra Main Road, Bengaluru",3 Basements + Ground (Lobby) + Level 1 (Parking) + 14 Office Floors,"5,62,488 Sft",9F,"41,973 Sft",Warm Shell,Immediate
North-BLR,,Bhartiya City,Block 4B,"Bhartiya City, Thanisandra Main Road, Bengaluru",3 Basements + Ground (Lobby) + Level 1 (Parking) + 14 Office Floors,"5,62,488 Sft",8F,"41,973 Sft",Warm Shell,Immediate
North-BLR,,Bhartiya City,Block 4B,"Bhartiya City, Thanisandra Main Road, Bengaluru",3 Basements + Ground (Lobby) + Level 1 (Parking) + 14 Office Floors,"5,62,488 Sft",7F,"35,690 Sft",Warm Shell,Immediate
North-BLR,,Bhartiya City,Block 4B,"Bhartiya City, Thanisandra Main Road, Bengaluru",3 Basements + Ground (Lobby) + Level 1 (Parking) + 14 Office Floors,"5,62,488 Sft",6F,"41,973 Sft",Warm Shell,Immediate
North-BLR,,Bhartiya City,Block 4B,"Bhartiya City, Thanisandra Main Road, Bengaluru",3 Basements + Ground (Lobby) + Level 1 (Parking) + 14 Office Floors,"5,62,488 Sft",5F,"41,973 Sft",Warm Shell,Immediate
North-BLR,,Bhartiya City,Block 4B,"Bhartiya City, Thanisandra Main Road, Bengaluru",3 Basements + Ground (Lobby) + Level 1 (Parking) + 14 Office Floors,"5,62,488 Sft",4F,"35,690 Sft",Warm Shell,Immediate
North-BLR,,Bhartiya City,Block 4B,"Bhartiya City, Thanisandra Main Road, Bengaluru",3 Basements + Ground (Lobby) + Level 1 (Parking) + 14 Office Floors,"5,62,488 Sft",3F,"41,973 Sft",Warm Shell,Immediate
North-BLR,,Bhartiya City,Block 4B,"Bhartiya City, Thanisandra Main Road, Bengaluru",3 Basements + Ground (Lobby) + Level 1 (Parking) + 14 Office Floors,"5,62,488 Sft",Balance Floors,"2,45,553 Sft",-,Occupied
Others,,Bhoruka Tech Park,B2 (Building-2) - Bhoruka Tech Park,Bengaluru,,,Part of 3rd floor,"36,103 Sft",Warm Shell,Immediate
Whitefield,,Bhoruka Tech Park,Building II Bhoruka Tech Park,"Off Outer Ring Road, Mahadevpura, Whitefield main Road., Bengaluru",2 Basement + Ground + 8 floors,"6,25,000 Sft",GF,"36,290 Sft",,
Whitefield,,Bhoruka Tech Park,Building II Bhoruka Tech Park,"Off Outer Ring Road, Mahadevpura, Whitefield main Road., Bengaluru",2 Basement + Ground + 8 floors,"6,25,000 Sft",First Floor,"74,749 Sft",,
Whitefield,,Bhoruka Tech Park,Building II Bhoruka Tech Park,"Off Outer Ring Road, Mahadevpura, Whitefield main Road., Bengaluru",2 Basement + Ground + 8 floors,"6,25,000 Sft",Second Floor,"89,467 Sft",,
Whitefield,,Bhoruka Tech Park,Building II Bhoruka Tech Park,"Off Outer Ring Road, Mahadevpura, Whitefield main Road., Bengaluru",2 Basement + Ground + 8 floors,"6,25,000 Sft",Third Floor,"88,325 Sft",,
Whitefield,,Bhoruka Tech Park,Building II Bhoruka Tech Park,"Off Outer Ring Road, Mahadevpura, Whitefield main Road., Bengaluru",2 Basement + Ground + 8 floors,"6,25,000 Sft",Fourth Floor,"89,347 Sft",,
Whitefield,,Bhoruka Tech Park,Building II Bhoruka Tech Park,"Off Outer Ring Road, Mahadevpura, Whitefield main Road., Bengaluru",2 Basement + Ground + 8 floors,"6,25,000 Sft",Fifth Floor,"88,325 Sft",,
Whitefield,,Bhoruka Tech Park,Building II Bhoruka Tech Park,"Off Outer Ring Road, Mahadevpura, Whitefield main Road., Bengaluru",2 Basement + Ground + 8 floors,"6,25,000 Sft",Sixth Floor,"80,779 Sft",,
Whitefield,,Bhoruka Tech Park,Building II Bhoruka Tech Park,"Off Outer Ring Road, Mahadevpura, Whitefield main Road., Bengaluru",2 Basement + Ground + 8 floors,"6,25,000 Sft",Seventh Floor,"36,483 Sft",,
Whitefield,,Bhoruka Tech Park,Building II Bhoruka Tech Park,"Off Outer Ring Road, Mahadevpura, Whitefield main Road., Bengaluru",2 Basement + Ground + 8 floors,"6,25,000 Sft",Eighth Floor,"37,387 Sft",,
Whitefield,,Bhoruka Tech Park,Building II Bhoruka Tech Park,"Off Outer Ring Road, Mahadevpura, Whitefield main Road, Bengaluru",2 Basement + Ground + 8 floors,"6,25,000 Sft",GF,"36,290 Sft",,
Whitefield,,Bhoruka Tech Park,Building II Bhoruka Tech Park,"Off Outer Ring Road, Mahadevpura, Whitefield main Road, Bengaluru",2 Basement + Ground + 8 floors,"6,25,000 Sft",1F,"74,749 Sft",,
Whitefield,,Bhoruka Tech Park,Building II Bhoruka Tech Park,"Off Outer Ring Road, Mahadevpura, Whitefield main Road, Bengaluru",2 Basement + Ground + 8 floors,"6,25,000 Sft",2F,"89,467 Sft",,
Whitefield,,Bhoruka Tech Park,Building II Bhoruka Tech Park,"Off Outer Ring Road, Mahadevpura, Whitefield main Road, Bengaluru",2 Basement + Ground + 8 floors,"6,25,000 Sft",3F,"88,325 Sft",,
Whitefield,,Bhoruka Tech Park,Building II Bhoruka Tech Park,"Off Outer Ring Road, Mahadevpura, Whitefield main Road, Bengaluru",2 Basement + Ground + 8 floors,"6,25,000 Sft",4F,"89,347 Sft",,
Whitefield,,Bhoruka Tech Park,Building II Bhoruka Tech Park,"Off Outer Ring Road, Mahadevpura, Whitefield main Road, Bengaluru",2 Basement + Ground + 8 floors,"6,25,000 Sft",5F,"88,325 Sft",,
Whitefield,,Bhoruka Tech Park,Building II Bhoruka Tech Park,"Off Outer Ring Road, Mahadevpura, Whitefield main Road, Bengaluru",2 Basement + Ground + 8 floors,"6,25,000 Sft",6F,"80,779 Sft",,
Whitefield,,Bhoruka Tech Park,Building II Bhoruka Tech Park,"Off Outer Ring Road, Mahadevpura, Whitefield main Road, Bengaluru",2 Basement + Ground + 8 floors,"6,25,000 Sft",7F,"36,483 Sft",,
Whitefield,,Bhoruka Tech Park,Building II Bhoruka Tech Park,"Off Outer Ring Road, Mahadevpura, Whitefield main Road, Bengaluru",2 Basement + Ground + 8 floors,"6,25,000 Sft",8F,"37,387 Sft",,
West-BLR,,Brigade Group,Brigade Deccan Heights,"Yeshwanthpur, Bengaluru",2B + G + 24,"4,28,000 Sft",,"17,354 Sft",Fully Furnished,Immediate
West-BLR,,Brigade Group,Brigade Deccan Heights,"Yeshwanthpur, Bengaluru",2B + G + 24,"4,28,000 Sft",Balance Floors,"4,10,646 Sft",-,Occupied
Whitefield,,Brigade Group,Brigade IRV Centre,"Whitefield, Bengaluru",B + G + 10,"2,60,000 Sft",,"11,390 Sft",Fully Furnished,Immediate
Whitefield,,Brigade Group,Brigade IRV Centre,"Whitefield, Bengaluru",B + G + 10,"2,60,000 Sft",Balance Floors,"2,48,610 Sft",-,Occupied
CBD,,Brigade Group,Brigade Nalapad Broadway,"Chickpet, Bengaluru",2B + G + 4,"82,000 Sft",,"82,000 Sft",,Immediate
Whitefield,,Brigade Group,Brigade Padmini Tech Valley - Analog Block,"Whitefield Road, Bengaluru",3B + G + 10,,,"3,47,411 Sft",,Q2 2027
Whitefield,,Brigade Group,Brigade Padmini Tech Valley - Beta Block,"Whitefield Road, Bengaluru",3B + G + 10,,,"7,36,860 Sft",,Q2 2026
Whitefield,,Brigade Group,Brigade Padmini Tech Valley - Cloud Block,"Whitefield Road, Bengaluru",2B + G + 10,,,"1,70,000 Sft",,Immediate
North-BLR,,Brigade Group,Brigade Senate 2,"ORR Hebbal, Bengaluru",2B + G + 9,"12,18,000 Sft",,"36,502 Sft",,Immediate
Others,,Brigade Group,Brigade Signature Towers - East Tower,"Brigade Golden Triangle, Bengaluru",B + G + 13,"6,10,000 Sft",,"14,440 Sft",,Immediate
Others,,Brigade Group,Brigade Signature Towers - East Tower,"Brigade Golden Triangle, Bengaluru",B + G + 13,"6,10,000 Sft",Balance Floors,"5,95,560 Sft",-,Occupied
Others,,Brigade Group,Brigade Signature Towers - West Tower,"Brigade Golden Triangle, Bengaluru",B + G + 20,"6,10,000 Sft",,"14,440 Sft",,Immediate
Others,,Brigade Group,Brigade Signature Towers - West Tower,"Brigade Golden Triangle, Bengaluru",B + G + 20,"6,10,000 Sft",Balance Floors,"5,95,560 Sft",-,Occupied
Whitefield,,Brigade Group,"Brigade Tech Gardens - Block A, Non-SEZ","Brookefield, Bengaluru",2B + G + 6,"2,11,404 Sft",,"16,248 Sft",,Immediate
Whitefield,,Brigade Group,"Brigade Tech Gardens - Block A, Non-SEZ","Brookefield, Bengaluru",2B + G + 6,"2,11,404 Sft",Balance Floors,"1,95,156 Sft",-,Occupied
Whitefield,,Brigade Group,Brigade Tech Park,"Whitefield, Bengaluru",B + G + 9,"4,40,000 Sft",,"38,000 Sft",,Immediate
Whitefield,,Brigade Group,Brigade Tech Park,"Whitefield, Bengaluru",B + G + 9,"4,40,000 Sft",Balance Floors,"4,02,000 Sft",-,Occupied
ORR,,Brigade Group,Brigade Twin Towers,"Yeshwanthpur, Off ORR, Bengaluru",3B + G + 14,"12,10,000 Sft",,"6,60,000 Sft",,Immediate
ORR,,Brigade Group,Brigade Twin Towers,"Yeshwanthpur, Off ORR, Bengaluru",3B + G + 14,"12,10,000 Sft",Balance Floors,"5,50,000 Sft",-,Occupied
Whitefield,,Brigade Group,Eden & Paradise @ Brigade Cornerstone Utopia,"Varthur Road, Bengaluru",2B + G + 4,"2,14,450 Sft",3rd and 4th,"5,000 Sft",,Immediate
Whitefield,,Brigade Group,Eden & Paradise @ Brigade Cornerstone Utopia,"Varthur Road, Bengaluru",2B + G + 4,"2,14,450 Sft",Balance Floors,"2,09,450 Sft",-,Occupied
Whitefield,,Brigade Group,Elysium @ Brigade Cornerstone Utopia,"Varthur Road, Bengaluru",2B + G + 18,"4,06,911 Sft",,"4,06,911 Sft",,Q1 2026
South-BLR,,Brigade Group,The Arcade @ Brigade Meadows,"Kanakapura Road, Bengaluru",B + G + 3,"53,470 Sft",,"1,680 Sft",,Immediate
South-BLR,,Brigade Group,The Arcade @ Brigade Meadows,"Kanakapura Road, Bengaluru",B + G + 3,"53,470 Sft",Balance Floors,"51,790 Sft",-,Occupied
Airport / Devanahalli,,Brigade Group,The Arcade @ Brigade Orchards,"Devanahalli, Bengaluru",B + G + 5,"3,00,000 Sft",,"1,00,000 Sft",,Immediate
Airport / Devanahalli,,Brigade Group,The Arcade @ Brigade Orchards,"Devanahalli, Bengaluru",B + G + 5,"3,00,000 Sft",Balance Floors,"2,00,000 Sft",-,Occupied
North-BLR,,Brigade Group,World Trade Center Bengaluru,"North Zone, Bengaluru",,"11,00,000 Sft",,"4,67,470 Sft",,Immediate
North-BLR,,Brigade Group,World Trade Center Bengaluru,"North Zone, Bengaluru",,"11,00,000 Sft",Balance Floors,"6,32,530 Sft",-,Occupied
North-BLR,,Brookfield,Bhartiya Centre of Information Technology - Block 1,"Bharatiya City, Thanisandra Main Road, Bengaluru",3B(Parking) + G(Parking) + 9 Floors,"6,00,000 Sft",GF,,,Occupied
North-BLR,,Brookfield,Bhartiya Centre of Information Technology - Block 1,"Bharatiya City, Thanisandra Main Road, Bengaluru",3B(Parking) + G(Parking) + 9 Floors,"6,00,000 Sft",1F,,,Occupied
North-BLR,,Brookfield,Bhartiya Centre of Information Technology - Block 1,"Bharatiya City, Thanisandra Main Road, Bengaluru",3B(Parking) + G(Parking) + 9 Floors,"6,00,000 Sft",2F,,,Occupied
North-BLR,,Brookfield,Bhartiya Centre of Information Technology - Block 1,"Bharatiya City, Thanisandra Main Road, Bengaluru",3B(Parking) + G(Parking) + 9 Floors,"6,00,000 Sft",3F,,,Occupied
North-BLR,,Brookfield,Bhartiya Centre of Information Technology - Block 1,"Bharatiya City, Thanisandra Main Road, Bengaluru",3B(Parking) + G(Parking) + 9 Floors,"6,00,000 Sft",4F,"42,477 Sft",Warm Shell,Immediate
North-BLR,,Brookfield,Bhartiya Centre of Information Technology - Block 1,"Bharatiya City, Thanisandra Main Road, Bengaluru",3B(Parking) + G(Parking) + 9 Floors,"6,00,000 Sft",5F,"55,675 Sft",Warm Shell,Immediate
North-BLR,,Brookfield,Bhartiya Centre of Information Technology - Block 1,"Bharatiya City, Thanisandra Main Road, Bengaluru",3B(Parking) + G(Parking) + 9 Floors,"6,00,000 Sft",6F,,,Occupied
North-BLR,,Brookfield,Bhartiya Centre of Information Technology - Block 1,"Bharatiya City, Thanisandra Main Road, Bengaluru",3B(Parking) + G(Parking) + 9 Floors,"6,00,000 Sft",7F,,,Occupied
North-BLR,,Brookfield,Bhartiya Centre of Information Technology - Block 1,"Bharatiya City, Thanisandra Main Road, Bengaluru",3B(Parking) + G(Parking) + 9 Floors,"6,00,000 Sft",8F,,,Occupied
North-BLR,,Brookfield,Bhartiya Centre of Information Technology - Block 1,"Bharatiya City, Thanisandra Main Road, Bengaluru",3B(Parking) + G(Parking) + 9 Floors,"6,00,000 Sft",9F,,,Occupied
North-BLR,,Brookfield,Bhartiya Centre of Information Technology - Block 1,"Bharatiya City, Thanisandra Main Road, Bengaluru",3B(Parking) + G(Parking) + 9 Floors,"6,00,000 Sft",Balance Floors,"5,01,848 Sft",-,Occupied
North-BLR,,Brookfield,Bhartiya Centre of Information Technology - Block 2 (SEZ),"Bharatiya City, Thanisandra Main Road, Bengaluru",3B(Parking) + G(Parking) + 13 Floors,"8,00,000 Sft",GF,"20,254 Sft",South Wing,Nov 2026
North-BLR,,Brookfield,Bhartiya Centre of Information Technology - Block 2 (SEZ),"Bharatiya City, Thanisandra Main Road, Bengaluru",3B(Parking) + G(Parking) + 13 Floors,"8,00,000 Sft",1F,,,Occupied
North-BLR,,Brookfield,Bhartiya Centre of Information Technology - Block 2 (SEZ),"Bharatiya City, Thanisandra Main Road, Bengaluru",3B(Parking) + G(Parking) + 13 Floors,"8,00,000 Sft",2F,,,Occupied
North-BLR,,Brookfield,Bhartiya Centre of Information Technology - Block 2 (SEZ),"Bharatiya City, Thanisandra Main Road, Bengaluru",3B(Parking) + G(Parking) + 13 Floors,"8,00,000 Sft",3F,,,Occupied
North-BLR,,Brookfield,Bhartiya Centre of Information Technology - Block 2 (SEZ),"Bharatiya City, Thanisandra Main Road, Bengaluru",3B(Parking) + G(Parking) + 13 Floors,"8,00,000 Sft",4F,,,Occupied
North-BLR,,Brookfield,Bhartiya Centre of Information Technology - Block 2 (SEZ),"Bharatiya City, Thanisandra Main Road, Bengaluru",3B(Parking) + G(Parking) + 13 Floors,"8,00,000 Sft",5F,,,Occupied
North-BLR,,Brookfield,Bhartiya Centre of Information Technology - Block 2 (SEZ),"Bharatiya City, Thanisandra Main Road, Bengaluru",3B(Parking) + G(Parking) + 13 Floors,"8,00,000 Sft",6F,,,Occupied
North-BLR,,Brookfield,Bhartiya Centre of Information Technology - Block 2 (SEZ),"Bharatiya City, Thanisandra Main Road, Bengaluru",3B(Parking) + G(Parking) + 13 Floors,"8,00,000 Sft",7F,,,Occupied
North-BLR,,Brookfield,Bhartiya Centre of Information Technology - Block 2 (SEZ),"Bharatiya City, Thanisandra Main Road, Bengaluru",3B(Parking) + G(Parking) + 13 Floors,"8,00,000 Sft",8F,,,Occupied
North-BLR,,Brookfield,Bhartiya Centre of Information Technology - Block 2 (SEZ),"Bharatiya City, Thanisandra Main Road, Bengaluru",3B(Parking) + G(Parking) + 13 Floors,"8,00,000 Sft",9F,,,Occupied
North-BLR,,Brookfield,Bhartiya Centre of Information Technology - Block 2 (SEZ),"Bharatiya City, Thanisandra Main Road, Bengaluru",3B(Parking) + G(Parking) + 13 Floors,"8,00,000 Sft",10F,,,Occupied
North-BLR,,Brookfield,Bhartiya Centre of Information Technology - Block 2 (SEZ),"Bharatiya City, Thanisandra Main Road, Bengaluru",3B(Parking) + G(Parking) + 13 Floors,"8,00,000 Sft",11F,,,Occupied
North-BLR,,Brookfield,Bhartiya Centre of Information Technology - Block 2 (SEZ),"Bharatiya City, Thanisandra Main Road, Bengaluru",3B(Parking) + G(Parking) + 13 Floors,"8,00,000 Sft",12F,,,Occupied
North-BLR,,Brookfield,Bhartiya Centre of Information Technology - Block 2 (SEZ),"Bharatiya City, Thanisandra Main Road, Bengaluru",3B(Parking) + G(Parking) + 13 Floors,"8,00,000 Sft",13F,,,Occupied
North-BLR,,Brookfield,Bhartiya Centre of Information Technology - Block 2 (SEZ),"Bharatiya City, Thanisandra Main Road, Bengaluru",3B(Parking) + G(Parking) + 13 Floors,"8,00,000 Sft",Balance Floors,"7,79,746 Sft",-,Occupied
Whitefield,,Brookfield,Centennial - Campus C,"Whitefield, Bengaluru",,,Part of 7th Floor,"20,777 Sft",Warm Shell,Immediate
Whitefield,,Brookfield,Centennial - Campus C,"Whitefield, Bengaluru",,,Part of 4th Floor,"52,709 Sft",Warm Shell,Jan 2027
Whitefield,,Brookfield,Centennial - Campus D,"Whitefield, Bengaluru",,,Part of 3rd Floor,"31,366 Sft",Fully Furnished,Immediate
Whitefield,,Brookfield,Ecospace - 1B,Bengaluru,,,7F,"43,000 Sft",,Oct 2026
Whitefield,,Brookfield,Ecoworld - Campus 1 (Non SEZ/NPA),"Outer Ring Road, Sarjapur, Bengaluru",,,GF,"30,649 Sft",Warm Shell,Available as Non SEZ/NPA
Whitefield,,Brookfield,Ecoworld - Campus 1 (Non SEZ/NPA),"Outer Ring Road, Sarjapur, Bengaluru",,,1F,"31,504 Sft",Warm Shell,Available as Non SEZ/NPA
Whitefield,,Brookfield,Ecoworld - Campus 1 (SEZ),"Outer Ring Road, Sarjapur, Bengaluru",,,Part 2F,"75,934 Sft",Warm Shell,Q1 2027
Whitefield,,Brookfield,Ecoworld - Campus 1 (SEZ),"Outer Ring Road, Sarjapur, Bengaluru",,,Part 4F,"5,756 Sft",Warm Shell,Dec 2026
Whitefield,,Brookfield,Ecoworld - Campus 2,"Outer Ring Road, Sarjapur, Bengaluru",,,GF,"29,808 Sft",Warm Shell,Immediate
Whitefield,,Brookfield,Ecoworld - Campus 2,"Outer Ring Road, Sarjapur, Bengaluru",,,1F,"29,808 Sft",Warm Shell,Immediate
Whitefield,,Brookfield,Ecoworld - Campus 2,"Outer Ring Road, Sarjapur, Bengaluru",,,2F,"32,866 Sft",Warm Shell,Immediate
Whitefield,,Brookfield,Ecoworld - Campus 2,"Outer Ring Road, Sarjapur, Bengaluru",,,3F,"32,866 Sft",Warm Shell,Immediate
Whitefield,,Brookfield,Ecoworld - Campus 2,"Outer Ring Road, Sarjapur, Bengaluru",,,4F,"32,866 Sft",Warm Shell,Immediate
Whitefield,,Brookfield,Ecoworld - Campus 4C (Non SEZ/NPA),"Outer Ring Road, Sarjapur, Bengaluru",,,1F,"33,583 Sft",Warm Shell,Immediate
Whitefield,,Brookfield,Ecoworld - Campus 4C (Non SEZ/NPA),"Outer Ring Road, Sarjapur, Bengaluru",,,8F,"62,853 Sft",Fully Furnished,Immediate
Whitefield,,Brookfield,Ecoworld - Campus 4C (SEZ),"Outer Ring Road, Sarjapur, Bengaluru",,,GF,"11,662 Sft",Warm Shell,Dec 2026
Whitefield,,Brookfield,Ecoworld - Campus 4C (SEZ),"Outer Ring Road, Sarjapur, Bengaluru",,,2F,"13,606 Sft",Warm Shell,Dec 2026
Whitefield,,Brookfield,Ecoworld - Campus 8A,"Outer Ring Road, Sarjapur, Bengaluru",,,7F,"72,584 Sft",Warm Shell,Immediate
Whitefield,,Brookfield,NXT - Campus 1B,"Whitefield, Bengaluru",,,3F,"37,255 Sft",Warm Shell,Nov 2026
Whitefield,,Brookfield,Northstar,Bengaluru,,"1,51,000 Sft",First Floor,,,Occupied
Whitefield,,Brookfield,Northstar,Bengaluru,,"1,51,000 Sft",Second Floor,,,Occupied
Whitefield,,Brookfield,Northstar,Bengaluru,,"1,51,000 Sft",Third Floor,,,Occupied
Whitefield,,Brookfield,Northstar,Bengaluru,,"1,51,000 Sft",Fourth Floor,,,Immediate
Whitefield,,Brookfield,Northstar,Bengaluru,,"1,51,000 Sft",Fifth Floor,,,Occupied
Whitefield,,Brookfield,Northstar,Bengaluru,,"1,51,000 Sft",Sixth Floor,,,Occupied
Whitefield,,Brookfield,Northstar,Bengaluru,,"1,51,000 Sft",Seventh Floor,,,Occupied
Whitefield,,Brookfield,Northstar,Bengaluru,,"1,51,000 Sft",Eight Floor,,,Occupied
Whitefield,,Brookfield,Northstar,Bengaluru,,"1,51,000 Sft",Ninth Floor,,,Occupied
Whitefield,,Brookfield,Northstar,Bengaluru,,"1,51,000 Sft",Tenth Floor,"10,951 Sft",Warm Shell,Immediate
Whitefield,,Brookfield,Northstar,Bengaluru,,"1,51,000 Sft",Eleventh Floor,"10,951 Sft",Warm Shell,Immediate
Whitefield,,Brookfield,Northstar,Bengaluru,,"1,51,000 Sft",Twelfth Floor,,,Occupied
Whitefield,,Brookfield,Northstar,Bengaluru,,"1,51,000 Sft",Thirteen Floor,"10,951 Sft",Warm Shell,Immediate
Whitefield,,Brookfield,Northstar,Bengaluru,,"1,51,000 Sft",Fourteen Floor,"10,951 Sft",Warm Shell,Immediate
Whitefield,,Brookfield,Northstar,Bengaluru,,"1,51,000 Sft",Balance Floors,"1,07,196 Sft",-,Occupied
Whitefield,,CapitaLand Investment,Bridge+ @ ITPB,"ITPB, Bengaluru",,,PS01,,Managed Office,Immediate
Whitefield,,CapitaLand Investment,Bridge+ @ ITPB,"ITPB, Bengaluru",,,PS02,,Managed Office,Immediate
Whitefield,,CapitaLand Investment,Bridge+ @ ITPB,"ITPB, Bengaluru",,,PS03,,Managed Office,Immediate
Whitefield,,CapitaLand Investment,Bridge+ @ ITPB,"ITPB, Bengaluru",,,PS04,,Managed Office,Immediate
Whitefield,,CapitaLand Investment,Bridge+ @ ITPB,"ITPB, Bengaluru",,,PS05,,Managed Office,Immediate
Whitefield,,CapitaLand Investment,Bridge+ @ ITPB,"ITPB, Bengaluru",,,PS06,,Managed Office,Immediate
Whitefield,,CapitaLand Investment,Bridge+ @ ITPB,"ITPB, Bengaluru",,,Flexi Desk,,Managed Office,Immediate
North-BLR,,CapitaLand Investment,CapitaLand Business Park - North Tower,"Nagavara, Bengaluru",4B + G + 10,"4,91,159 Sft",,"4,91,159 Sft",Warm Shell,Q1 2027
North-BLR,,CapitaLand Investment,CapitaLand Business Park - South Tower,"Nagavara, Bengaluru",4B + G + 21,"11,00,000 Sft",,"11,00,000 Sft",Warm Shell,Occupied
Whitefield,,CapitaLand Investment,Creator,"Whitefield, Bengaluru",,,5F,"10,814 Sft",Warm Shell,Immediate
Whitefield,,CapitaLand Investment,Creator,"Whitefield, Bengaluru",,,5F,"10,814 Sft",Warm Shell,Immediate
Whitefield,,CapitaLand Investment,Explorer,"Whitefield, Bengaluru",,,9F,"19,064 Sft",Warm Shell,Immediate
Whitefield,,CapitaLand Investment,Explorer,"Whitefield, Bengaluru",,,9F,"19,064 Sft",Warm Shell,Immediate
Whitefield,,CapitaLand Investment,Innovator,"Whitefield, Bengaluru",,,8F,"5,791 Sft",Fully Furnished,Immediate
Whitefield,,CapitaLand Investment,Innovator,"Whitefield, Bengaluru",,,11F,"43,766 Sft",Fully Furnished,1/7/2026
Whitefield,,CapitaLand Investment,Innovator,"Whitefield, Bengaluru",,,GF,"1,436 Sft",Warm Shell,Immediate
Whitefield,,CapitaLand Investment,Innovator,"Whitefield, Bengaluru",,,8F,"1,526 Sft",Warm Shell,Immediate
Whitefield,,CapitaLand Investment,Innovator,"Whitefield, Bengaluru",,,11F,"43,766 Sft",Fully Furnished,Immediate
Whitefield,,CapitaLand Investment,Navigator,"Whitefield, Bengaluru",,,GF,"1,752 Sft",Warm Shell,Immediate
Whitefield,,CapitaLand Investment,Navigator,"Whitefield, Bengaluru",,,GF,"1,752 Sft",Warm Shell,Immediate
North-BLR,,CapitaLand Investment,North Tower,"Nagavara, Bengaluru",4B + G + 10,"5,00,000 Sft",,"5,00,000 Sft",Warm Shell,Q1 2027
North-BLR,,CapitaLand Investment,South Tower,"Nagavara, Bengaluru",4B + G + 21,"11,00,000 Sft",,"11,00,000 Sft",Warm Shell,Occupied
Whitefield,,CapitaLand Investment,Victor,"Whitefield, Bengaluru",,,GF,"34,338 Sft",Warm Shell,1/6/2026
Whitefield,,CapitaLand Investment,Victor,"Whitefield, Bengaluru",,,8F,"48,465 Sft",Warm Shell,1/6/2026
Whitefield,,CapitaLand Investment,Victor,"Whitefield, Bengaluru",,,9F,"52,707 Sft",Warm Shell,1/6/2026
Whitefield,,CapitaLand Investment,Victor,"Whitefield, Bengaluru",,,10F,"52,707 Sft",Warm Shell,1/6/2026
Whitefield,,CapitaLand Investment,Victor,"Whitefield, Bengaluru",,,11F,"48,465 Sft",Warm Shell,1/6/2026
Whitefield,,CapitaLand Investment,Victor,"Whitefield, Bengaluru",,,12F,"52,707 Sft",Warm Shell,1/6/2026
Whitefield,,CapitaLand Investment,Victor,"Whitefield, Bengaluru",,,13F,"52,707 Sft",Warm Shell,1/6/2026
Whitefield,,CapitaLand Investment,Victor,"Whitefield, Bengaluru",,,GF,"29,846 Sft",Warm Shell,Immediate
Whitefield,,CapitaLand Investment,Victor,"Whitefield, Bengaluru",,,8F,"48,465 Sft",Warm Shell,Immediate
Whitefield,,CapitaLand Investment,Victor,"Whitefield, Bengaluru",,,9F,"52,707 Sft",Warm Shell,Immediate
Whitefield,,CapitaLand Investment,Victor,"Whitefield, Bengaluru",,,10F,"52,707 Sft",Warm Shell,Immediate
Whitefield,,CapitaLand Investment,Victor,"Whitefield, Bengaluru",,,11F,"48,465 Sft",Warm Shell,Immediate
Whitefield,,CapitaLand Investment,Victor,"Whitefield, Bengaluru",,,12F,"52,707 Sft",Warm Shell,Immediate
Whitefield,,CapitaLand Investment,Victor,"Whitefield, Bengaluru",,,13F,"52,707 Sft",Warm Shell,Immediate
Airport / Devanahalli,,Century Real Estate,Century Downtown - Tower 2,"Hebbal, Airport Road (NH44), Bengaluru",3B + G + 12,"26,00,000 Sft",,"6,90,000 Sft",,2026-06-27
Airport / Devanahalli,,Century Real Estate,Century Immencity - Tower 1,"Jakkur, Airport Road (NH44), Bengaluru",3B + G + 12,"1,00,00,000 Sft",,"10,30,000 Sft",,~3 years
E-City,,Century Real Estate,Century Nexus - Tower 2,"Electronic City, Phase 2, Bengaluru",2B + G + 8,"8,90,000 Sft",,"8,49,000 Sft",,~3 years
E-City,,Century Real Estate,Century Nexus - Tower 2,"Electronic City, Phase 2, Bengaluru",2B + G + 8,"8,90,000 Sft",Balance Floors,"41,000 Sft",-,Occupied
Airport / Devanahalli,,Century Real Estate,Century OneWorld,"Meenakunte, Airport Road, Bengaluru",BTS,,,,,~3 years
Whitefield,,Century Real Estate,Offices at Century Mirai - Tower 2,"Kundalahalli Jn ,Varthur Road, Bengaluru",2B + G + 7,"5,60,000 Sft",,"2,80,000 Sft",,~3 years
Whitefield,,Century Real Estate,Offices at Century Mirai - Tower 2,"Kundalahalli Jn ,Varthur Road, Bengaluru",2B + G + 7,"5,60,000 Sft",Balance Floors,"2,80,000 Sft",-,Occupied
North-BLR,,Century Real Estate,The Cube at Century Artizan,"NITTE Meenakshi College Road, Yelahanka, Bengaluru",2B + G + 7,"1,78,000 Sft",,"1,78,000 Sft",,2026-06-27
West-BLR,,DNR Altitude,DNR Altitude,"Site No 8/1, Survey No 94/1 Tumkur Rd, Yeshwanthpur, Bengaluru",G + 19,"7,60,000 Sft",,,,
ORR,,DivyaSree Developers,DivyaSree 77 Town Centre (Technopolis) - Block B4,"Yemalur, Bangalore, Bengaluru",,,5th,"87,000 Sft",Fully Furnished,"Q4, 2026"
ORR,,DivyaSree Developers,DivyaSree 77 Town Centre (Technopolis) - Block B8,"Yemalur, Bangalore, Bengaluru",,,1st to 7th,"6,55,270 Sft",Warm Shell,Available
North-BLR,,DivyaSree Developers,DivyaSree Avance - Block 3A,"Hennur, Bangalore, Bengaluru",3B + G + 15,,Full Building (3B+G+15),"6,70,000 Sft",Warm Shell,"Q2, 2026"
North-BLR,,DivyaSree Developers,DivyaSree Avance - Block 3B,"Hennur, Bangalore, Bengaluru",3B + G + 15,,Full Building (3B+G+15),"6,44,000 Sft",Warm Shell,BTS
North-BLR,,DivyaSree Developers,DivyaSree Avance - Block T2,"Hennur, Bangalore, Bengaluru",3B + G + 12,,Full Building (3B+G+12),"6,13,000 Sft",Warm Shell,"Q1, 2026"
North-BLR,,DivyaSree Developers,DivyaSree Avance - Block T4,"Hennur, Bangalore, Bengaluru",3B + G + 12,,Full Building (3B+G+12),"4,72,000 Sft",Warm Shell,BTS
CBD,,DivyaSree Developers,DivyaSree Chambers - Wing A,"Langford Gardens, Bangalore, Bengaluru",,,4th,"36,600 Sft",Fully Furnished,"Q3, 2026"
CBD,,DivyaSree Developers,DivyaSree Chambers - Wing A,"Langford Gardens, Bangalore, Bengaluru",,,7th,"13,800 Sft",Fully Furnished,"Q3, 2026"
Whitefield,,DivyaSree Developers,DivyaSree NR Enclave - Block B,"Whitefield, Bangalore, Bengaluru",1B + G + 4,,1st to 4th,"1,60,000 Sft",Warm Shell,Available
Whitefield,,DivyaSree Developers,DivyaSree NR Enclave - Block C,"Whitefield, Bangalore, Bengaluru",3B + G + 9,"7,00,000 Sft",Gr to 9th,"7,00,000 Sft",Warm Shell,Q1 2029
Whitefield,,DivyaSree Developers,DivyaSree Republic of Whitefield (Technopark) - Block A1,"Whitefield, Bengaluru",,,3rd to 8th,"4,67,000 Sft",Warm Shell,Available
Whitefield,,DivyaSree Developers,DivyaSree Republic of Whitefield (Technopark) - Block A2,"Whitefield, Bengaluru",,,1st to 6th,"2,00,000 Sft",Fully Furnished,Available
Whitefield,,DivyaSree Developers,DivyaSree Republic of Whitefield (Technopark) - Block A3,"Whitefield, Bengaluru",,,"4, Part 5th and 6th","1,20,000 Sft",Warm Shell,Available
Whitefield,,DivyaSree Developers,DivyaSree Republic of Whitefield (Technopark) - Block A4,"Whitefield, Bengaluru",,,9th & 10th,"1,00,000 Sft",Warm Shell,Available
Whitefield,,DivyaSree Developers,DivyaSree Republic of Whitefield (Technopark) - Block A8,"Whitefield, Bengaluru",,,Gr to 9th,"3,70,000 Sft",Warm Shell,BTS
Whitefield,,DivyaSree Developers,DivyaSree Republic of Whitefield (Technopark) - Block A9,"Whitefield, Bengaluru",,,Gr to 9th,"4,60,000 Sft",Warm Shell,BTS
Whitefield,,DivyaSree Developers,DivyaSree Republic of Whitefield (Technopark) - Block C1,"Whitefield, Bengaluru",,,"Part Gr, 1st, 3rd to 11th","5,50,000 Sft",Warm Shell,Available
Whitefield,,DivyaSree Developers,DivyaSree Republic of Whitefield (Technopark) - Block C3,"Whitefield, Bengaluru",,,Gr to 9th,"4,70,000 Sft",Warm Shell,BTS
Bannerghatta Road,,DivyaSree Developers,DivyaSree Towers,"Bannerghatta, Bangalore, Bengaluru",,,5th,"18,400 Sft",Bare Shell,Q2 2026
CBD,,Embassy Group,"34, Cunningham Road","Cunningham Road, Bengaluru",G + 3,,G + 3,"21,110 Sft",Warm Shell,Immediate
North-BLR,,Embassy Group,Aspen (G4),"Hebbal Outer Ring Road, Bengaluru",,,"6,7,8","1,38,701 Sft",Warm Shell,Immediate
North-BLR,,Embassy Group,Aspen (G4),"Hebbal Outer Ring Road, Bengaluru",,,1F,"39,653 Sft",Warm Shell,Immediate
ORR,,Embassy Group,Aster (2A),"Marathahalli, Outer Ring Road, Bengaluru",,,4F,"31,502 Sft",Warm Shell,Immediate
ORR,,Embassy Group,Aster (2A),"Marathahalli, Outer Ring Road, Bengaluru",,,6F,"16,372 Sft",Warm Shell,Immediate
ORR,,Embassy Group,Aster (2A),"Marathahalli, Outer Ring Road, Bengaluru",,,1F,"18,643 Sft",Warm Shell,Immediate
ORR,,Embassy Group,Aster (2A),"Marathahalli, Outer Ring Road, Bengaluru",,,GF,"29,775 Sft",Warm Shell,Immediate
ORR,,Embassy Group,Aster (2A),"Marathahalli, Outer Ring Road, Bengaluru",,,7F,"17,800 Sft",Warm Shell,Immediate
North-BLR,,Embassy Group,Banyan (L1),"Hebbal Outer Ring Road, Bengaluru",,,6F,"47,873 Sft",As is Where is,Immediate
North-BLR,,Embassy Group,Banyan (L1),"Hebbal Outer Ring Road, Bengaluru",,,7F,"47,873 Sft",As is Where is,Immediate
North-BLR,,Embassy Group,Cypress (D4),"Hebbal Outer Ring Road, Bengaluru",,,"Part 1, Part 2, 4,6","1,54,808 Sft",As is Where is,Immediate
North-BLR,,Embassy Group,D1/D2,"Hebbal Outer Ring Road, Bengaluru",,,9F,"74,000 Sft",Warm Shell,Immediate
North-BLR,,Embassy Group,ELM (C4),"Hebbal Outer Ring Road, Bengaluru",,,1F,"31,237 Sft",As is Where is,Immediate
North-BLR,,Embassy Group,Ebony (G2),"Hebbal Outer Ring Road, Bengaluru",,,"GF,1,2,7,8","2,30,386 Sft",Warm Shell,Oct 2026
North-BLR,,Embassy Group,Elm (C4) - Wing A,"Hebbal Outer Ring Road, Bengaluru",,,4F,"29,597 Sft",Warm Shell,Immediate
North-BLR,,Embassy Group,Elm (C4) - Wing A,"Hebbal Outer Ring Road, Bengaluru",,,3F,"33,140 Sft",Warm Shell,Immediate
North-BLR,,Embassy Group,Elm (C4) - Wing B,"Hebbal Outer Ring Road, Bengaluru",,,2F,"43,809 Sft",Warm Shell,Immediate
North-BLR,,Embassy Group,Elm (C4) - Wing B,"Hebbal Outer Ring Road, Bengaluru",,,6F,"44,711 Sft",Warm Shell,Immediate
Indiranagar,,Embassy Group,Embassy 360,"Indiranagar, Bengaluru",B + G + 9UF,,3rd to 9th,"9,56,000 Sft",Warm Shell,Q1 2030
CBD,,Embassy Group,Embassy Cunningham,"Cunningham Road, Bengaluru",G + 2 + T,,G+ 2 floors+ T,"11,300 Sft",Warm Shell,Immediate
Whitefield,,Embassy Group,Embassy East Business Park - Tower 1 Wing A,"Whitefield Main Road, Bengaluru",2B + G + 16UF,,2B + G + 16UF,"7,18,000 Sft",Warm Shell,Q1 2029
Whitefield,,Embassy Group,Embassy East Business Park - Tower 1 Wing B,"Whitefield Main Road, Bengaluru",2B + G + 16UF,,2B + G + 16UF,"7,23,000 Sft",Warm Shell,Q1 2029
Whitefield,,Embassy Group,Embassy East Business Park - Tower 2 Wing A,"Whitefield Main Road, Bengaluru",2B + G + 16UF,,2B + G + 16UF,"7,21,000 Sft",Warm Shell,Q1 2029
Whitefield,,Embassy Group,Embassy East Business Park - Tower 2 Wing B,"Whitefield Main Road, Bengaluru",2B + G + 16UF,,2B + G + 16UF,"7,49,000 Sft",Warm Shell,Q1 2029
Indiranagar,,Embassy Group,Embassy Golflinks & Embassy Prime - Pebble Beach,"Golflinks, Bengaluru",,,GF,"3,605 Sft",Warm Shell,Immediate
North-BLR,,Embassy Group,Embassy Manyata Business Park - N1 Block,"Hebbal Outer Ring Road, Bengaluru",,,11F,"39,509 Sft",Warm Shell,Immediate
Whitefield,,Embassy Group,Embassy Paragon,"Brookfield – Graphite India Main Road, Bengaluru",,,2F,"56,362 Sft",Warm Shell,Immediate
Whitefield,,Embassy Group,Embassy Paragon,"Brookfield – Graphite India Main Road, Bengaluru",,,3F,"52,132 Sft",Warm Shell,Immediate
Whitefield,,Embassy Group,Embassy Paragon,"Brookfield – Graphite India Main Road, Bengaluru",,,4F,"55,356 Sft",Warm Shell,Immediate
Whitefield,,Embassy Group,Embassy Paragon,"Brookfield – Graphite India Main Road, Bengaluru",,,5F,"53,674 Sft",Warm Shell,Immediate
ORR,,Embassy Group,Embassy Parcel 6,"Marathahalli, Outer Ring Road, Bengaluru",,,G + 10,"4,33,000 Sft",Warm Shell,H2 2027
ORR,,Embassy Group,Embassy Parcel 8 (Block C),"Marathahalli, Outer Ring Road, Bengaluru",,,5F,"42,036 Sft",Warm Shell,Immediate
ORR,,Embassy Group,Embassy Parcel 8 (Block C),"Marathahalli, Outer Ring Road, Bengaluru",,,Part 9,"21,239 Sft",Warm Shell,Immediate
CBD,,Embassy Group,Embassy Point,"Infantry Road, Bengaluru",,,3rd,"11,264 Sft",Bare Shell,Immediate
CBD,,Embassy Group,Embassy Point,"Infantry Road, Bengaluru",,,4th (T),"10,372 Sft",Bare Shell,Immediate
ORR,,Embassy Group,Embassy Signet,"Outer Ring Road, Kadubeesanahalli, Bengaluru",,,GF,"17,831 Sft",Fully Furnished,Immediate
ORR,,Embassy Group,Embassy Signet,"Outer Ring Road, Kadubeesanahalli, Bengaluru",,,5F,"22,221 Sft",Fully Furnished,Immediate
ORR,,Embassy Group,Embassy Tech Square,"Outer Ring Road, Bengaluru",,,4F,"42,590 Sft",Bare Shell,Immediate
ORR,,Embassy Group,Embassy Tech Square,"Outer Ring Road, Bengaluru",,,3F,"42,770 Sft",Bare Shell,Immediate
North-BLR,,Embassy Group,Eucalyptus (H1),"Hebbal Outer Ring Road, Bengaluru",,,GF to 7,"5,30,000 Sft",Warm Shell,Q3 2026
ORR,,Embassy Group,Hibiscus (2B) - T1,"Marathahalli, Outer Ring Road, Bengaluru",,,GF,"30,096 Sft",Warm Shell,Immediate
ORR,,Embassy Group,Hibiscus (2B) - T1,"Marathahalli, Outer Ring Road, Bengaluru",,,4F,"30,373 Sft",Warm Shell,Immediate
ORR,,Embassy Group,Hibiscus (2B) - T2,"Marathahalli, Outer Ring Road, Bengaluru",,,7F,"29,467 Sft",Warm Shell,Immediate
ORR,,Embassy Group,Hibiscus (2B) - T3,"Marathahalli, Outer Ring Road, Bengaluru",,,7F,"15,030 Sft",Warm Shell,Immediate
ORR,,Embassy Group,Hibiscus (2B) - T3,"Marathahalli, Outer Ring Road, Bengaluru",,,GF,"29,342 Sft",Warm Shell,Immediate
ORR,,Embassy Group,Hibiscus (2B) - T3,"Marathahalli, Outer Ring Road, Bengaluru",,,1F,"29,354 Sft",Warm Shell,Immediate
ORR,,Embassy Group,Iris (3A) - Wing A,"Marathahalli, Outer Ring Road, Bengaluru",,,1F,"27,711 Sft",Warm Shell,Immediate
ORR,,Embassy Group,Iris (3A) - Wing B,"Marathahalli, Outer Ring Road, Bengaluru",,,GF,"22,764 Sft",Warm Shell,Immediate
ORR,,Embassy Group,Magnolia (4B),"Marathahalli, Outer Ring Road, Bengaluru",,"12,00,000 Sft",GF + 10,"12,00,000 Sft",Warm Shell,24 + 6 months
ORR,,Embassy Group,Mimosa (4A),"Marathahalli, Outer Ring Road, Bengaluru",,"10,00,000 Sft",GF + 10,"10,00,000 Sft",Warm Shell,24 + 6 months
North-BLR,,Embassy Group,Mountain Ash (H2-A),"Hebbal Outer Ring Road, Bengaluru",,,GF,"15,807 Sft",As is Where is,Jul 2026
North-BLR,,Embassy Group,Mulberry (G1),"Hebbal Outer Ring Road, Bengaluru",,,"4,5,6","1,51,922 Sft",Warm Shell,Immediate
ORR,,Embassy Group,Onyx,"Marathahalli, Outer Ring Road, Bengaluru",,,9F,"2,450 Sft",Warm Shell,Immediate
North-BLR,,Embassy Group,Phase II - Tower I,"RT Nagar, Venkatala Village, Bengaluru",,,GF to 15,"5,41,434 Sft",Warm Shell,H2 2028
North-BLR,,Embassy Group,Phase II - Tower II,"RT Nagar, Venkatala Village, Bengaluru",,,GF to 15,"4,35,850 Sft",Warm Shell,H2 2028
North-BLR,,Embassy Group,Phase II - Tower III,"RT Nagar, Venkatala Village, Bengaluru",,,GF to 9,"3,00,000 Sft",Warm Shell,H2 2028
Indiranagar,,Embassy Group,Proposed Office Block - Embassy GolfLinks,"Embassy GolfLinks Business Park, Bengaluru",,,Portion of 2nd floor,"27,332 Sft",Warm Shell,Immediate
North-BLR,,Embassy Group,Silver Fir (L6),"Hebbal Outer Ring Road, Bengaluru",,,8F,"30,511 Sft",As is where is,Aug 2026
North-BLR,,Embassy Group,Silver Fir (L6),"Hebbal Outer Ring Road, Bengaluru",,,9F,"30,511 Sft",As is where is,Aug 2026
North-BLR,,Embassy Group,Silver Fir (L6),"Hebbal Outer Ring Road, Bengaluru",,,10F,"22,326 Sft",As is where is,Oct 2026
North-BLR,,Embassy Group,Teak (G3),"Hebbal Outer Ring Road, Bengaluru",,,7F,"33,498 Sft",Warm Shell,Immediate
North-BLR,,Embassy Group,Teak (G3),"Hebbal Outer Ring Road, Bengaluru",,,6F,"33,498 Sft",Warm Shell,Immediate
North-BLR,,Embassy Group,Teak (G3),"Hebbal Outer Ring Road, Bengaluru",,,5F,"33,498 Sft",Warm Shell,Immediate
North-BLR,,Embassy Group,Teak (G3),"Hebbal Outer Ring Road, Bengaluru",,,4F,"33,498 Sft",Warm Shell,Immediate
North-BLR,,Embassy Group,Teak (G3),"Hebbal Outer Ring Road, Bengaluru",,,1F,"25,931 Sft",Warm Shell,Immediate
North-BLR,,Embassy Group,Teak (G3),"Hebbal Outer Ring Road, Bengaluru",,,GF,"20,813 Sft",Warm Shell,Immediate
ORR,,Embassy Group,Umiya Business Bay,"Outer Ring Road, Bengaluru",,,5F,"27,525 Sft",Warm Shell,Immediate
CBD,,Embassy Group,Victoria Embassy,"Commissionerate / Residency Road, Bengaluru",,,4th,"16,184 Sft",Warm Shell,Immediate
ORR,,Featherlite Developers,Featherlite Signature,"Marathahalli Outer Ring Road, Bengaluru",G + 10,,G+10,"4,02,868 Sft",Warm Shell,Q1 2028
ORR,,Featherlite Developers,Featherlite – The Address,"Marathahalli Outer Ring Road, Bengaluru",,,GF,"3,870 Sft",Warm Shell,Immediate
ORR,,Featherlite Developers,Featherlite – The Address,"Marathahalli Outer Ring Road, Bengaluru",,,Mez,"3,453 Sft",Warm Shell,Immediate
CBD,,Featherlite Developers,Featherlite – Vista,"Millers Road, Bengaluru",,,1st,"5,319 Sft",,Jul 2026
ORR,,Featherlite Developers,Prestige Featherlite Tech Hub,"Kadubeesanahalli, Bengaluru",,,6th,"44,822 Sft",Warm Shell,Immediate
ORR,,Featherlite Developers,Prestige Featherlite Tech Hub,"Kadubeesanahalli, Bengaluru",,,7th,"44,822 Sft",Warm Shell,Immediate
ORR,,Featherlite Developers,Prestige Featherlite Tech Hub,"Kadubeesanahalli, Bengaluru",,,8th,"46,675 Sft",Warm Shell,Immediate
ORR,,Featherlite Developers,Prestige Featherlite Tech Hub,"Kadubeesanahalli, Bengaluru",,,9th,"44,905 Sft",Warm Shell,Immediate
Whitefield,,Featherlite Developers,Prestige Featherlite Tech Park,"Seetharampalya, Hoodi, Whitefield, Bengaluru",,,GF,"6,970 Sft",Warm Shell,Immediate
Indiranagar,,Godrej Properties,Godrej Indiranagar,"Indiranagar, Bengaluru",3B + G + 10 Office Floors,"10,55,000 Sft",GF,"12,985 Sft",,Immediate
Indiranagar,,Godrej Properties,Godrej Indiranagar,"Indiranagar, Bengaluru",3B + G + 10 Office Floors,"10,55,000 Sft",3F,"18,000 Sft",,Immediate
Indiranagar,,Godrej Properties,Godrej Indiranagar,"Indiranagar, Bengaluru",3B + G + 10 Office Floors,"10,55,000 Sft",6F,"49,000 Sft",,Immediate
Indiranagar,,Godrej Properties,Godrej Indiranagar,"Indiranagar, Bengaluru",3B + G + 10 Office Floors,"10,55,000 Sft",6F,"32,600 Sft",,Immediate
Indiranagar,,Godrej Properties,Godrej Indiranagar,"Indiranagar, Bengaluru",3B + G + 10 Office Floors,"10,55,000 Sft",Balance Floors,"9,42,415 Sft",-,Occupied
Others,,Gopalan Enterprises,Gopalan E Park - Block C,"Koorgalli Industrial Area, Mysore","2 Basement, Ground + 10 Floors",,Ground to 10 floors,,Warm Shell,Immediate
E-City,,Gopalan Enterprises,Gopalan Fortune City - Block 4,"Outer Ring Road, Bengaluru","3 Basement, Ground + 11 Floors","75,00,000 Sft",Ground to 11 floors,,Warm Shell,Aug 2027
E-City,,Gopalan Enterprises,Gopalan Fortune City - Platinum Block,"Outer Ring Road, Bengaluru","3 Basement, Ground + 11 Floors","75,00,000 Sft",GF,"87,017 Sft",Warm Shell,Immediate
E-City,,Gopalan Enterprises,Gopalan Fortune City - Platinum Block,"Outer Ring Road, Bengaluru","3 Basement, Ground + 11 Floors","75,00,000 Sft",First floor,"90,038 Sft",Warm Shell,Immediate
E-City,,Gopalan Enterprises,Gopalan Fortune City - Platinum Block,"Outer Ring Road, Bengaluru","3 Basement, Ground + 11 Floors","75,00,000 Sft",Second floor,"91,990 Sft",Warm Shell,Immediate
E-City,,Gopalan Enterprises,Gopalan Fortune City - Platinum Block,"Outer Ring Road, Bengaluru","3 Basement, Ground + 11 Floors","75,00,000 Sft",Eighth floor,"93,403 Sft",Warm Shell,Immediate
Whitefield,,Gopalan Enterprises,Gopalan Global Axis - Block A (SEZ),"Whitefield, Bengaluru",,,,"67,000 Sft",Fully Furnished,Immediate
Whitefield,,Gopalan Enterprises,Gopalan Global Axis - Block E (NON-SEZ),"Whitefield, Bengaluru",,,,"2,78,000 Sft",Fully Furnished,Immediate
Whitefield,,Gopalan Enterprises,Gopalan Global Axis - Block F (NON-SEZ),"Whitefield, Bengaluru",,,,"2,90,000 Sft",Fully Furnished,Immediate
Whitefield,,Gopalan Enterprises,Gopalan Global Axis - Block G (NON-SEZ),"Whitefield, Bengaluru",,,,"1,11,000 Sft",Fully Furnished,Immediate
Bannerghatta Road,,Gopalan Enterprises,Gopalan Innovation,"Bannerghatta Road, Bengaluru",,,3F,,Fully Furnished,Immediate
Bannerghatta Road,,Gopalan Enterprises,Gopalan Innovation,"Bannerghatta Road, Bengaluru",,,2F,,Fully Furnished,August
Others,,Gopalan Enterprises,Gopalan Legacy,"Sirsi circle, Mysore Rd, Bengaluru",,,2F,"5,000 Sft",Warm Shell,45-60 days
Whitefield,,Gopalan Enterprises,Gopalan Millennium Tower,"Whitefield, Bengaluru",,,GF,,Fully Furnished,Immediate
Whitefield,,Gopalan Enterprises,Gopalan Millennium Tower,"Whitefield, Bengaluru",,,First floor,,Fully Furnished,Immediate
Whitefield,,Gopalan Enterprises,Gopalan Millennium Tower,"Whitefield, Bengaluru",,,Second floor,,Fully Furnished,Immediate
Whitefield,,Gopalan Enterprises,Gopalan Millennium Tower,"Whitefield, Bengaluru",,,Fourth floor,"26,050 Sft",Warm Shell,45- 60 days
South-BLR,,Gopalan Enterprises,Gopalan Promenade,"Banashankari, Bengaluru",,,3F,"10,000 Sft",Fully Furnished,Immediate
South-BLR,,Gopalan Enterprises,Gopalan Promenade,"Banashankari, Bengaluru",,,2F,"26,000 Sft",Warm Shell,45-60 Days
Old Madras Road,,Gopalan Enterprises,Gopalan Signature,"Old Madras Road, Bengaluru",,,2F,,Fully Furnished,Immediate
Old Madras Road,,Gopalan Enterprises,Gopalan Signature,"Old Madras Road, Bengaluru",,,2F,,Fully Furnished,Immediate
Old Madras Road,,Gopalan Enterprises,Gopalan Signature,"Old Madras Road, Bengaluru",,,2F,,Fully Furnished,Immediate
Old Madras Road,,Gopalan Enterprises,Gopalan Signature,"Old Madras Road, Bengaluru",,,3F,"15,000 Sft",Warm Shell,45-60 Days
CBD,,HM Group,HM @The Royal Barter,"Off - Residency Road, Bengaluru",,,GF,"1,649 Sft",Warm Shell,Immediate
Others,,HM Group,HM Astrid,"JC Road, Minerva Circle, Bengaluru",,,,"4,000 Sft",Bare Shell,Immediate
Others,,HM Group,HM Astrid,"JC Road, Minerva Circle, Bengaluru",,,,"4,000 Sft",Bare Shell,Immediate
CBD,,HM Group,HM Eleganza,"Museum Road, Bengaluru",,,,"10,132 Sft",Bare Shell,Immediate
Sarjapur Road,,HM Group,HM Elite,"Hosa Road, Sarjapur Main Road, Bengaluru",,,,"4,790 Sft",Bare Shell,Immediate
Sarjapur Road,,HM Group,HM Elite,"Hosa Road, Sarjapur Main Road, Bengaluru",,,,"4,697 Sft",Bare Shell,Immediate
CBD,,HM Group,HM Geneva House,"Cunningham Road, Bengaluru",,,,"1,750 Sft",Fully Furnished,Immediate
Indiranagar,,HM Group,HM Rochester,"Indiranagar, CMH Road, Bengaluru",,,,"3,000 Sft",Fully Furnished,Immediate
Indiranagar,,HM Group,HM Rochester,"Indiranagar, CMH Road, Bengaluru",,,,"3,100 Sft",Fully Furnished,Immediate
Others,,HM Group,HM Towers,"Brigade Main Road, Bengaluru",,,,"11,990 Sft",Fully Furnished,Immediate
Others,,HM Group,HM Towers,"Brigade Main Road, Bengaluru",,,,"6,100 Sft",Fully Furnished,Immediate
Others,,HM Group,HM Towers,"Brigade Main Road, Bengaluru",,,,"1,322 Sft",Fully Furnished,Immediate
Koramangala,,HM Group,HM Vibha Towers,"Koramangala Main Road, Bengaluru",,,,"13,424 Sft",Fully Furnished,Immediate
Koramangala,,HM Group,HM Vibha Towers,"Koramangala Main Road, Bengaluru",,,,"7,000 Sft",Bare Shell,Immediate
CBD,,HM Group,HM unit @West Minster,"Cunningham Road, Bengaluru",,,Mezzanine,"1,849 Sft",Bare Shell,Immediate
Koramangala,,Indraprastha Shelters,Indraprastha Equinox,"Koramangala on the 100ft intermediate Ring Road, Bengaluru",,,1F,"15,000 Sft",Fully Furnished,Immediate
Others,,Indraprastha Shelters,Indraprastha Equinox,Bengaluru,,,3F,"15,000 Sft",Fully Furnished,Immediate
Koramangala,,Indraprastha Shelters,Indraprastha Equinox,"Koramangala on the 100ft intermediate Ring Road, Bengaluru",,,2F,"6,000 Sft",Fully Furnished,Immediate
Koramangala,,Indraprastha Shelters,Indraprastha Equinox,"Koramangala on the 100ft intermediate Ring Road, Bengaluru",,,2F,"9,000 Sft",Fully Furnished,Immediate
Koramangala,,K Raheja Corp,CIGNUS Koramangala,"Koramangala, Bengaluru",2B + G + 9 Floors,"1,65,000 Sft",,"1,65,000 Sft",,Q2 2027
Whitefield,,K Raheja Corp,CIGNUS Tower 1,"Whitefield, Bengaluru",,,11F,,,Occupied
Whitefield,,K Raheja Corp,CIGNUS Tower 1,"Whitefield, Bengaluru",,,10F,,,Occupied
Whitefield,,K Raheja Corp,CIGNUS Tower 1,"Whitefield, Bengaluru",,,9F,,,Occupied
Whitefield,,K Raheja Corp,CIGNUS Tower 1,"Whitefield, Bengaluru",,,8F,,,Occupied
Whitefield,,K Raheja Corp,CIGNUS Tower 1,"Whitefield, Bengaluru",,,7F,,,Occupied
Whitefield,,K Raheja Corp,CIGNUS Tower 1,"Whitefield, Bengaluru",,,6F,,,Occupied
Whitefield,,K Raheja Corp,CIGNUS Tower 1,"Whitefield, Bengaluru",,,5F,,,Occupied
Whitefield,,K Raheja Corp,CIGNUS Tower 1,"Whitefield, Bengaluru",,,4F,,,Occupied
Whitefield,,K Raheja Corp,CIGNUS Tower 1,"Whitefield, Bengaluru",,,3F,,,Occupied
Whitefield,,K Raheja Corp,CIGNUS Tower 1,"Whitefield, Bengaluru",,,2F,,,Occupied
Whitefield,,K Raheja Corp,CIGNUS Tower 1,"Whitefield, Bengaluru",,,1F,,,Occupied
Whitefield,,K Raheja Corp,CIGNUS Tower 1,"Whitefield, Bengaluru",,,GF,,,Occupied
Whitefield,,K Raheja Corp,CIGNUS Tower 2,"Whitefield, Bengaluru",,,1F,"59,970 Sft",,Immediate
Whitefield,,K Raheja Corp,CIGNUS Tower 2,"Whitefield, Bengaluru",,,UGF,"52,500 Sft",,Immediate
Whitefield,,K Raheja Corp,CIGNUS Tower 2,"Whitefield, Bengaluru",,,LG,,,Occupied
Koramangala,,K Raheja Corp,Cignus Koramangala,"Raheja Vivarea Complex, Koramangala Block 3, Bengaluru",2 Basements + Ground + 9 Floors,"1,65,000 Sft",Building (2 Basements + Ground + 9 Floors),"1,65,000 Sft",Warm Shell,Q2 2027
Whitefield,,K Raheja Corp,Cignus Tower 1,"75, EPIP Zone, Whitefield, Bengaluru",2B + Stilt + 12,"6,60,000 Sft",11F,,Warm Shell,Occupied
Whitefield,,K Raheja Corp,Cignus Tower 1,"75, EPIP Zone, Whitefield, Bengaluru",2B + Stilt + 12,"6,60,000 Sft",10F,,Warm Shell,Occupied
Whitefield,,K Raheja Corp,Cignus Tower 1,"75, EPIP Zone, Whitefield, Bengaluru",2B + Stilt + 12,"6,60,000 Sft",9F,,Warm Shell,Occupied
Whitefield,,K Raheja Corp,Cignus Tower 1,"75, EPIP Zone, Whitefield, Bengaluru",2B + Stilt + 12,"6,60,000 Sft",8F,,Warm Shell,Occupied
Whitefield,,K Raheja Corp,Cignus Tower 1,"75, EPIP Zone, Whitefield, Bengaluru",2B + Stilt + 12,"6,60,000 Sft",7F,,Warm Shell,Occupied
Whitefield,,K Raheja Corp,Cignus Tower 1,"75, EPIP Zone, Whitefield, Bengaluru",2B + Stilt + 12,"6,60,000 Sft",6F,,Warm Shell,Occupied
Whitefield,,K Raheja Corp,Cignus Tower 1,"75, EPIP Zone, Whitefield, Bengaluru",2B + Stilt + 12,"6,60,000 Sft",5F,,Warm Shell,Occupied
Whitefield,,K Raheja Corp,Cignus Tower 1,"75, EPIP Zone, Whitefield, Bengaluru",2B + Stilt + 12,"6,60,000 Sft",4F,,Warm Shell,Occupied
Whitefield,,K Raheja Corp,Cignus Tower 1,"75, EPIP Zone, Whitefield, Bengaluru",2B + Stilt + 12,"6,60,000 Sft",3F,,Warm Shell,Occupied
Whitefield,,K Raheja Corp,Cignus Tower 1,"75, EPIP Zone, Whitefield, Bengaluru",2B + Stilt + 12,"6,60,000 Sft",2F,,Warm Shell,Occupied
Whitefield,,K Raheja Corp,Cignus Tower 1,"75, EPIP Zone, Whitefield, Bengaluru",2B + Stilt + 12,"6,60,000 Sft",1F,,Warm Shell,Occupied
Whitefield,,K Raheja Corp,Cignus Tower 1,"75, EPIP Zone, Whitefield, Bengaluru",2B + Stilt + 12,"6,60,000 Sft",GF,,Warm Shell,Occupied
Whitefield,,K Raheja Corp,Cignus Tower 2,"75, EPIP Zone, Whitefield, Bengaluru",1B + G + 2,"3,23,000 Sft",1F,"59,970 Sft",Warm Shell,Immediate
Whitefield,,K Raheja Corp,Cignus Tower 2,"75, EPIP Zone, Whitefield, Bengaluru",1B + G + 2,"3,23,000 Sft",UGF,"52,500 Sft",Warm Shell,Immediate
Whitefield,,K Raheja Corp,Cignus Tower 2,"75, EPIP Zone, Whitefield, Bengaluru",1B + G + 2,"3,23,000 Sft",LG,,Warm Shell,Occupied
Whitefield,,K Raheja Corp,Cignus Tower 2,"75, EPIP Zone, Whitefield, Bengaluru",1B + G + 2,"3,23,000 Sft",Balance Floors,"2,10,530 Sft",-,Occupied
Airport / Devanahalli,,Kalyani Developers,DMM - North Bangalore,"North Bangalore - KIADB Aerospace Park, Bengaluru",B + GF to 2nd Floor,,1B+G+2 Upper Floors,"1,25,511 Sft",Warm Shell,Immediate
Whitefield,,Kalyani Developers,Ebony Block,"Whitefield, Bengaluru",2 Basement + G + 5 Upper Floors,,Part of 2nd Floor & 5th Floor,"91,545 Sft",Fully Furnished,Immediate
ORR,,Kalyani Developers,Helios Business Park Wing D,"Outer Ring Road, Bengaluru",4 Basements + G + 11 upper floors,,"1st, 10th and 11th Floor","2,04,836 Sft",Warm Shell,Immediate
ORR,,Kalyani Developers,Kalyani Tech Park - ORR 2 & ORR3,"Outer Ring Road, Bengaluru",4 Basements + G + 12 upper floors ( Block 1 & Block 2 ),,Block 1 & Block 2,"12,00,000 Sft",Warm Shell,Aug 2026
Bannerghatta Road,,Kalyani Developers,Kalyani Trident Bangalore,"Bannerghatta Road, Bengaluru",3 Basements + Ground + 7 upper floors,,Second to Seventh Floors,"1,10,000 Sft",Warm Shell,Immediate
Whitefield,,Kalyani Developers,Maple Block,"Whitefield, Bengaluru",Basement + G + 3 Upper Floors,,Ground & 1st to 3rd floor,"1,48,020 Sft",Warm Shell,Immediate
South-BLR,,Kalyani Developers,Vista-2,"JP Nagar, Bengaluru",3 Basement + 13 Upper floors,,"11, 12 and 13 Floors","1,77,000 Sft",Fully Furnished,2026-06-01
CBD,,Nitesh Estates,Nitesh Broadway,"MG Road, Bengaluru",,,3F,"7,500 Sft",Warm Shell,Immediate
CBD,,Nitesh Estates,Nitesh Lexington Avenue,"Brigade Road, Bengaluru",,,1F,"5,819 Sft",Fully Furnished,Immediate
CBD,,Nitesh Estates,Nitesh TimesSquare,"MG Road, Bengaluru",,,GF,"6,000 Sft",Warm Shell,Immediate
Whitefield,,Park Square,Park Square,Bengaluru,,,2F,"7,900 Sft",Fully Furnished,Immediate
Others,,Phoenix Mills,Phoenix Asia Towers - Suite Offices,Bengaluru,,,Suite Office 2 - T2,"11,116 Sft",,Immediate
Others,,Phoenix Mills,Phoenix Asia Towers - Tower 1,Bengaluru,,,4F,"73,739 Sft",,Immediate
Others,,Phoenix Mills,Phoenix Asia Towers - Tower 1,Bengaluru,,,5F,"1,06,742 Sft",,Immediate
Others,,Phoenix Mills,Phoenix Asia Towers - Tower 1,Bengaluru,,,6F,"94,515 Sft",,Immediate
Others,,Phoenix Mills,Phoenix Asia Towers - Tower 1,Bengaluru,,,7F,"71,147 Sft",,Immediate
Others,,Phoenix Mills,Phoenix Asia Towers - Tower 1,Bengaluru,,,8F,"28,246 Sft",,Immediate
Others,,Phoenix Mills,Phoenix Asia Towers - Tower 2,Bengaluru,,,6th Floor - Unit 601,"16,810 Sft",,Immediate
North-BLR,,Prestige Group,Building 1 - Cirrus,"Bellary Road, Bengaluru",2B + G + 8,"4,20,342 Sft",GF,"40,906 Sft",Warm Shell,Occupied
North-BLR,,Prestige Group,Building 1 - Cirrus,"Bellary Road, Bengaluru",2B + G + 8,"4,20,342 Sft",1F,"21,968 Sft",Warm Shell,Occupied
North-BLR,,Prestige Group,Building 1 - Cirrus,"Bellary Road, Bengaluru",2B + G + 8,"4,20,342 Sft",2F,"48,834 Sft",Warm Shell,Occupied
North-BLR,,Prestige Group,Building 1 - Cirrus,"Bellary Road, Bengaluru",2B + G + 8,"4,20,342 Sft",3F,"48,354 Sft",Warm Shell,Occupied
North-BLR,,Prestige Group,Building 1 - Cirrus,"Bellary Road, Bengaluru",2B + G + 8,"4,20,342 Sft",4F,"48,354 Sft",Warm Shell,Occupied
North-BLR,,Prestige Group,Building 1 - Cirrus,"Bellary Road, Bengaluru",2B + G + 8,"4,20,342 Sft",5F,"48,354 Sft",Warm Shell,Occupied
North-BLR,,Prestige Group,Building 1 - Cirrus,"Bellary Road, Bengaluru",2B + G + 8,"4,20,342 Sft",6F,"44,800 Sft",Warm Shell,Occupied
North-BLR,,Prestige Group,Building 1 - Cirrus,"Bellary Road, Bengaluru",2B + G + 8,"4,20,342 Sft",7F,"48,354 Sft",Warm Shell,Occupied
North-BLR,,Prestige Group,Building 1 - Cirrus,"Bellary Road, Bengaluru",2B + G + 8,"4,20,342 Sft",8F,"48,354 Sft",Warm Shell,Occupied
North-BLR,,Prestige Group,Building 1 - Cirrus,"Bellary Road, Bengaluru",2B + G + 8,"4,20,342 Sft",Balance Floors,"22,064 Sft",-,Occupied
North-BLR,,Prestige Group,Building 2 - Cumulus,"Bellary Road, Bengaluru",2B + G + 8,"4,19,683 Sft",GF,"40,842 Sft",Warm Shell,Occupied
North-BLR,,Prestige Group,Building 2 - Cumulus,"Bellary Road, Bengaluru",2B + G + 8,"4,19,683 Sft",1F,"21,995 Sft",Warm Shell,Occupied
North-BLR,,Prestige Group,Building 2 - Cumulus,"Bellary Road, Bengaluru",2B + G + 8,"4,19,683 Sft",2F,"48,758 Sft",Warm Shell,Occupied
North-BLR,,Prestige Group,Building 2 - Cumulus,"Bellary Road, Bengaluru",2B + G + 8,"4,19,683 Sft",3F,"48,278 Sft",Warm Shell,Occupied
North-BLR,,Prestige Group,Building 2 - Cumulus,"Bellary Road, Bengaluru",2B + G + 8,"4,19,683 Sft",4F,"48,278 Sft",Warm Shell,Occupied
North-BLR,,Prestige Group,Building 2 - Cumulus,"Bellary Road, Bengaluru",2B + G + 8,"4,19,683 Sft",5F,"48,278 Sft",Warm Shell,Occupied
North-BLR,,Prestige Group,Building 2 - Cumulus,"Bellary Road, Bengaluru",2B + G + 8,"4,19,683 Sft",6F,"44,730 Sft",Warm Shell,Occupied
North-BLR,,Prestige Group,Building 2 - Cumulus,"Bellary Road, Bengaluru",2B + G + 8,"4,19,683 Sft",7F,"48,278 Sft",Warm Shell,Occupied
North-BLR,,Prestige Group,Building 2 - Cumulus,"Bellary Road, Bengaluru",2B + G + 8,"4,19,683 Sft",8F,"48,278 Sft",Warm Shell,Occupied
North-BLR,,Prestige Group,Building 2 - Cumulus,"Bellary Road, Bengaluru",2B + G + 8,"4,19,683 Sft",Balance Floors,"21,968 Sft",-,Occupied
North-BLR,,Prestige Group,Building 3 - Altus,"Bellary Road, Bengaluru",2B + G + 9,"4,19,727 Sft",GF,"35,652 Sft",Warm Shell,Immediate
North-BLR,,Prestige Group,Building 3 - Altus,"Bellary Road, Bengaluru",2B + G + 9,"4,19,727 Sft",1F,"43,963 Sft",Warm Shell,Immediate
North-BLR,,Prestige Group,Building 3 - Altus,"Bellary Road, Bengaluru",2B + G + 9,"4,19,727 Sft",2F,"43,962 Sft",Warm Shell,Immediate
North-BLR,,Prestige Group,Building 3 - Altus,"Bellary Road, Bengaluru",2B + G + 9,"4,19,727 Sft",3F,"43,946 Sft",Warm Shell,Immediate
North-BLR,,Prestige Group,Building 3 - Altus,"Bellary Road, Bengaluru",2B + G + 9,"4,19,727 Sft",4F,"43,946 Sft",Warm Shell,Immediate
North-BLR,,Prestige Group,Building 3 - Altus,"Bellary Road, Bengaluru",2B + G + 9,"4,19,727 Sft",5F,"43,946 Sft",Warm Shell,Immediate
North-BLR,,Prestige Group,Building 3 - Altus,"Bellary Road, Bengaluru",2B + G + 9,"4,19,727 Sft",6F,"40,566 Sft",Warm Shell,Immediate
North-BLR,,Prestige Group,Building 3 - Altus,"Bellary Road, Bengaluru",2B + G + 9,"4,19,727 Sft",7F,"43,946 Sft",Warm Shell,Immediate
North-BLR,,Prestige Group,Building 3 - Altus,"Bellary Road, Bengaluru",2B + G + 9,"4,19,727 Sft",8F,"43,946 Sft",Warm Shell,Immediate
North-BLR,,Prestige Group,Building 3 - Altus,"Bellary Road, Bengaluru",2B + G + 9,"4,19,727 Sft",9F,"40,566 Sft",Warm Shell,Immediate
North-BLR,,Prestige Group,Building 7 - Stratus,"Bellary Road, Bengaluru",2B + G + 8,"4,20,220 Sft",GF,"40,894 Sft",Warm Shell,Occupied
North-BLR,,Prestige Group,Building 7 - Stratus,"Bellary Road, Bengaluru",2B + G + 8,"4,20,220 Sft",1F,"44,019 Sft",Warm Shell,Occupied
North-BLR,,Prestige Group,Building 7 - Stratus,"Bellary Road, Bengaluru",2B + G + 8,"4,20,220 Sft",2F,"48,820 Sft",Warm Shell,Occupied
North-BLR,,Prestige Group,Building 7 - Stratus,"Bellary Road, Bengaluru",2B + G + 8,"4,20,220 Sft",3F,"48,340 Sft",Warm Shell,Occupied
North-BLR,,Prestige Group,Building 7 - Stratus,"Bellary Road, Bengaluru",2B + G + 8,"4,20,220 Sft",4F,"48,340 Sft",Warm Shell,Occupied
North-BLR,,Prestige Group,Building 7 - Stratus,"Bellary Road, Bengaluru",2B + G + 8,"4,20,220 Sft",5F,"48,340 Sft",Warm Shell,Occupied
North-BLR,,Prestige Group,Building 7 - Stratus,"Bellary Road, Bengaluru",2B + G + 8,"4,20,220 Sft",6F,"44,787 Sft",Warm Shell,Occupied
North-BLR,,Prestige Group,Building 7 - Stratus,"Bellary Road, Bengaluru",2B + G + 8,"4,20,220 Sft",7F,"48,340 Sft",Warm Shell,Occupied
North-BLR,,Prestige Group,Building 7 - Stratus,"Bellary Road, Bengaluru",2B + G + 8,"4,20,220 Sft",8F,"48,340 Sft",Warm Shell,Occupied
E-City,,Prestige Group,Prestige Alecto,"Plot number 105, Electronic City Phase I, Electronic City, Bengaluru",2B + G + 3 Floors,"91,565 Sft",3F,"25,221 Sft",,Occupied
E-City,,Prestige Group,Prestige Alecto,"Plot number 105, Electronic City Phase I, Electronic City, Bengaluru",2B + G + 3 Floors,"91,565 Sft",2F,"24,986 Sft",,Occupied
E-City,,Prestige Group,Prestige Alecto,"Plot number 105, Electronic City Phase I, Electronic City, Bengaluru",2B + G + 3 Floors,"91,565 Sft",1F,"23,062 Sft",Warm Shell,Immediate
E-City,,Prestige Group,Prestige Alecto,"Plot number 105, Electronic City Phase I, Electronic City, Bengaluru",2B + G + 3 Floors,"91,565 Sft",GF,"18,296 Sft",Warm Shell,Immediate
West-BLR,,Prestige Group,Prestige Capital Square,"2G9X+Q85, 9th Cross, APMC Yard, Yeshwanthpur Industrial Suburb, Yeshwanthpur, Bengaluru, Karnataka 560022",G + 4 Floors,"1,27,929 Sft",5F,"22,292 Sft",,Immediate
West-BLR,,Prestige Group,Prestige Capital Square,"2G9X+Q85, 9th Cross, APMC Yard, Yeshwanthpur Industrial Suburb, Yeshwanthpur, Bengaluru, Karnataka 560022",G + 4 Floors,"1,27,929 Sft",4F,"22,033 Sft",,Immediate
West-BLR,,Prestige Group,Prestige Capital Square,"2G9X+Q85, 9th Cross, APMC Yard, Yeshwanthpur Industrial Suburb, Yeshwanthpur, Bengaluru, Karnataka 560022",G + 4 Floors,"1,27,929 Sft",3F,"22,126 Sft",,Immediate
West-BLR,,Prestige Group,Prestige Capital Square,"2G9X+Q85, 9th Cross, APMC Yard, Yeshwanthpur Industrial Suburb, Yeshwanthpur, Bengaluru, Karnataka 560022",G + 4 Floors,"1,27,929 Sft",2F,"22,126 Sft",,Immediate
West-BLR,,Prestige Group,Prestige Capital Square,"2G9X+Q85, 9th Cross, APMC Yard, Yeshwanthpur Industrial Suburb, Yeshwanthpur, Bengaluru, Karnataka 560022",G + 4 Floors,"1,27,929 Sft",1F,"22,269 Sft",,Immediate
West-BLR,,Prestige Group,Prestige Capital Square,"2G9X+Q85, 9th Cross, APMC Yard, Yeshwanthpur Industrial Suburb, Yeshwanthpur, Bengaluru, Karnataka 560022",G + 4 Floors,"1,27,929 Sft",GF,"17,084 Sft",,Immediate
CBD,,Prestige Group,Prestige Delta,"St Mark's Rd, Srinivas Nagar, Shanthala Nagar, Ashok Nagar, Bengaluru, Karnataka 560001",1B + G + 4 Floors,"39,402 Sft",4F,"2,649 Sft",,Occupied
CBD,,Prestige Group,Prestige Delta,"St Mark's Rd, Srinivas Nagar, Shanthala Nagar, Ashok Nagar, Bengaluru, Karnataka 560001",1B + G + 4 Floors,"39,402 Sft",4F,"5,693 Sft",Warm Shell,Immediate
CBD,,Prestige Group,Prestige Delta,"St Mark's Rd, Srinivas Nagar, Shanthala Nagar, Ashok Nagar, Bengaluru, Karnataka 560001",1B + G + 4 Floors,"39,402 Sft",3F,"8,312 Sft",,Occupied
CBD,,Prestige Group,Prestige Delta,"St Mark's Rd, Srinivas Nagar, Shanthala Nagar, Ashok Nagar, Bengaluru, Karnataka 560001",1B + G + 4 Floors,"39,402 Sft",2F,"5,254 Sft",,Occupied
CBD,,Prestige Group,Prestige Delta,"St Mark's Rd, Srinivas Nagar, Shanthala Nagar, Ashok Nagar, Bengaluru, Karnataka 560001",1B + G + 4 Floors,"39,402 Sft",2F,"2,259 Sft",,Occupied
CBD,,Prestige Group,Prestige Delta,"St Mark's Rd, Srinivas Nagar, Shanthala Nagar, Ashok Nagar, Bengaluru, Karnataka 560001",1B + G + 4 Floors,"39,402 Sft",1F,"8,123 Sft",,Occupied
CBD,,Prestige Group,Prestige Delta,"St Mark's Rd, Srinivas Nagar, Shanthala Nagar, Ashok Nagar, Bengaluru, Karnataka 560001",1B + G + 4 Floors,"39,402 Sft",GF,"7,112 Sft",,Occupied
ORR,,Prestige Group,Prestige Featherlite Tech Hub - Creator,"WPR2+22X, Munnireddy Layout, Panathur, Bengaluru, Karnataka 560103",2B + G + 9 Floors (2 Towers),"4,32,270 Sft",9F,"44,905 Sft",,Immediate
ORR,,Prestige Group,Prestige Featherlite Tech Hub - Creator,"WPR2+22X, Munnireddy Layout, Panathur, Bengaluru, Karnataka 560103",2B + G + 9 Floors (2 Towers),"4,32,270 Sft",8F,"46,675 Sft",,Immediate
ORR,,Prestige Group,Prestige Featherlite Tech Hub - Creator,"WPR2+22X, Munnireddy Layout, Panathur, Bengaluru, Karnataka 560103",2B + G + 9 Floors (2 Towers),"4,32,270 Sft",7F,"44,822 Sft",,Immediate
ORR,,Prestige Group,Prestige Featherlite Tech Hub - Creator,"WPR2+22X, Munnireddy Layout, Panathur, Bengaluru, Karnataka 560103",2B + G + 9 Floors (2 Towers),"4,32,270 Sft",6F,"44,822 Sft",,Immediate
ORR,,Prestige Group,Prestige Featherlite Tech Hub - Creator,"WPR2+22X, Munnireddy Layout, Panathur, Bengaluru, Karnataka 560103",2B + G + 9 Floors (2 Towers),"4,32,270 Sft",5F,"46,445 Sft",,Immediate
ORR,,Prestige Group,Prestige Featherlite Tech Hub - Creator,"WPR2+22X, Munnireddy Layout, Panathur, Bengaluru, Karnataka 560103",2B + G + 9 Floors (2 Towers),"4,32,270 Sft",4F,"46,445 Sft",,Immediate
ORR,,Prestige Group,Prestige Featherlite Tech Hub - Creator,"WPR2+22X, Munnireddy Layout, Panathur, Bengaluru, Karnataka 560103",2B + G + 9 Floors (2 Towers),"4,32,270 Sft",3F,"46,445 Sft",,Immediate
ORR,,Prestige Group,Prestige Featherlite Tech Hub - Creator,"WPR2+22X, Munnireddy Layout, Panathur, Bengaluru, Karnataka 560103",2B + G + 9 Floors (2 Towers),"4,32,270 Sft",2F,"46,675 Sft",,Immediate
ORR,,Prestige Group,Prestige Featherlite Tech Hub - Creator,"WPR2+22X, Munnireddy Layout, Panathur, Bengaluru, Karnataka 560103",2B + G + 9 Floors (2 Towers),"4,32,270 Sft",1F,"35,871 Sft",,Immediate
ORR,,Prestige Group,Prestige Featherlite Tech Hub - Creator,"WPR2+22X, Munnireddy Layout, Panathur, Bengaluru, Karnataka 560103",2B + G + 9 Floors (2 Towers),"4,32,270 Sft",GF,"29,165 Sft",,Immediate
ORR,,Prestige Group,Prestige Featherlite Tech Hub - Inventor,"WPR2+22X, Munnireddy Layout, Panathur, Bengaluru, Karnataka 560103",2B + G + 9 Floors (2 Towers),"5,10,786 Sft",9F,"51,203 Sft",,Occupied
ORR,,Prestige Group,Prestige Featherlite Tech Hub - Inventor,"WPR2+22X, Munnireddy Layout, Panathur, Bengaluru, Karnataka 560103",2B + G + 9 Floors (2 Towers),"5,10,786 Sft",8F,"55,205 Sft",,Occupied
ORR,,Prestige Group,Prestige Featherlite Tech Hub - Inventor,"WPR2+22X, Munnireddy Layout, Panathur, Bengaluru, Karnataka 560103",2B + G + 9 Floors (2 Towers),"5,10,786 Sft",7F,"52,702 Sft",,Occupied
ORR,,Prestige Group,Prestige Featherlite Tech Hub - Inventor,"WPR2+22X, Munnireddy Layout, Panathur, Bengaluru, Karnataka 560103",2B + G + 9 Floors (2 Towers),"5,10,786 Sft",6F,"52,702 Sft",,Immediate
ORR,,Prestige Group,Prestige Featherlite Tech Hub - Inventor,"WPR2+22X, Munnireddy Layout, Panathur, Bengaluru, Karnataka 560103",2B + G + 9 Floors (2 Towers),"5,10,786 Sft",5F,"54,094 Sft",,Immediate
ORR,,Prestige Group,Prestige Featherlite Tech Hub - Inventor,"WPR2+22X, Munnireddy Layout, Panathur, Bengaluru, Karnataka 560103",2B + G + 9 Floors (2 Towers),"5,10,786 Sft",4F,"54,094 Sft",,Immediate
ORR,,Prestige Group,Prestige Featherlite Tech Hub - Inventor,"WPR2+22X, Munnireddy Layout, Panathur, Bengaluru, Karnataka 560103",2B + G + 9 Floors (2 Towers),"5,10,786 Sft",3F,"54,094 Sft",,Immediate
ORR,,Prestige Group,Prestige Featherlite Tech Hub - Inventor,"WPR2+22X, Munnireddy Layout, Panathur, Bengaluru, Karnataka 560103",2B + G + 9 Floors (2 Towers),"5,10,786 Sft",2F,"55,278 Sft",,Occupied
ORR,,Prestige Group,Prestige Featherlite Tech Hub - Inventor,"WPR2+22X, Munnireddy Layout, Panathur, Bengaluru, Karnataka 560103",2B + G + 9 Floors (2 Towers),"5,10,786 Sft",1F,"42,679 Sft",,Occupied
ORR,,Prestige Group,Prestige Featherlite Tech Hub - Inventor,"WPR2+22X, Munnireddy Layout, Panathur, Bengaluru, Karnataka 560103",2B + G + 9 Floors (2 Towers),"5,10,786 Sft",GF,"38,735 Sft",,Immediate
Whitefield,,Prestige Group,Prestige Featherlite Tech Park,"XPJC+HMC, 7th Rd, Hoodi, Seetharampalya, Whitefield, Bengaluru, Karnataka 560066",B + G + 3 Floors + Terrace,"1,07,425 Sft",Terrace,"8,479 Sft",,Immediate
Whitefield,,Prestige Group,Prestige Featherlite Tech Park,"XPJC+HMC, 7th Rd, Hoodi, Seetharampalya, Whitefield, Bengaluru, Karnataka 560066",B + G + 3 Floors + Terrace,"1,07,425 Sft",3F,"18,454 Sft",Fully Furnished,Immediate
Whitefield,,Prestige Group,Prestige Featherlite Tech Park,"XPJC+HMC, 7th Rd, Hoodi, Seetharampalya, Whitefield, Bengaluru, Karnataka 560066",B + G + 3 Floors + Terrace,"1,07,425 Sft",2F,"28,152 Sft",Fully Furnished,Immediate
Whitefield,,Prestige Group,Prestige Featherlite Tech Park,"XPJC+HMC, 7th Rd, Hoodi, Seetharampalya, Whitefield, Bengaluru, Karnataka 560066",B + G + 3 Floors + Terrace,"1,07,425 Sft",1F,"13,067 Sft",Fully Furnished,Immediate
Whitefield,,Prestige Group,Prestige Featherlite Tech Park,"XPJC+HMC, 7th Rd, Hoodi, Seetharampalya, Whitefield, Bengaluru, Karnataka 560066",B + G + 3 Floors + Terrace,"1,07,425 Sft",1F,"13,288 Sft",Fully Furnished,Immediate
Whitefield,,Prestige Group,Prestige Featherlite Tech Park,"XPJC+HMC, 7th Rd, Hoodi, Seetharampalya, Whitefield, Bengaluru, Karnataka 560066",B + G + 3 Floors + Terrace,"1,07,425 Sft",GF,"12,987 Sft",,Occupied
Whitefield,,Prestige Group,Prestige Featherlite Tech Park,"XPJC+HMC, 7th Rd, Hoodi, Seetharampalya, Whitefield, Bengaluru, Karnataka 560066",B + G + 3 Floors + Terrace,"1,07,425 Sft",GF,"13,000 Sft",,Occupied
CBD,,Prestige Group,Prestige Kada,"Albert St, near Bank of India, Shanthala Nagar, Richmond Town, Bengaluru, Karnataka 560025",G + 4 Floors,"18,662 Sft",4F,"1,565 Sft",,Occupied
CBD,,Prestige Group,Prestige Kada,"Albert St, near Bank of India, Shanthala Nagar, Richmond Town, Bengaluru, Karnataka 560025",G + 4 Floors,"18,662 Sft",4F,"1,915 Sft",,Occupied
CBD,,Prestige Group,Prestige Kada,"Albert St, near Bank of India, Shanthala Nagar, Richmond Town, Bengaluru, Karnataka 560025",G + 4 Floors,"18,662 Sft",3F,"3,490 Sft",Fully Furnished,Immediate
CBD,,Prestige Group,Prestige Kada,"Albert St, near Bank of India, Shanthala Nagar, Richmond Town, Bengaluru, Karnataka 560025",G + 4 Floors,"18,662 Sft",2F,"3,490 Sft",Fully Furnished,Immediate
CBD,,Prestige Group,Prestige Kada,"Albert St, near Bank of India, Shanthala Nagar, Richmond Town, Bengaluru, Karnataka 560025",G + 4 Floors,"18,662 Sft",1F,"2,106 Sft",Fully Furnished,Immediate
CBD,,Prestige Group,Prestige Kada,"Albert St, near Bank of India, Shanthala Nagar, Richmond Town, Bengaluru, Karnataka 560025",G + 4 Floors,"18,662 Sft",1F,"2,095 Sft",Fully Furnished,Immediate
CBD,,Prestige Group,Prestige Kada,"Albert St, near Bank of India, Shanthala Nagar, Richmond Town, Bengaluru, Karnataka 560025",G + 4 Floors,"18,662 Sft",GF,"4,001 Sft",,Occupied
ORR,,Prestige Group,Prestige Lakeshore Drive - Building 10,"Near Kariyammana Agrahara, Kariyammana Agrahara, Bellandur, Bengaluru, Karnataka 560103",2B + G + 9 Floors,"6,25,989 Sft",9F,"63,806 Sft",,Occupied
ORR,,Prestige Group,Prestige Lakeshore Drive - Building 10,"Near Kariyammana Agrahara, Kariyammana Agrahara, Bellandur, Bengaluru, Karnataka 560103",2B + G + 9 Floors,"6,25,989 Sft",8F,"67,217 Sft",,Occupied
ORR,,Prestige Group,Prestige Lakeshore Drive - Building 10,"Near Kariyammana Agrahara, Kariyammana Agrahara, Bellandur, Bengaluru, Karnataka 560103",2B + G + 9 Floors,"6,25,989 Sft",7F,"67,358 Sft",,Occupied
ORR,,Prestige Group,Prestige Lakeshore Drive - Building 10,"Near Kariyammana Agrahara, Kariyammana Agrahara, Bellandur, Bengaluru, Karnataka 560103",2B + G + 9 Floors,"6,25,989 Sft",6F,"67,217 Sft",,Occupied
ORR,,Prestige Group,Prestige Lakeshore Drive - Building 10,"Near Kariyammana Agrahara, Kariyammana Agrahara, Bellandur, Bengaluru, Karnataka 560103",2B + G + 9 Floors,"6,25,989 Sft",5F,"63,806 Sft",,Occupied
ORR,,Prestige Group,Prestige Lakeshore Drive - Building 10,"Near Kariyammana Agrahara, Kariyammana Agrahara, Bellandur, Bengaluru, Karnataka 560103",2B + G + 9 Floors,"6,25,989 Sft",4F,"67,358 Sft",,Occupied
ORR,,Prestige Group,Prestige Lakeshore Drive - Building 10,"Near Kariyammana Agrahara, Kariyammana Agrahara, Bellandur, Bengaluru, Karnataka 560103",2B + G + 9 Floors,"6,25,989 Sft",3F,"67,358 Sft",,Immediate
ORR,,Prestige Group,Prestige Lakeshore Drive - Building 10,"Near Kariyammana Agrahara, Kariyammana Agrahara, Bellandur, Bengaluru, Karnataka 560103",2B + G + 9 Floors,"6,25,989 Sft",2F,"67,358 Sft",,Immediate
ORR,,Prestige Group,Prestige Lakeshore Drive - Building 10,"Near Kariyammana Agrahara, Kariyammana Agrahara, Bellandur, Bengaluru, Karnataka 560103",2B + G + 9 Floors,"6,25,989 Sft",1F,"51,654 Sft",,Occupied
ORR,,Prestige Group,Prestige Lakeshore Drive - Building 10,"Near Kariyammana Agrahara, Kariyammana Agrahara, Bellandur, Bengaluru, Karnataka 560103",2B + G + 9 Floors,"6,25,989 Sft",GF,"22,834 Sft",,Occupied
ORR,,Prestige Group,Prestige Lakeshore Drive - Building 10,"Near Kariyammana Agrahara, Kariyammana Agrahara, Bellandur, Bengaluru, Karnataka 560103",2B + G + 9 Floors,"6,25,989 Sft",GF,"20,022 Sft",,Occupied
ORR,,Prestige Group,Prestige Lakeshore Drive - Building 20,"Near Kariyammana Agrahara, Kariyammana Agrahara, Bellandur, Bengaluru, Karnataka 560103",2B + G + 9 Floors,"3,99,531 Sft",9F,"39,405 Sft",,Occupied
ORR,,Prestige Group,Prestige Lakeshore Drive - Building 20,"Near Kariyammana Agrahara, Kariyammana Agrahara, Bellandur, Bengaluru, Karnataka 560103",2B + G + 9 Floors,"3,99,531 Sft",8F,"42,748 Sft",,Occupied
ORR,,Prestige Group,Prestige Lakeshore Drive - Building 20,"Near Kariyammana Agrahara, Kariyammana Agrahara, Bellandur, Bengaluru, Karnataka 560103",2B + G + 9 Floors,"3,99,531 Sft",7F,"42,748 Sft",,Occupied
ORR,,Prestige Group,Prestige Lakeshore Drive - Building 20,"Near Kariyammana Agrahara, Kariyammana Agrahara, Bellandur, Bengaluru, Karnataka 560103",2B + G + 9 Floors,"3,99,531 Sft",6F,"42,748 Sft",,Occupied
ORR,,Prestige Group,Prestige Lakeshore Drive - Building 20,"Near Kariyammana Agrahara, Kariyammana Agrahara, Bellandur, Bengaluru, Karnataka 560103",2B + G + 9 Floors,"3,99,531 Sft",5F,"39,045 Sft",,Occupied
ORR,,Prestige Group,Prestige Lakeshore Drive - Building 20,"Near Kariyammana Agrahara, Kariyammana Agrahara, Bellandur, Bengaluru, Karnataka 560103",2B + G + 9 Floors,"3,99,531 Sft",4F,"42,748 Sft",,Occupied
ORR,,Prestige Group,Prestige Lakeshore Drive - Building 20,"Near Kariyammana Agrahara, Kariyammana Agrahara, Bellandur, Bengaluru, Karnataka 560103",2B + G + 9 Floors,"3,99,531 Sft",3F,"42,748 Sft",,Occupied
ORR,,Prestige Group,Prestige Lakeshore Drive - Building 20,"Near Kariyammana Agrahara, Kariyammana Agrahara, Bellandur, Bengaluru, Karnataka 560103",2B + G + 9 Floors,"3,99,531 Sft",2F,"42,748 Sft",,Occupied
ORR,,Prestige Group,Prestige Lakeshore Drive - Building 20,"Near Kariyammana Agrahara, Kariyammana Agrahara, Bellandur, Bengaluru, Karnataka 560103",2B + G + 9 Floors,"3,99,531 Sft",1F,"37,227 Sft",,Occupied
ORR,,Prestige Group,Prestige Lakeshore Drive - Building 20,"Near Kariyammana Agrahara, Kariyammana Agrahara, Bellandur, Bengaluru, Karnataka 560103",2B + G + 9 Floors,"3,99,531 Sft",GF,"11,113 Sft",,Occupied
ORR,,Prestige Group,Prestige Lakeshore Drive - Building 20,"Near Kariyammana Agrahara, Kariyammana Agrahara, Bellandur, Bengaluru, Karnataka 560103",2B + G + 9 Floors,"3,99,531 Sft",GF,"16,613 Sft",,Occupied
ORR,,Prestige Group,Prestige Lakeshore Drive - Building 30,"Near Kariyammana Agrahara, Kariyammana Agrahara, Bellandur, Bengaluru, Karnataka 560103",2B + G + 9 Floors,"6,20,690 Sft",9F,"63,458 Sft",,Occupied
ORR,,Prestige Group,Prestige Lakeshore Drive - Building 30,"Near Kariyammana Agrahara, Kariyammana Agrahara, Bellandur, Bengaluru, Karnataka 560103",2B + G + 9 Floors,"6,20,690 Sft",8F,"66,898 Sft",,Occupied
ORR,,Prestige Group,Prestige Lakeshore Drive - Building 30,"Near Kariyammana Agrahara, Kariyammana Agrahara, Bellandur, Bengaluru, Karnataka 560103",2B + G + 9 Floors,"6,20,690 Sft",7F,"67,038 Sft",,Occupied
ORR,,Prestige Group,Prestige Lakeshore Drive - Building 30,"Near Kariyammana Agrahara, Kariyammana Agrahara, Bellandur, Bengaluru, Karnataka 560103",2B + G + 9 Floors,"6,20,690 Sft",6F,"66,898 Sft",,Occupied
ORR,,Prestige Group,Prestige Lakeshore Drive - Building 30,"Near Kariyammana Agrahara, Kariyammana Agrahara, Bellandur, Bengaluru, Karnataka 560103",2B + G + 9 Floors,"6,20,690 Sft",5F,"63,458 Sft",,Occupied
ORR,,Prestige Group,Prestige Lakeshore Drive - Building 30,"Near Kariyammana Agrahara, Kariyammana Agrahara, Bellandur, Bengaluru, Karnataka 560103",2B + G + 9 Floors,"6,20,690 Sft",4F,"67,038 Sft",,Occupied
ORR,,Prestige Group,Prestige Lakeshore Drive - Building 30,"Near Kariyammana Agrahara, Kariyammana Agrahara, Bellandur, Bengaluru, Karnataka 560103",2B + G + 9 Floors,"6,20,690 Sft",3F,"67,038 Sft",,Occupied
ORR,,Prestige Group,Prestige Lakeshore Drive - Building 30,"Near Kariyammana Agrahara, Kariyammana Agrahara, Bellandur, Bengaluru, Karnataka 560103",2B + G + 9 Floors,"6,20,690 Sft",2F,"67,038 Sft",,Occupied
ORR,,Prestige Group,Prestige Lakeshore Drive - Building 30,"Near Kariyammana Agrahara, Kariyammana Agrahara, Bellandur, Bengaluru, Karnataka 560103",2B + G + 9 Floors,"6,20,690 Sft",1F,"51,429 Sft",,Occupied
ORR,,Prestige Group,Prestige Lakeshore Drive - Building 30,"Near Kariyammana Agrahara, Kariyammana Agrahara, Bellandur, Bengaluru, Karnataka 560103",2B + G + 9 Floors,"6,20,690 Sft",GF,"22,425 Sft",,Occupied
ORR,,Prestige Group,Prestige Lakeshore Drive - Building 30,"Near Kariyammana Agrahara, Kariyammana Agrahara, Bellandur, Bengaluru, Karnataka 560103",2B + G + 9 Floors,"6,20,690 Sft",GF,"17,972 Sft",,Occupied
ORR,,Prestige Group,Prestige Lakeshore Drive - Building 50,"Near Kariyammana Agrahara, Kariyammana Agrahara, Bellandur, Bengaluru, Karnataka 560103",2B + G + 9 Floors,"6,02,103 Sft",9F,"59,268 Sft",,Occupied
ORR,,Prestige Group,Prestige Lakeshore Drive - Building 50,"Near Kariyammana Agrahara, Kariyammana Agrahara, Bellandur, Bengaluru, Karnataka 560103",2B + G + 9 Floors,"6,02,103 Sft",8F,"64,171 Sft",,Occupied
ORR,,Prestige Group,Prestige Lakeshore Drive - Building 50,"Near Kariyammana Agrahara, Kariyammana Agrahara, Bellandur, Bengaluru, Karnataka 560103",2B + G + 9 Floors,"6,02,103 Sft",7F,"64,171 Sft",,Occupied
ORR,,Prestige Group,Prestige Lakeshore Drive - Building 50,"Near Kariyammana Agrahara, Kariyammana Agrahara, Bellandur, Bengaluru, Karnataka 560103",2B + G + 9 Floors,"6,02,103 Sft",6F,"64,171 Sft",,Occupied
ORR,,Prestige Group,Prestige Lakeshore Drive - Building 50,"Near Kariyammana Agrahara, Kariyammana Agrahara, Bellandur, Bengaluru, Karnataka 560103",2B + G + 9 Floors,"6,02,103 Sft",5F,"59,268 Sft",,Occupied
ORR,,Prestige Group,Prestige Lakeshore Drive - Building 50,"Near Kariyammana Agrahara, Kariyammana Agrahara, Bellandur, Bengaluru, Karnataka 560103",2B + G + 9 Floors,"6,02,103 Sft",4F,"64,171 Sft",,Occupied
ORR,,Prestige Group,Prestige Lakeshore Drive - Building 50,"Near Kariyammana Agrahara, Kariyammana Agrahara, Bellandur, Bengaluru, Karnataka 560103",2B + G + 9 Floors,"6,02,103 Sft",3F,"64,171 Sft",,Occupied
ORR,,Prestige Group,Prestige Lakeshore Drive - Building 50,"Near Kariyammana Agrahara, Kariyammana Agrahara, Bellandur, Bengaluru, Karnataka 560103",2B + G + 9 Floors,"6,02,103 Sft",2F,"64,171 Sft",,Occupied
ORR,,Prestige Group,Prestige Lakeshore Drive - Building 50,"Near Kariyammana Agrahara, Kariyammana Agrahara, Bellandur, Bengaluru, Karnataka 560103",2B + G + 9 Floors,"6,02,103 Sft",1F,"52,913 Sft",,Occupied
ORR,,Prestige Group,Prestige Lakeshore Drive - Building 50,"Near Kariyammana Agrahara, Kariyammana Agrahara, Bellandur, Bengaluru, Karnataka 560103",2B + G + 9 Floors,"6,02,103 Sft",GF,"26,097 Sft",,Immediate
ORR,,Prestige Group,Prestige Lakeshore Drive - Building 50,"Near Kariyammana Agrahara, Kariyammana Agrahara, Bellandur, Bengaluru, Karnataka 560103",2B + G + 9 Floors,"6,02,103 Sft",GF,"19,532 Sft",,Immediate
CBD,,Prestige Group,Prestige Nebula,"Prestige Nebula, 8, Cubbon Rd, Shivaji Nagar, Bengaluru, Karnataka 560001",G + 5 Floors,"36,015 Sft",5F,"5,693 Sft",,Occupied
CBD,,Prestige Group,Prestige Nebula,"Prestige Nebula, 8, Cubbon Rd, Shivaji Nagar, Bengaluru, Karnataka 560001",G + 5 Floors,"36,015 Sft",4F,"5,721 Sft",,Occupied
CBD,,Prestige Group,Prestige Nebula,"Prestige Nebula, 8, Cubbon Rd, Shivaji Nagar, Bengaluru, Karnataka 560001",G + 5 Floors,"36,015 Sft",4F,"1,915 Sft",,Occupied
CBD,,Prestige Group,Prestige Nebula,"Prestige Nebula, 8, Cubbon Rd, Shivaji Nagar, Bengaluru, Karnataka 560001",G + 5 Floors,"36,015 Sft",3F,"8,439 Sft",Fully Furnished,Immediate
CBD,,Prestige Group,Prestige Nebula,"Prestige Nebula, 8, Cubbon Rd, Shivaji Nagar, Bengaluru, Karnataka 560001",G + 5 Floors,"36,015 Sft",2F,"5,729 Sft",,Occupied
CBD,,Prestige Group,Prestige Nebula,"Prestige Nebula, 8, Cubbon Rd, Shivaji Nagar, Bengaluru, Karnataka 560001",G + 5 Floors,"36,015 Sft",1F,"4,319 Sft",,Occupied
CBD,,Prestige Group,Prestige Nebula,"Prestige Nebula, 8, Cubbon Rd, Shivaji Nagar, Bengaluru, Karnataka 560001",G + 5 Floors,"36,015 Sft",1F,987 Sft,,Occupied
CBD,,Prestige Group,Prestige Nebula,"Prestige Nebula, 8, Cubbon Rd, Shivaji Nagar, Bengaluru, Karnataka 560001",G + 5 Floors,"36,015 Sft",GF,"2,820 Sft",,Occupied
CBD,,Prestige Group,Prestige Nebula,"Prestige Nebula, 8, Cubbon Rd, Shivaji Nagar, Bengaluru, Karnataka 560001",G + 5 Floors,"36,015 Sft",GF,"2,307 Sft",,Occupied
Sarjapur Road,,Prestige Group,Prestige Pegasus,"Sarjapur - Marathahalli Rd, Ambalipura, Haralur, Bengaluru, Karnataka 560102",1B + G + 3 Floors,"61,825 Sft",3F,"16,486 Sft",,Occupied
Sarjapur Road,,Prestige Group,Prestige Pegasus,"Sarjapur - Marathahalli Rd, Ambalipura, Haralur, Bengaluru, Karnataka 560102",1B + G + 3 Floors,"61,825 Sft",2F,"17,196 Sft",Fully Furnished,Immediate
Sarjapur Road,,Prestige Group,Prestige Pegasus,"Sarjapur - Marathahalli Rd, Ambalipura, Haralur, Bengaluru, Karnataka 560102",1B + G + 3 Floors,"61,825 Sft",1F,"17,196 Sft",,Occupied
Sarjapur Road,,Prestige Group,Prestige Pegasus,"Sarjapur - Marathahalli Rd, Ambalipura, Haralur, Bengaluru, Karnataka 560102",1B + G + 3 Floors,"61,825 Sft",GF,"6,947 Sft",,Occupied
Sarjapur Road,,Prestige Group,Prestige Pegasus,"Sarjapur - Marathahalli Rd, Ambalipura, Haralur, Bengaluru, Karnataka 560102",1B + G + 3 Floors,"61,825 Sft",Balance Floors,"4,000 Sft",-,Occupied
Others,,Prestige Group,Prestige Tech Cloud - Altus,"behind Presidency Hotel, Navarathna Agrahara, Bengaluru, Karnataka 562110",,"4,19,727 Sft",9F,"40,556 Sft",,Immediate
Others,,Prestige Group,Prestige Tech Cloud - Altus,"behind Presidency Hotel, Navarathna Agrahara, Bengaluru, Karnataka 562110",,"4,19,727 Sft",8F,"43,946 Sft",,Immediate
Others,,Prestige Group,Prestige Tech Cloud - Altus,"behind Presidency Hotel, Navarathna Agrahara, Bengaluru, Karnataka 562110",,"4,19,727 Sft",7F,"43,946 Sft",,Immediate
Others,,Prestige Group,Prestige Tech Cloud - Altus,"behind Presidency Hotel, Navarathna Agrahara, Bengaluru, Karnataka 562110",,"4,19,727 Sft",6F,"40,556 Sft",,Immediate
Others,,Prestige Group,Prestige Tech Cloud - Altus,"behind Presidency Hotel, Navarathna Agrahara, Bengaluru, Karnataka 562110",,"4,19,727 Sft",5F,"43,946 Sft",,Immediate
Others,,Prestige Group,Prestige Tech Cloud - Altus,"behind Presidency Hotel, Navarathna Agrahara, Bengaluru, Karnataka 562110",,"4,19,727 Sft",4F,"43,946 Sft",,Immediate
Others,,Prestige Group,Prestige Tech Cloud - Altus,"behind Presidency Hotel, Navarathna Agrahara, Bengaluru, Karnataka 562110",,"4,19,727 Sft",3F,"43,946 Sft",,Immediate
Others,,Prestige Group,Prestige Tech Cloud - Altus,"behind Presidency Hotel, Navarathna Agrahara, Bengaluru, Karnataka 562110",,"4,19,727 Sft",2F,"43,962 Sft",,Immediate
Others,,Prestige Group,Prestige Tech Cloud - Altus,"behind Presidency Hotel, Navarathna Agrahara, Bengaluru, Karnataka 562110",,"4,19,727 Sft",1F,"35,652 Sft",,Immediate
Others,,Prestige Group,Prestige Tech Cloud - Altus,"behind Presidency Hotel, Navarathna Agrahara, Bengaluru, Karnataka 562110",,"4,19,727 Sft",GF,"35,652 Sft",,Immediate
Others,,Prestige Group,Prestige Tech Cloud - Cirrus,"behind Presidency Hotel, Navarathna Agrahara, Bengaluru, Karnataka 562110",,"4,20,342 Sft",9F,,,Occupied
Others,,Prestige Group,Prestige Tech Cloud - Cirrus,"behind Presidency Hotel, Navarathna Agrahara, Bengaluru, Karnataka 562110",,"4,20,342 Sft",8F,"48,354 Sft",,Immediate
Others,,Prestige Group,Prestige Tech Cloud - Cirrus,"behind Presidency Hotel, Navarathna Agrahara, Bengaluru, Karnataka 562110",,"4,20,342 Sft",7F,"48,354 Sft",,Immediate
Others,,Prestige Group,Prestige Tech Cloud - Cirrus,"behind Presidency Hotel, Navarathna Agrahara, Bengaluru, Karnataka 562110",,"4,20,342 Sft",6F,"22,200 Sft",,Immediate
Others,,Prestige Group,Prestige Tech Cloud - Cirrus,"behind Presidency Hotel, Navarathna Agrahara, Bengaluru, Karnataka 562110",,"4,20,342 Sft",6F,"22,400 Sft",,Occupied
Others,,Prestige Group,Prestige Tech Cloud - Cirrus,"behind Presidency Hotel, Navarathna Agrahara, Bengaluru, Karnataka 562110",,"4,20,342 Sft",5F,"48,354 Sft",,Immediate
Others,,Prestige Group,Prestige Tech Cloud - Cirrus,"behind Presidency Hotel, Navarathna Agrahara, Bengaluru, Karnataka 562110",,"4,20,342 Sft",4F,"48,354 Sft",,Immediate
Others,,Prestige Group,Prestige Tech Cloud - Cirrus,"behind Presidency Hotel, Navarathna Agrahara, Bengaluru, Karnataka 562110",,"4,20,342 Sft",3F,"48,354 Sft",,Occupied
Others,,Prestige Group,Prestige Tech Cloud - Cirrus,"behind Presidency Hotel, Navarathna Agrahara, Bengaluru, Karnataka 562110",,"4,20,342 Sft",2F,"48,834 Sft",,Occupied
Others,,Prestige Group,Prestige Tech Cloud - Cirrus,"behind Presidency Hotel, Navarathna Agrahara, Bengaluru, Karnataka 562110",,"4,20,342 Sft",1F,"44,032 Sft",,Occupied
Others,,Prestige Group,Prestige Tech Cloud - Cirrus,"behind Presidency Hotel, Navarathna Agrahara, Bengaluru, Karnataka 562110",,"4,20,342 Sft",GF,"40,906 Sft",,Occupied
Others,,Prestige Group,Prestige Tech Cloud - Cummins,"behind Presidency Hotel, Navarathna Agrahara, Bengaluru, Karnataka 562110",,"4,19,683 Sft",9F,,,Occupied
Others,,Prestige Group,Prestige Tech Cloud - Cummins,"behind Presidency Hotel, Navarathna Agrahara, Bengaluru, Karnataka 562110",,"4,19,683 Sft",8F,"48,278 Sft",,Occupied
Others,,Prestige Group,Prestige Tech Cloud - Cummins,"behind Presidency Hotel, Navarathna Agrahara, Bengaluru, Karnataka 562110",,"4,19,683 Sft",7F,"48,278 Sft",,Occupied
Others,,Prestige Group,Prestige Tech Cloud - Cummins,"behind Presidency Hotel, Navarathna Agrahara, Bengaluru, Karnataka 562110",,"4,19,683 Sft",6F,"22,365 Sft",,Immediate
Others,,Prestige Group,Prestige Tech Cloud - Cummins,"behind Presidency Hotel, Navarathna Agrahara, Bengaluru, Karnataka 562110",,"4,19,683 Sft",6F,"22,365 Sft",,Occupied
Others,,Prestige Group,Prestige Tech Cloud - Cummins,"behind Presidency Hotel, Navarathna Agrahara, Bengaluru, Karnataka 562110",,"4,19,683 Sft",5F,"24,139 Sft",,Immediate
Others,,Prestige Group,Prestige Tech Cloud - Cummins,"behind Presidency Hotel, Navarathna Agrahara, Bengaluru, Karnataka 562110",,"4,19,683 Sft",5F,"24,139 Sft",,Occupied
Others,,Prestige Group,Prestige Tech Cloud - Cummins,"behind Presidency Hotel, Navarathna Agrahara, Bengaluru, Karnataka 562110",,"4,19,683 Sft",4F,"48,278 Sft",,Immediate
Others,,Prestige Group,Prestige Tech Cloud - Cummins,"behind Presidency Hotel, Navarathna Agrahara, Bengaluru, Karnataka 562110",,"4,19,683 Sft",3F,"48,278 Sft",,Immediate
Others,,Prestige Group,Prestige Tech Cloud - Cummins,"behind Presidency Hotel, Navarathna Agrahara, Bengaluru, Karnataka 562110",,"4,19,683 Sft",2F,"48,578 Sft",,Immediate
Others,,Prestige Group,Prestige Tech Cloud - Cummins,"behind Presidency Hotel, Navarathna Agrahara, Bengaluru, Karnataka 562110",,"4,19,683 Sft",1F,"21,968 Sft",,Occupied
Others,,Prestige Group,Prestige Tech Cloud - Cummins,"behind Presidency Hotel, Navarathna Agrahara, Bengaluru, Karnataka 562110",,"4,19,683 Sft",1F,"21,995 Sft",,Immediate
Others,,Prestige Group,Prestige Tech Cloud - Cummins,"behind Presidency Hotel, Navarathna Agrahara, Bengaluru, Karnataka 562110",,"4,19,683 Sft",GF,"18,333 Sft",,Occupied
Others,,Prestige Group,Prestige Tech Cloud - Cummins,"behind Presidency Hotel, Navarathna Agrahara, Bengaluru, Karnataka 562110",,"4,19,683 Sft",GF,"9,950 Sft",,Immediate
Whitefield,,Prestige Group,Prestige Tech Forest - Core 1,"Lake Road, Varthur, Bengaluru, Karnataka 560087",2B + G + 14 Floors,"7,82,937 Sft",14F,"55,973 Sft",,Immediate
Whitefield,,Prestige Group,Prestige Tech Forest - Core 1,"Lake Road, Varthur, Bengaluru, Karnataka 560087",2B + G + 14 Floors,"7,82,937 Sft",13F,"56,658 Sft",,Immediate
Whitefield,,Prestige Group,Prestige Tech Forest - Core 1,"Lake Road, Varthur, Bengaluru, Karnataka 560087",2B + G + 14 Floors,"7,82,937 Sft",12F,"52,338 Sft",,Immediate
Whitefield,,Prestige Group,Prestige Tech Forest - Core 1,"Lake Road, Varthur, Bengaluru, Karnataka 560087",2B + G + 14 Floors,"7,82,937 Sft",11F,"57,304 Sft",,Immediate
Whitefield,,Prestige Group,Prestige Tech Forest - Core 1,"Lake Road, Varthur, Bengaluru, Karnataka 560087",2B + G + 14 Floors,"7,82,937 Sft",10F,"57,304 Sft",,Immediate
Whitefield,,Prestige Group,Prestige Tech Forest - Core 1,"Lake Road, Varthur, Bengaluru, Karnataka 560087",2B + G + 14 Floors,"7,82,937 Sft",9F,"53,356 Sft",,Immediate
Whitefield,,Prestige Group,Prestige Tech Forest - Core 1,"Lake Road, Varthur, Bengaluru, Karnataka 560087",2B + G + 14 Floors,"7,82,937 Sft",8F,"57,304 Sft",,Immediate
Whitefield,,Prestige Group,Prestige Tech Forest - Core 1,"Lake Road, Varthur, Bengaluru, Karnataka 560087",2B + G + 14 Floors,"7,82,937 Sft",7F,"57,304 Sft",,Immediate
Whitefield,,Prestige Group,Prestige Tech Forest - Core 1,"Lake Road, Varthur, Bengaluru, Karnataka 560087",2B + G + 14 Floors,"7,82,937 Sft",6F,"53,356 Sft",,Immediate
Whitefield,,Prestige Group,Prestige Tech Forest - Core 1,"Lake Road, Varthur, Bengaluru, Karnataka 560087",2B + G + 14 Floors,"7,82,937 Sft",5F,"57,304 Sft",,Immediate
Whitefield,,Prestige Group,Prestige Tech Forest - Core 1,"Lake Road, Varthur, Bengaluru, Karnataka 560087",2B + G + 14 Floors,"7,82,937 Sft",4F,"57,304 Sft",,Immediate
Whitefield,,Prestige Group,Prestige Tech Forest - Core 1,"Lake Road, Varthur, Bengaluru, Karnataka 560087",2B + G + 14 Floors,"7,82,937 Sft",3F,"57,304 Sft",,Immediate
Whitefield,,Prestige Group,Prestige Tech Forest - Core 1,"Lake Road, Varthur, Bengaluru, Karnataka 560087",2B + G + 14 Floors,"7,82,937 Sft",2F,"56,724 Sft",,Immediate
Whitefield,,Prestige Group,Prestige Tech Forest - Core 1,"Lake Road, Varthur, Bengaluru, Karnataka 560087",2B + G + 14 Floors,"7,82,937 Sft",1F,"57,301 Sft",,Immediate
Whitefield,,Prestige Group,Prestige Tech Forest - Core 2,"Lake Road, Varthur, Bengaluru, Karnataka 560087",2B + G + 14 Floors,"8,74,275 Sft",14F,"63,072 Sft",,Immediate
Whitefield,,Prestige Group,Prestige Tech Forest - Core 2,"Lake Road, Varthur, Bengaluru, Karnataka 560087",2B + G + 14 Floors,"8,74,275 Sft",13F,"63,876 Sft",,Immediate
Whitefield,,Prestige Group,Prestige Tech Forest - Core 2,"Lake Road, Varthur, Bengaluru, Karnataka 560087",2B + G + 14 Floors,"8,74,275 Sft",12F,"59,284 Sft",,Immediate
Whitefield,,Prestige Group,Prestige Tech Forest - Core 2,"Lake Road, Varthur, Bengaluru, Karnataka 560087",2B + G + 14 Floors,"8,74,275 Sft",11F,"63,955 Sft",,Immediate
Whitefield,,Prestige Group,Prestige Tech Forest - Core 2,"Lake Road, Varthur, Bengaluru, Karnataka 560087",2B + G + 14 Floors,"8,74,275 Sft",10F,"63,955 Sft",,Immediate
Whitefield,,Prestige Group,Prestige Tech Forest - Core 2,"Lake Road, Varthur, Bengaluru, Karnataka 560087",2B + G + 14 Floors,"8,74,275 Sft",9F,"59,648 Sft",,Immediate
Whitefield,,Prestige Group,Prestige Tech Forest - Core 2,"Lake Road, Varthur, Bengaluru, Karnataka 560087",2B + G + 14 Floors,"8,74,275 Sft",8F,"63,955 Sft",,Immediate
Whitefield,,Prestige Group,Prestige Tech Forest - Core 2,"Lake Road, Varthur, Bengaluru, Karnataka 560087",2B + G + 14 Floors,"8,74,275 Sft",7F,"63,955 Sft",,Immediate
Whitefield,,Prestige Group,Prestige Tech Forest - Core 2,"Lake Road, Varthur, Bengaluru, Karnataka 560087",2B + G + 14 Floors,"8,74,275 Sft",6F,"63,955 Sft",,Immediate
Whitefield,,Prestige Group,Prestige Tech Forest - Core 2,"Lake Road, Varthur, Bengaluru, Karnataka 560087",2B + G + 14 Floors,"8,74,275 Sft",5F,"63,955 Sft",,Immediate
Whitefield,,Prestige Group,Prestige Tech Forest - Core 2,"Lake Road, Varthur, Bengaluru, Karnataka 560087",2B + G + 14 Floors,"8,74,275 Sft",4F,"63,955 Sft",,Immediate
Whitefield,,Prestige Group,Prestige Tech Forest - Core 2,"Lake Road, Varthur, Bengaluru, Karnataka 560087",2B + G + 14 Floors,"8,74,275 Sft",3F,"63,955 Sft",,Immediate
Whitefield,,Prestige Group,Prestige Tech Forest - Core 2,"Lake Road, Varthur, Bengaluru, Karnataka 560087",2B + G + 14 Floors,"8,74,275 Sft",2F,"63,820 Sft",,Immediate
Whitefield,,Prestige Group,Prestige Tech Forest - Core 2,"Lake Road, Varthur, Bengaluru, Karnataka 560087",2B + G + 14 Floors,"8,74,275 Sft",1F,"57,236 Sft",,Immediate
Whitefield,,Prestige Group,Prestige Tech Forest - Core 3,"Lake Road, Varthur, Bengaluru, Karnataka 560087",2B + G + 14 Floors,"6,95,283 Sft",14F,"49,401 Sft",,Occupied
Whitefield,,Prestige Group,Prestige Tech Forest - Core 3,"Lake Road, Varthur, Bengaluru, Karnataka 560087",2B + G + 14 Floors,"6,95,283 Sft",13F,"50,935 Sft",,Immediate
Whitefield,,Prestige Group,Prestige Tech Forest - Core 3,"Lake Road, Varthur, Bengaluru, Karnataka 560087",2B + G + 14 Floors,"6,95,283 Sft",12F,"46,543 Sft",,Immediate
Whitefield,,Prestige Group,Prestige Tech Forest - Core 3,"Lake Road, Varthur, Bengaluru, Karnataka 560087",2B + G + 14 Floors,"6,95,283 Sft",11F,"51,039 Sft",,Immediate
Whitefield,,Prestige Group,Prestige Tech Forest - Core 3,"Lake Road, Varthur, Bengaluru, Karnataka 560087",2B + G + 14 Floors,"6,95,283 Sft",10F,"51,039 Sft",,Immediate
Whitefield,,Prestige Group,Prestige Tech Forest - Core 3,"Lake Road, Varthur, Bengaluru, Karnataka 560087",2B + G + 14 Floors,"6,95,283 Sft",9F,"47,553 Sft",,Immediate
Whitefield,,Prestige Group,Prestige Tech Forest - Core 3,"Lake Road, Varthur, Bengaluru, Karnataka 560087",2B + G + 14 Floors,"6,95,283 Sft",8F,"51,039 Sft",,Immediate
Whitefield,,Prestige Group,Prestige Tech Forest - Core 3,"Lake Road, Varthur, Bengaluru, Karnataka 560087",2B + G + 14 Floors,"6,95,283 Sft",7F,"51,039 Sft",,Immediate
Whitefield,,Prestige Group,Prestige Tech Forest - Core 3,"Lake Road, Varthur, Bengaluru, Karnataka 560087",2B + G + 14 Floors,"6,95,283 Sft",6F,"47,553 Sft",,Immediate
Whitefield,,Prestige Group,Prestige Tech Forest - Core 3,"Lake Road, Varthur, Bengaluru, Karnataka 560087",2B + G + 14 Floors,"6,95,283 Sft",5F,"51,039 Sft",,Immediate
Whitefield,,Prestige Group,Prestige Tech Forest - Core 3,"Lake Road, Varthur, Bengaluru, Karnataka 560087",2B + G + 14 Floors,"6,95,283 Sft",4F,"51,039 Sft",,Immediate
Whitefield,,Prestige Group,Prestige Tech Forest - Core 3,"Lake Road, Varthur, Bengaluru, Karnataka 560087",2B + G + 14 Floors,"6,95,283 Sft",3F,"51,039 Sft",,Immediate
Whitefield,,Prestige Group,Prestige Tech Forest - Core 3,"Lake Road, Varthur, Bengaluru, Karnataka 560087",2B + G + 14 Floors,"6,95,283 Sft",2F,"50,918 Sft",,Immediate
Whitefield,,Prestige Group,Prestige Tech Forest - Core 3,"Lake Road, Varthur, Bengaluru, Karnataka 560087",2B + G + 14 Floors,"6,95,283 Sft",1F,"45,101 Sft",,Immediate
Whitefield,,Prestige Group,Prestige Tech Habitat,"WPJR+735, Gunjur Village, Bengaluru, Karnataka 560087",2B + G + 18 Floors,"7,76,571 Sft",18F,"36,658 Sft",,Immediate
Whitefield,,Prestige Group,Prestige Tech Habitat,"WPJR+735, Gunjur Village, Bengaluru, Karnataka 560087",2B + G + 18 Floors,"7,76,571 Sft",17F,"46,619 Sft",,Immediate
Whitefield,,Prestige Group,Prestige Tech Habitat,"WPJR+735, Gunjur Village, Bengaluru, Karnataka 560087",2B + G + 18 Floors,"7,76,571 Sft",16F,"50,876 Sft",,Immediate
Whitefield,,Prestige Group,Prestige Tech Habitat,"WPJR+735, Gunjur Village, Bengaluru, Karnataka 560087",2B + G + 18 Floors,"7,76,571 Sft",15F,"50,876 Sft",,Immediate
Whitefield,,Prestige Group,Prestige Tech Habitat,"WPJR+735, Gunjur Village, Bengaluru, Karnataka 560087",2B + G + 18 Floors,"7,76,571 Sft",14F,"46,619 Sft",,Immediate
Whitefield,,Prestige Group,Prestige Tech Habitat,"WPJR+735, Gunjur Village, Bengaluru, Karnataka 560087",2B + G + 18 Floors,"7,76,571 Sft",13F,"50,876 Sft",,Immediate
Whitefield,,Prestige Group,Prestige Tech Habitat,"WPJR+735, Gunjur Village, Bengaluru, Karnataka 560087",2B + G + 18 Floors,"7,76,571 Sft",12F,"50,876 Sft",,Immediate
Whitefield,,Prestige Group,Prestige Tech Habitat,"WPJR+735, Gunjur Village, Bengaluru, Karnataka 560087",2B + G + 18 Floors,"7,76,571 Sft",11F,"46,619 Sft",,Immediate
Whitefield,,Prestige Group,Prestige Tech Habitat,"WPJR+735, Gunjur Village, Bengaluru, Karnataka 560087",2B + G + 18 Floors,"7,76,571 Sft",10F,"50,876 Sft",,Immediate
Whitefield,,Prestige Group,Prestige Tech Habitat,"WPJR+735, Gunjur Village, Bengaluru, Karnataka 560087",2B + G + 18 Floors,"7,76,571 Sft",9F,"50,876 Sft",,Immediate
Whitefield,,Prestige Group,Prestige Tech Habitat,"WPJR+735, Gunjur Village, Bengaluru, Karnataka 560087",2B + G + 18 Floors,"7,76,571 Sft",8F,"46,619 Sft",,Immediate
Whitefield,,Prestige Group,Prestige Tech Habitat,"WPJR+735, Gunjur Village, Bengaluru, Karnataka 560087",2B + G + 18 Floors,"7,76,571 Sft",7F,"50,876 Sft",,Immediate
Whitefield,,Prestige Group,Prestige Tech Habitat,"WPJR+735, Gunjur Village, Bengaluru, Karnataka 560087",2B + G + 18 Floors,"7,76,571 Sft",6F,"50,876 Sft",,Immediate
Whitefield,,Prestige Group,Prestige Tech Habitat,"WPJR+735, Gunjur Village, Bengaluru, Karnataka 560087",2B + G + 18 Floors,"7,76,571 Sft",5F,"46,619 Sft",,Immediate
Whitefield,,Prestige Group,Prestige Tech Habitat,"WPJR+735, Gunjur Village, Bengaluru, Karnataka 560087",2B + G + 18 Floors,"7,76,571 Sft",4F,"31,729 Sft",,Immediate
Whitefield,,Prestige Group,Prestige Tech Habitat,"WPJR+735, Gunjur Village, Bengaluru, Karnataka 560087",2B + G + 18 Floors,"7,76,571 Sft",3F,,,Occupied
Whitefield,,Prestige Group,Prestige Tech Habitat,"WPJR+735, Gunjur Village, Bengaluru, Karnataka 560087",2B + G + 18 Floors,"7,76,571 Sft",2F,,,Occupied
Whitefield,,Prestige Group,Prestige Tech Habitat,"WPJR+735, Gunjur Village, Bengaluru, Karnataka 560087",2B + G + 18 Floors,"7,76,571 Sft",1F,"33,165 Sft",,Immediate
ORR,,Prestige Group,Prestige Tech Park - Jupiter,"Kadubeesanahalli, ORR, Bengaluru",B + G + 7 Floors,"2,79,722 Sft",9F,,,Occupied
ORR,,Prestige Group,Prestige Tech Park - Jupiter,"Kadubeesanahalli, ORR, Bengaluru",B + G + 7 Floors,"2,79,722 Sft",8F,"38,641 Sft",,Occupied
ORR,,Prestige Group,Prestige Tech Park - Jupiter,"Kadubeesanahalli, ORR, Bengaluru",B + G + 7 Floors,"2,79,722 Sft",7F,"34,897 Sft",,Occupied
ORR,,Prestige Group,Prestige Tech Park - Jupiter,"Kadubeesanahalli, ORR, Bengaluru",B + G + 7 Floors,"2,79,722 Sft",6F,"19,667 Sft",,Occupied
ORR,,Prestige Group,Prestige Tech Park - Jupiter,"Kadubeesanahalli, ORR, Bengaluru",B + G + 7 Floors,"2,79,722 Sft",6F,"19,666 Sft",,Occupied
ORR,,Prestige Group,Prestige Tech Park - Jupiter,"Kadubeesanahalli, ORR, Bengaluru",B + G + 7 Floors,"2,79,722 Sft",5F,"39,333 Sft",,Occupied
ORR,,Prestige Group,Prestige Tech Park - Jupiter,"Kadubeesanahalli, ORR, Bengaluru",B + G + 7 Floors,"2,79,722 Sft",4F,"45,265 Sft",,Occupied
ORR,,Prestige Group,Prestige Tech Park - Jupiter,"Kadubeesanahalli, ORR, Bengaluru",B + G + 7 Floors,"2,79,722 Sft",3F,"20,376 Sft",,Occupied
ORR,,Prestige Group,Prestige Tech Park - Jupiter,"Kadubeesanahalli, ORR, Bengaluru",B + G + 7 Floors,"2,79,722 Sft",3F,"20,375 Sft",,Occupied
ORR,,Prestige Group,Prestige Tech Park - Jupiter,"Kadubeesanahalli, ORR, Bengaluru",B + G + 7 Floors,"2,79,722 Sft",2F,"18,445 Sft",,Occupied
ORR,,Prestige Group,Prestige Tech Park - Jupiter,"Kadubeesanahalli, ORR, Bengaluru",B + G + 7 Floors,"2,79,722 Sft",2F,"19,278 Sft",,Occupied
ORR,,Prestige Group,Prestige Tech Park - Jupiter,"Kadubeesanahalli, ORR, Bengaluru",B + G + 7 Floors,"2,79,722 Sft",1F,"42,470 Sft",Warm Shell,Occupied
ORR,,Prestige Group,Prestige Tech Park - Jupiter,"Kadubeesanahalli, ORR, Bengaluru",B + G + 7 Floors,"2,79,722 Sft",GF,,,Occupied
ORR,,Prestige Group,Prestige Tech Park - Mercury,"Kadubeesanahalli, ORR, Bengaluru",B + G + 9 Floors,"3,60,416 Sft",9F,"38,867 Sft",,Occupied
ORR,,Prestige Group,Prestige Tech Park - Mercury,"Kadubeesanahalli, ORR, Bengaluru",B + G + 9 Floors,"3,60,416 Sft",8F,"39,057 Sft",,Occupied
ORR,,Prestige Group,Prestige Tech Park - Mercury,"Kadubeesanahalli, ORR, Bengaluru",B + G + 9 Floors,"3,60,416 Sft",7F,"38,641 Sft",,Occupied
ORR,,Prestige Group,Prestige Tech Park - Mercury,"Kadubeesanahalli, ORR, Bengaluru",B + G + 9 Floors,"3,60,416 Sft",6F,"39,812 Sft",,Occupied
ORR,,Prestige Group,Prestige Tech Park - Mercury,"Kadubeesanahalli, ORR, Bengaluru",B + G + 9 Floors,"3,60,416 Sft",5F,"44,911 Sft",,Occupied
ORR,,Prestige Group,Prestige Tech Park - Mercury,"Kadubeesanahalli, ORR, Bengaluru",B + G + 9 Floors,"3,60,416 Sft",4F,"40,211 Sft",,Occupied
ORR,,Prestige Group,Prestige Tech Park - Mercury,"Kadubeesanahalli, ORR, Bengaluru",B + G + 9 Floors,"3,60,416 Sft",3F,"40,211 Sft",,Occupied
ORR,,Prestige Group,Prestige Tech Park - Mercury,"Kadubeesanahalli, ORR, Bengaluru",B + G + 9 Floors,"3,60,416 Sft",2F,"41,800 Sft",,Occupied
ORR,,Prestige Group,Prestige Tech Park - Mercury,"Kadubeesanahalli, ORR, Bengaluru",B + G + 9 Floors,"3,60,416 Sft",1F,"41,909 Sft",,Occupied
ORR,,Prestige Group,Prestige Tech Park - Mercury,"Kadubeesanahalli, ORR, Bengaluru",B + G + 9 Floors,"3,60,416 Sft",GF,,,Occupied
ORR,,Prestige Group,Prestige Tech Park - Valence,"Kadubeesanahalli, ORR, Bengaluru",B + G + 9 Floors,"3,82,085 Sft",9F,"35,104 Sft",,Occupied
ORR,,Prestige Group,Prestige Tech Park - Valence,"Kadubeesanahalli, ORR, Bengaluru",B + G + 9 Floors,"3,82,085 Sft",8F,"36,301 Sft",,Occupied
ORR,,Prestige Group,Prestige Tech Park - Valence,"Kadubeesanahalli, ORR, Bengaluru",B + G + 9 Floors,"3,82,085 Sft",7F,"39,362 Sft",,Occupied
ORR,,Prestige Group,Prestige Tech Park - Valence,"Kadubeesanahalli, ORR, Bengaluru",B + G + 9 Floors,"3,82,085 Sft",6F,"39,362 Sft",,Occupied
ORR,,Prestige Group,Prestige Tech Park - Valence,"Kadubeesanahalli, ORR, Bengaluru",B + G + 9 Floors,"3,82,085 Sft",5F,"39,362 Sft",,Occupied
ORR,,Prestige Group,Prestige Tech Park - Valence,"Kadubeesanahalli, ORR, Bengaluru",B + G + 9 Floors,"3,82,085 Sft",4F,"39,362 Sft",,Occupied
ORR,,Prestige Group,Prestige Tech Park - Valence,"Kadubeesanahalli, ORR, Bengaluru",B + G + 9 Floors,"3,82,085 Sft",3F,"39,362 Sft",,Occupied
ORR,,Prestige Group,Prestige Tech Park - Valence,"Kadubeesanahalli, ORR, Bengaluru",B + G + 9 Floors,"3,82,085 Sft",2F,"20,016 Sft",,Occupied
ORR,,Prestige Group,Prestige Tech Park - Valence,"Kadubeesanahalli, ORR, Bengaluru",B + G + 9 Floors,"3,82,085 Sft",2F,"19,346 Sft",,Occupied
ORR,,Prestige Group,Prestige Tech Park - Valence,"Kadubeesanahalli, ORR, Bengaluru",B + G + 9 Floors,"3,82,085 Sft",1F,"39,362 Sft",,Occupied
ORR,,Prestige Group,Prestige Tech Park - Valence,"Kadubeesanahalli, ORR, Bengaluru",B + G + 9 Floors,"3,82,085 Sft",GF,"19,175 Sft",,Occupied
ORR,,Prestige Group,Prestige Tech Park - Valence,"Kadubeesanahalli, ORR, Bengaluru",B + G + 9 Floors,"3,82,085 Sft",GF,"15,990 Sft",,Occupied
ORR,,Prestige Group,Prestige Tech Park - Vector,"Kadubeesanahalli, ORR, Bengaluru",B + G + 9 Floors,"3,61,975 Sft",9F,"33,321 Sft",,Occupied
ORR,,Prestige Group,Prestige Tech Park - Vector,"Kadubeesanahalli, ORR, Bengaluru",B + G + 9 Floors,"3,61,975 Sft",8F,"34,520 Sft",Fully Furnished,Immediate
ORR,,Prestige Group,Prestige Tech Park - Vector,"Kadubeesanahalli, ORR, Bengaluru",B + G + 9 Floors,"3,61,975 Sft",7F,"37,375 Sft",Fully Furnished,Immediate
ORR,,Prestige Group,Prestige Tech Park - Vector,"Kadubeesanahalli, ORR, Bengaluru",B + G + 9 Floors,"3,61,975 Sft",6F,"37,375 Sft",,Occupied
ORR,,Prestige Group,Prestige Tech Park - Vector,"Kadubeesanahalli, ORR, Bengaluru",B + G + 9 Floors,"3,61,975 Sft",5F,"37,375 Sft",,Occupied
ORR,,Prestige Group,Prestige Tech Park - Vector,"Kadubeesanahalli, ORR, Bengaluru",B + G + 9 Floors,"3,61,975 Sft",4F,"37,375 Sft",,Occupied
ORR,,Prestige Group,Prestige Tech Park - Vector,"Kadubeesanahalli, ORR, Bengaluru",B + G + 9 Floors,"3,61,975 Sft",3F,"37,375 Sft",,Occupied
ORR,,Prestige Group,Prestige Tech Park - Vector,"Kadubeesanahalli, ORR, Bengaluru",B + G + 9 Floors,"3,61,975 Sft",2F,"37,629 Sft",,Occupied
ORR,,Prestige Group,Prestige Tech Park - Vector,"Kadubeesanahalli, ORR, Bengaluru",B + G + 9 Floors,"3,61,975 Sft",1F,"37,375 Sft",,Occupied
ORR,,Prestige Group,Prestige Tech Park - Vector,"Kadubeesanahalli, ORR, Bengaluru",B + G + 9 Floors,"3,61,975 Sft",GF,"32,509 Sft",,Occupied
ORR,,Prestige Group,Prestige Tech Park - Velocity,"Kadubeesanahalli, ORR, Bengaluru",B + G + 9 Floors,"3,79,097 Sft",9F,"35,230 Sft",,Occupied
ORR,,Prestige Group,Prestige Tech Park - Velocity,"Kadubeesanahalli, ORR, Bengaluru",B + G + 9 Floors,"3,79,097 Sft",8F,"36,424 Sft",,Occupied
ORR,,Prestige Group,Prestige Tech Park - Velocity,"Kadubeesanahalli, ORR, Bengaluru",B + G + 9 Floors,"3,79,097 Sft",7F,"39,231 Sft",,Occupied
ORR,,Prestige Group,Prestige Tech Park - Velocity,"Kadubeesanahalli, ORR, Bengaluru",B + G + 9 Floors,"3,79,097 Sft",6F,"39,231 Sft",,Occupied
ORR,,Prestige Group,Prestige Tech Park - Velocity,"Kadubeesanahalli, ORR, Bengaluru",B + G + 9 Floors,"3,79,097 Sft",5F,"39,231 Sft",,Occupied
ORR,,Prestige Group,Prestige Tech Park - Velocity,"Kadubeesanahalli, ORR, Bengaluru",B + G + 9 Floors,"3,79,097 Sft",4F,"39,231 Sft",,Occupied
ORR,,Prestige Group,Prestige Tech Park - Velocity,"Kadubeesanahalli, ORR, Bengaluru",B + G + 9 Floors,"3,79,097 Sft",3F,"39,231 Sft",,Occupied
ORR,,Prestige Group,Prestige Tech Park - Velocity,"Kadubeesanahalli, ORR, Bengaluru",B + G + 9 Floors,"3,79,097 Sft",2F,"39,231 Sft",,Occupied
ORR,,Prestige Group,Prestige Tech Park - Velocity,"Kadubeesanahalli, ORR, Bengaluru",B + G + 9 Floors,"3,79,097 Sft",1F,"39,231 Sft",,Occupied
ORR,,Prestige Group,Prestige Tech Park - Velocity,"Kadubeesanahalli, ORR, Bengaluru",B + G + 9 Floors,"3,79,097 Sft",GF,"5,708 Sft",Warm Shell,Immediate
ORR,,Prestige Group,Prestige Tech Park - Velocity,"Kadubeesanahalli, ORR, Bengaluru",B + G + 9 Floors,"3,79,097 Sft",Balance Floors,"27,118 Sft",-,Occupied
ORR,,Prestige Group,Prestige Tech Park - Venus,"Kadubeesanahalli, ORR, Bengaluru",B + G + 9 Floors,"3,50,433 Sft",9F,"35,042 Sft",,Occupied
ORR,,Prestige Group,Prestige Tech Park - Venus,"Kadubeesanahalli, ORR, Bengaluru",B + G + 9 Floors,"3,50,433 Sft",8F,"39,057 Sft",,Occupied
ORR,,Prestige Group,Prestige Tech Park - Venus,"Kadubeesanahalli, ORR, Bengaluru",B + G + 9 Floors,"3,50,433 Sft",7F,"39,057 Sft",,Occupied
ORR,,Prestige Group,Prestige Tech Park - Venus,"Kadubeesanahalli, ORR, Bengaluru",B + G + 9 Floors,"3,50,433 Sft",6F,"40,138 Sft",,Occupied
ORR,,Prestige Group,Prestige Tech Park - Venus,"Kadubeesanahalli, ORR, Bengaluru",B + G + 9 Floors,"3,50,433 Sft",5F,"40,627 Sft",Warm Shell,Immediate
ORR,,Prestige Group,Prestige Tech Park - Venus,"Kadubeesanahalli, ORR, Bengaluru",B + G + 9 Floors,"3,50,433 Sft",4F,"40,627 Sft",,Occupied
ORR,,Prestige Group,Prestige Tech Park - Venus,"Kadubeesanahalli, ORR, Bengaluru",B + G + 9 Floors,"3,50,433 Sft",3F,"40,627 Sft",,Occupied
ORR,,Prestige Group,Prestige Tech Park - Venus,"Kadubeesanahalli, ORR, Bengaluru",B + G + 9 Floors,"3,50,433 Sft",2F,"37,629 Sft",,Occupied
ORR,,Prestige Group,Prestige Tech Park - Venus,"Kadubeesanahalli, ORR, Bengaluru",B + G + 9 Floors,"3,50,433 Sft",1F,"37,629 Sft",,Occupied
ORR,,Prestige Group,Prestige Tech Park - Venus,"Kadubeesanahalli, ORR, Bengaluru",B + G + 9 Floors,"3,50,433 Sft",GF,,,Occupied
Whitefield,,Prestige Group,Prestige Technostar - Building 01,"Prestige Technostar, Doddanakundi Industrial Area 2, Phase 1, Brookefield, Bengaluru, Karnataka 560048",B + G + 9 Floors,"3,51,495 Sft",9F,"36,610 Sft",,Occupied
Whitefield,,Prestige Group,Prestige Technostar - Building 01,"Prestige Technostar, Doddanakundi Industrial Area 2, Phase 1, Brookefield, Bengaluru, Karnataka 560048",B + G + 9 Floors,"3,51,495 Sft",8F,"39,570 Sft",,Occupied
Whitefield,,Prestige Group,Prestige Technostar - Building 01,"Prestige Technostar, Doddanakundi Industrial Area 2, Phase 1, Brookefield, Bengaluru, Karnataka 560048",B + G + 9 Floors,"3,51,495 Sft",7F,"39,570 Sft",,Occupied
Whitefield,,Prestige Group,Prestige Technostar - Building 01,"Prestige Technostar, Doddanakundi Industrial Area 2, Phase 1, Brookefield, Bengaluru, Karnataka 560048",B + G + 9 Floors,"3,51,495 Sft",6F,"39,390 Sft",,Occupied
Whitefield,,Prestige Group,Prestige Technostar - Building 01,"Prestige Technostar, Doddanakundi Industrial Area 2, Phase 1, Brookefield, Bengaluru, Karnataka 560048",B + G + 9 Floors,"3,51,495 Sft",5F,"40,125 Sft",,Occupied
Whitefield,,Prestige Group,Prestige Technostar - Building 01,"Prestige Technostar, Doddanakundi Industrial Area 2, Phase 1, Brookefield, Bengaluru, Karnataka 560048",B + G + 9 Floors,"3,51,495 Sft",4F,"40,125 Sft",,Occupied
Whitefield,,Prestige Group,Prestige Technostar - Building 01,"Prestige Technostar, Doddanakundi Industrial Area 2, Phase 1, Brookefield, Bengaluru, Karnataka 560048",B + G + 9 Floors,"3,51,495 Sft",3F,"40,125 Sft",,Occupied
Whitefield,,Prestige Group,Prestige Technostar - Building 01,"Prestige Technostar, Doddanakundi Industrial Area 2, Phase 1, Brookefield, Bengaluru, Karnataka 560048",B + G + 9 Floors,"3,51,495 Sft",2F,"40,135 Sft",,Occupied
Whitefield,,Prestige Group,Prestige Technostar - Building 01,"Prestige Technostar, Doddanakundi Industrial Area 2, Phase 1, Brookefield, Bengaluru, Karnataka 560048",B + G + 9 Floors,"3,51,495 Sft",1F,"35,845 Sft",,Occupied
Whitefield,,Prestige Group,Prestige Technostar - Building 01,"Prestige Technostar, Doddanakundi Industrial Area 2, Phase 1, Brookefield, Bengaluru, Karnataka 560048",B + G + 9 Floors,"3,51,495 Sft",GF,,,Occupied
Whitefield,,Prestige Group,Prestige Technostar - Building 02,"Prestige Technostar, Doddanakundi Industrial Area 2, Phase 1, Brookefield, Bengaluru, Karnataka 560048",B + G + 9 Floors,"3,25,832 Sft",9F,"37,330 Sft",,Occupied
Whitefield,,Prestige Group,Prestige Technostar - Building 02,"Prestige Technostar, Doddanakundi Industrial Area 2, Phase 1, Brookefield, Bengaluru, Karnataka 560048",B + G + 9 Floors,"3,25,832 Sft",8F,"19,017 Sft",,Occupied
Whitefield,,Prestige Group,Prestige Technostar - Building 02,"Prestige Technostar, Doddanakundi Industrial Area 2, Phase 1, Brookefield, Bengaluru, Karnataka 560048",B + G + 9 Floors,"3,25,832 Sft",8F,"19,875 Sft",,Occupied
Whitefield,,Prestige Group,Prestige Technostar - Building 02,"Prestige Technostar, Doddanakundi Industrial Area 2, Phase 1, Brookefield, Bengaluru, Karnataka 560048",B + G + 9 Floors,"3,25,832 Sft",7F,"38,890 Sft",,Occupied
Whitefield,,Prestige Group,Prestige Technostar - Building 02,"Prestige Technostar, Doddanakundi Industrial Area 2, Phase 1, Brookefield, Bengaluru, Karnataka 560048",B + G + 9 Floors,"3,25,832 Sft",6F,"38,705 Sft",,Occupied
Whitefield,,Prestige Group,Prestige Technostar - Building 02,"Prestige Technostar, Doddanakundi Industrial Area 2, Phase 1, Brookefield, Bengaluru, Karnataka 560048",B + G + 9 Floors,"3,25,832 Sft",5F,"38,705 Sft",,Occupied
Whitefield,,Prestige Group,Prestige Technostar - Building 02,"Prestige Technostar, Doddanakundi Industrial Area 2, Phase 1, Brookefield, Bengaluru, Karnataka 560048",B + G + 9 Floors,"3,25,832 Sft",4F,"45,040 Sft",,Occupied
Whitefield,,Prestige Group,Prestige Technostar - Building 02,"Prestige Technostar, Doddanakundi Industrial Area 2, Phase 1, Brookefield, Bengaluru, Karnataka 560048",B + G + 9 Floors,"3,25,832 Sft",3F,"45,040 Sft",,Occupied
Whitefield,,Prestige Group,Prestige Technostar - Building 02,"Prestige Technostar, Doddanakundi Industrial Area 2, Phase 1, Brookefield, Bengaluru, Karnataka 560048",B + G + 9 Floors,"3,25,832 Sft",2F,"26,500 Sft",,Occupied
Whitefield,,Prestige Group,Prestige Technostar - Building 02,"Prestige Technostar, Doddanakundi Industrial Area 2, Phase 1, Brookefield, Bengaluru, Karnataka 560048",B + G + 9 Floors,"3,25,832 Sft",1F,"16,730 Sft",,Occupied
Whitefield,,Prestige Group,Prestige Technostar - Building 02,"Prestige Technostar, Doddanakundi Industrial Area 2, Phase 1, Brookefield, Bengaluru, Karnataka 560048",B + G + 9 Floors,"3,25,832 Sft",GF,"1,360 Sft",Fully Furnished,Immediate
Whitefield,,Prestige Group,Prestige Technostar - Building 03,"Prestige Technostar, Doddanakundi Industrial Area 2, Phase 1, Brookefield, Bengaluru, Karnataka 560048",B + G + 12 Floors,"3,70,995 Sft",12F,"29,150 Sft",,Occupied
Whitefield,,Prestige Group,Prestige Technostar - Building 03,"Prestige Technostar, Doddanakundi Industrial Area 2, Phase 1, Brookefield, Bengaluru, Karnataka 560048",B + G + 12 Floors,"3,70,995 Sft",11F,"29,150 Sft",,Occupied
Whitefield,,Prestige Group,Prestige Technostar - Building 03,"Prestige Technostar, Doddanakundi Industrial Area 2, Phase 1, Brookefield, Bengaluru, Karnataka 560048",B + G + 12 Floors,"3,70,995 Sft",10F,"29,150 Sft",,Occupied
Whitefield,,Prestige Group,Prestige Technostar - Building 03,"Prestige Technostar, Doddanakundi Industrial Area 2, Phase 1, Brookefield, Bengaluru, Karnataka 560048",B + G + 12 Floors,"3,70,995 Sft",9F,"31,485 Sft",,Occupied
Whitefield,,Prestige Group,Prestige Technostar - Building 03,"Prestige Technostar, Doddanakundi Industrial Area 2, Phase 1, Brookefield, Bengaluru, Karnataka 560048",B + G + 12 Floors,"3,70,995 Sft",8F,"31,485 Sft",,Occupied
Whitefield,,Prestige Group,Prestige Technostar - Building 03,"Prestige Technostar, Doddanakundi Industrial Area 2, Phase 1, Brookefield, Bengaluru, Karnataka 560048",B + G + 12 Floors,"3,70,995 Sft",7F,"31,485 Sft",,Occupied
Whitefield,,Prestige Group,Prestige Technostar - Building 03,"Prestige Technostar, Doddanakundi Industrial Area 2, Phase 1, Brookefield, Bengaluru, Karnataka 560048",B + G + 12 Floors,"3,70,995 Sft",6F,"33,355 Sft",,Occupied
Whitefield,,Prestige Group,Prestige Technostar - Building 03,"Prestige Technostar, Doddanakundi Industrial Area 2, Phase 1, Brookefield, Bengaluru, Karnataka 560048",B + G + 12 Floors,"3,70,995 Sft",5F,"31,870 Sft",,Occupied
Whitefield,,Prestige Group,Prestige Technostar - Building 03,"Prestige Technostar, Doddanakundi Industrial Area 2, Phase 1, Brookefield, Bengaluru, Karnataka 560048",B + G + 12 Floors,"3,70,995 Sft",4F,"31,870 Sft",,Occupied
Whitefield,,Prestige Group,Prestige Technostar - Building 03,"Prestige Technostar, Doddanakundi Industrial Area 2, Phase 1, Brookefield, Bengaluru, Karnataka 560048",B + G + 12 Floors,"3,70,995 Sft",3F,"31,870 Sft",,Occupied
Whitefield,,Prestige Group,Prestige Technostar - Building 03,"Prestige Technostar, Doddanakundi Industrial Area 2, Phase 1, Brookefield, Bengaluru, Karnataka 560048",B + G + 12 Floors,"3,70,995 Sft",2F,"31,870 Sft",,Occupied
Whitefield,,Prestige Group,Prestige Technostar - Building 03,"Prestige Technostar, Doddanakundi Industrial Area 2, Phase 1, Brookefield, Bengaluru, Karnataka 560048",B + G + 12 Floors,"3,70,995 Sft",1F,"8,910 Sft",,Occupied
Whitefield,,Prestige Group,Prestige Technostar - Building 03,"Prestige Technostar, Doddanakundi Industrial Area 2, Phase 1, Brookefield, Bengaluru, Karnataka 560048",B + G + 12 Floors,"3,70,995 Sft",1F,"19,345 Sft",,Occupied
Airport / Devanahalli,,Prestige Group,Prestige Terminus,"HAL Airport Road, Old Airport Arrival Rd, Murugeshpalya, Konena Agrahara, Bengaluru, Karnataka 560017",1B + G + 3 Floors,"37,355 Sft",3F,"1,755 Sft",,Occupied
Airport / Devanahalli,,Prestige Group,Prestige Terminus,"HAL Airport Road, Old Airport Arrival Rd, Murugeshpalya, Konena Agrahara, Bengaluru, Karnataka 560017",1B + G + 3 Floors,"37,355 Sft",3F,"6,555 Sft",Warm Shell,Immediate
Airport / Devanahalli,,Prestige Group,Prestige Terminus,"HAL Airport Road, Old Airport Arrival Rd, Murugeshpalya, Konena Agrahara, Bengaluru, Karnataka 560017",1B + G + 3 Floors,"37,355 Sft",3F,"2,580 Sft",Warm Shell,Immediate
Airport / Devanahalli,,Prestige Group,Prestige Terminus,"HAL Airport Road, Old Airport Arrival Rd, Murugeshpalya, Konena Agrahara, Bengaluru, Karnataka 560017",1B + G + 3 Floors,"37,355 Sft",2F,"4,885 Sft",,Occupied
Airport / Devanahalli,,Prestige Group,Prestige Terminus,"HAL Airport Road, Old Airport Arrival Rd, Murugeshpalya, Konena Agrahara, Bengaluru, Karnataka 560017",1B + G + 3 Floors,"37,355 Sft",2F,"4,070 Sft",Warm Shell,Immediate
Airport / Devanahalli,,Prestige Group,Prestige Terminus,"HAL Airport Road, Old Airport Arrival Rd, Murugeshpalya, Konena Agrahara, Bengaluru, Karnataka 560017",1B + G + 3 Floors,"37,355 Sft",2F,"1,935 Sft",Warm Shell,Immediate
Airport / Devanahalli,,Prestige Group,Prestige Terminus,"HAL Airport Road, Old Airport Arrival Rd, Murugeshpalya, Konena Agrahara, Bengaluru, Karnataka 560017",1B + G + 3 Floors,"37,355 Sft",1F,"2,460 Sft",,Occupied
Airport / Devanahalli,,Prestige Group,Prestige Terminus,"HAL Airport Road, Old Airport Arrival Rd, Murugeshpalya, Konena Agrahara, Bengaluru, Karnataka 560017",1B + G + 3 Floors,"37,355 Sft",1F,"6,660 Sft",Warm Shell,Immediate
Airport / Devanahalli,,Prestige Group,Prestige Terminus,"HAL Airport Road, Old Airport Arrival Rd, Murugeshpalya, Konena Agrahara, Bengaluru, Karnataka 560017",1B + G + 3 Floors,"37,355 Sft",1F,"1,200 Sft",Warm Shell,Immediate
Airport / Devanahalli,,Prestige Group,Prestige Terminus,"HAL Airport Road, Old Airport Arrival Rd, Murugeshpalya, Konena Agrahara, Bengaluru, Karnataka 560017",1B + G + 3 Floors,"37,355 Sft",GF,"6,250 Sft",Warm Shell,Immediate
Airport / Devanahalli,,Prestige Group,Prestige Terminus,"HAL Airport Road, Old Airport Arrival Rd, Murugeshpalya, Konena Agrahara, Bengaluru, Karnataka 560017",1B + G + 3 Floors,"37,355 Sft",GF,"3,810 Sft",,Occupied
ORR,,Prestige Group,Prestige Trinity Centre,"Prestige Trinity Centre, 4, Gear School Rd, Adarsh Palm Retreat, Bellandur, Bengaluru, Karnataka 560103",2B + G + 10 Floors,"2,68,711 Sft",10F,"24,442 Sft",,Occupied
ORR,,Prestige Group,Prestige Trinity Centre,"Prestige Trinity Centre, 4, Gear School Rd, Adarsh Palm Retreat, Bellandur, Bengaluru, Karnataka 560103",2B + G + 10 Floors,"2,68,711 Sft",9F,"24,773 Sft",,Occupied
ORR,,Prestige Group,Prestige Trinity Centre,"Prestige Trinity Centre, 4, Gear School Rd, Adarsh Palm Retreat, Bellandur, Bengaluru, Karnataka 560103",2B + G + 10 Floors,"2,68,711 Sft",8F,"24,880 Sft",,Immediate
ORR,,Prestige Group,Prestige Trinity Centre,"Prestige Trinity Centre, 4, Gear School Rd, Adarsh Palm Retreat, Bellandur, Bengaluru, Karnataka 560103",2B + G + 10 Floors,"2,68,711 Sft",7F,"24,880 Sft",,Immediate
ORR,,Prestige Group,Prestige Trinity Centre,"Prestige Trinity Centre, 4, Gear School Rd, Adarsh Palm Retreat, Bellandur, Bengaluru, Karnataka 560103",2B + G + 10 Floors,"2,68,711 Sft",6F,"24,733 Sft",,Immediate
ORR,,Prestige Group,Prestige Trinity Centre,"Prestige Trinity Centre, 4, Gear School Rd, Adarsh Palm Retreat, Bellandur, Bengaluru, Karnataka 560103",2B + G + 10 Floors,"2,68,711 Sft",5F,"24,873 Sft",,Immediate
ORR,,Prestige Group,Prestige Trinity Centre,"Prestige Trinity Centre, 4, Gear School Rd, Adarsh Palm Retreat, Bellandur, Bengaluru, Karnataka 560103",2B + G + 10 Floors,"2,68,711 Sft",4F,"24,873 Sft",,Immediate
ORR,,Prestige Group,Prestige Trinity Centre,"Prestige Trinity Centre, 4, Gear School Rd, Adarsh Palm Retreat, Bellandur, Bengaluru, Karnataka 560103",2B + G + 10 Floors,"2,68,711 Sft",3F,"24,873 Sft",,Immediate
ORR,,Prestige Group,Prestige Trinity Centre,"Prestige Trinity Centre, 4, Gear School Rd, Adarsh Palm Retreat, Bellandur, Bengaluru, Karnataka 560103",2B + G + 10 Floors,"2,68,711 Sft",2F,"24,873 Sft",,Immediate
ORR,,Prestige Group,Prestige Trinity Centre,"Prestige Trinity Centre, 4, Gear School Rd, Adarsh Palm Retreat, Bellandur, Bengaluru, Karnataka 560103",2B + G + 10 Floors,"2,68,711 Sft",1F,"11,771 Sft",,Immediate
ORR,,Prestige Group,Prestige Trinity Centre,"Prestige Trinity Centre, 4, Gear School Rd, Adarsh Palm Retreat, Bellandur, Bengaluru, Karnataka 560103",2B + G + 10 Floors,"2,68,711 Sft",1F,"11,770 Sft",,Occupied
ORR,,Prestige Group,Prestige Trinity Centre,"Prestige Trinity Centre, 4, Gear School Rd, Adarsh Palm Retreat, Bellandur, Bengaluru, Karnataka 560103",2B + G + 10 Floors,"2,68,711 Sft",GF,"21,916 Sft",,Occupied
North-BLR,,Prestige Group,Prestige Waterfront,"2JV6+33X, Jogappa Layout, Nagavara, Bengaluru, Karnataka 560045",3B + G + 16 Floors,"4,20,808 Sft",Terrace,"4,123 Sft",,Occupied
North-BLR,,Prestige Group,Prestige Waterfront,"2JV6+33X, Jogappa Layout, Nagavara, Bengaluru, Karnataka 560045",3B + G + 16 Floors,"4,20,808 Sft",16F,"27,100 Sft",,Occupied
North-BLR,,Prestige Group,Prestige Waterfront,"2JV6+33X, Jogappa Layout, Nagavara, Bengaluru, Karnataka 560045",3B + G + 16 Floors,"4,20,808 Sft",15F,"27,100 Sft",,Immediate
North-BLR,,Prestige Group,Prestige Waterfront,"2JV6+33X, Jogappa Layout, Nagavara, Bengaluru, Karnataka 560045",3B + G + 16 Floors,"4,20,808 Sft",14F,"23,392 Sft",,Immediate
North-BLR,,Prestige Group,Prestige Waterfront,"2JV6+33X, Jogappa Layout, Nagavara, Bengaluru, Karnataka 560045",3B + G + 16 Floors,"4,20,808 Sft",13F,"27,100 Sft",,Immediate
North-BLR,,Prestige Group,Prestige Waterfront,"2JV6+33X, Jogappa Layout, Nagavara, Bengaluru, Karnataka 560045",3B + G + 16 Floors,"4,20,808 Sft",12F,"27,100 Sft",,Immediate
North-BLR,,Prestige Group,Prestige Waterfront,"2JV6+33X, Jogappa Layout, Nagavara, Bengaluru, Karnataka 560045",3B + G + 16 Floors,"4,20,808 Sft",11F,"27,100 Sft",,Immediate
North-BLR,,Prestige Group,Prestige Waterfront,"2JV6+33X, Jogappa Layout, Nagavara, Bengaluru, Karnataka 560045",3B + G + 16 Floors,"4,20,808 Sft",10F,"23,739 Sft",,Immediate
North-BLR,,Prestige Group,Prestige Waterfront,"2JV6+33X, Jogappa Layout, Nagavara, Bengaluru, Karnataka 560045",3B + G + 16 Floors,"4,20,808 Sft",9F,"26,907 Sft",,Immediate
North-BLR,,Prestige Group,Prestige Waterfront,"2JV6+33X, Jogappa Layout, Nagavara, Bengaluru, Karnataka 560045",3B + G + 16 Floors,"4,20,808 Sft",8F,"26,907 Sft",,Immediate
North-BLR,,Prestige Group,Prestige Waterfront,"2JV6+33X, Jogappa Layout, Nagavara, Bengaluru, Karnataka 560045",3B + G + 16 Floors,"4,20,808 Sft",7F,"26,907 Sft",,Immediate
North-BLR,,Prestige Group,Prestige Waterfront,"2JV6+33X, Jogappa Layout, Nagavara, Bengaluru, Karnataka 560045",3B + G + 16 Floors,"4,20,808 Sft",6F,"23,739 Sft",,Immediate
North-BLR,,Prestige Group,Prestige Waterfront,"2JV6+33X, Jogappa Layout, Nagavara, Bengaluru, Karnataka 560045",3B + G + 16 Floors,"4,20,808 Sft",5F,"27,075 Sft",,Immediate
North-BLR,,Prestige Group,Prestige Waterfront,"2JV6+33X, Jogappa Layout, Nagavara, Bengaluru, Karnataka 560045",3B + G + 16 Floors,"4,20,808 Sft",4F,"27,075 Sft",,Immediate
North-BLR,,Prestige Group,Prestige Waterfront,"2JV6+33X, Jogappa Layout, Nagavara, Bengaluru, Karnataka 560045",3B + G + 16 Floors,"4,20,808 Sft",3F,"27,075 Sft",,Immediate
North-BLR,,Prestige Group,Prestige Waterfront,"2JV6+33X, Jogappa Layout, Nagavara, Bengaluru, Karnataka 560045",3B + G + 16 Floors,"4,20,808 Sft",2F,"27,075 Sft",,Immediate
North-BLR,,Prestige Group,Prestige Waterfront,"2JV6+33X, Jogappa Layout, Nagavara, Bengaluru, Karnataka 560045",3B + G + 16 Floors,"4,20,808 Sft",1F,"20,753 Sft",,Immediate
CBD,,Prestige Group,UB City,"24, Vittal Mallya Rd, KG Halli, D' Souza Layout, Ashok Nagar, Bengaluru, Karnataka 560001",2B + G + 19 Floors,"1,99,916 Sft",19F,"9,596 Sft",,Occupied
CBD,,Prestige Group,UB City,"24, Vittal Mallya Rd, KG Halli, D' Souza Layout, Ashok Nagar, Bengaluru, Karnataka 560001",2B + G + 19 Floors,"1,99,916 Sft",18F,"9,596 Sft",,Immediate
CBD,,Prestige Group,UB City,"24, Vittal Mallya Rd, KG Halli, D' Souza Layout, Ashok Nagar, Bengaluru, Karnataka 560001",2B + G + 19 Floors,"1,99,916 Sft",17F,"9,596 Sft",,Occupied
CBD,,Prestige Group,UB City,"24, Vittal Mallya Rd, KG Halli, D' Souza Layout, Ashok Nagar, Bengaluru, Karnataka 560001",2B + G + 19 Floors,"1,99,916 Sft",16F,"10,271 Sft",,Occupied
CBD,,Prestige Group,UB City,"24, Vittal Mallya Rd, KG Halli, D' Souza Layout, Ashok Nagar, Bengaluru, Karnataka 560001",2B + G + 19 Floors,"1,99,916 Sft",15F,"11,502 Sft",,Occupied
CBD,,Prestige Group,UB City,"24, Vittal Mallya Rd, KG Halli, D' Souza Layout, Ashok Nagar, Bengaluru, Karnataka 560001",2B + G + 19 Floors,"1,99,916 Sft",14F,"11,502 Sft",,Occupied
CBD,,Prestige Group,UB City,"24, Vittal Mallya Rd, KG Halli, D' Souza Layout, Ashok Nagar, Bengaluru, Karnataka 560001",2B + G + 19 Floors,"1,99,916 Sft",13F,"11,502 Sft",,Occupied
CBD,,Prestige Group,UB City,"24, Vittal Mallya Rd, KG Halli, D' Souza Layout, Ashok Nagar, Bengaluru, Karnataka 560001",2B + G + 19 Floors,"1,99,916 Sft",12F,"11,502 Sft",,Immediate
CBD,,Prestige Group,UB City,"24, Vittal Mallya Rd, KG Halli, D' Souza Layout, Ashok Nagar, Bengaluru, Karnataka 560001",2B + G + 19 Floors,"1,99,916 Sft",11F,"12,761 Sft",,Occupied
CBD,,Prestige Group,UB City,"24, Vittal Mallya Rd, KG Halli, D' Souza Layout, Ashok Nagar, Bengaluru, Karnataka 560001",2B + G + 19 Floors,"1,99,916 Sft",10F,"12,761 Sft",,Occupied
CBD,,Prestige Group,UB City,"24, Vittal Mallya Rd, KG Halli, D' Souza Layout, Ashok Nagar, Bengaluru, Karnataka 560001",2B + G + 19 Floors,"1,99,916 Sft",9F,"12,761 Sft",,Occupied
CBD,,Prestige Group,UB City,"24, Vittal Mallya Rd, KG Halli, D' Souza Layout, Ashok Nagar, Bengaluru, Karnataka 560001",2B + G + 19 Floors,"1,99,916 Sft",8F,"12,761 Sft",,Occupied
CBD,,Prestige Group,UB City,"24, Vittal Mallya Rd, KG Halli, D' Souza Layout, Ashok Nagar, Bengaluru, Karnataka 560001",2B + G + 19 Floors,"1,99,916 Sft",7F,"12,761 Sft",,Occupied
CBD,,Prestige Group,UB City,"24, Vittal Mallya Rd, KG Halli, D' Souza Layout, Ashok Nagar, Bengaluru, Karnataka 560001",2B + G + 19 Floors,"1,99,916 Sft",6F,"12,761 Sft",,Occupied
CBD,,Prestige Group,UB City,"24, Vittal Mallya Rd, KG Halli, D' Souza Layout, Ashok Nagar, Bengaluru, Karnataka 560001",2B + G + 19 Floors,"1,99,916 Sft",5F,"12,761 Sft",,Occupied
CBD,,Prestige Group,UB City,"24, Vittal Mallya Rd, KG Halli, D' Souza Layout, Ashok Nagar, Bengaluru, Karnataka 560001",2B + G + 19 Floors,"1,99,916 Sft",4F,"12,761 Sft",,Occupied
CBD,,Prestige Group,UB City,"24, Vittal Mallya Rd, KG Halli, D' Souza Layout, Ashok Nagar, Bengaluru, Karnataka 560001",2B + G + 19 Floors,"1,99,916 Sft",3F,"12,761 Sft",,Occupied
North-BLR,,Puravankara,Purva Aerocity - Block B,"Bellary Road, Chikajella, Bengaluru",,,4th - 16th,"9,00,000 Sft",Warm Shell,Immediate
North-BLR,,Puravankara,Purva Aerocity - Block D,"Bellary Road, Chikajella, Bengaluru",,,3rd - 12th,"4,00,000 Sft",Warm Shell,Immediate
E-City,,Puravankara,Purva Gainz,"Hosur Road, Electronic City, Bengaluru",,,1st,"29,000 Sft",Bare Shell,Immediate
Others,,Puravankara,Purva Zentech,"Kanakpura Road, Bengaluru",,,"1st - 4th, 12th - 15th","2,60,000 Sft",Warm Shell,Jul 2026
ORR,,RMZ Corp,Campus 20,"Outer Ring Road, Bengaluru",3 Basement Levels for Parking + Plaza (main drop-off) + 10 floors for office space,"12,20,000 Sft",,,,
ORR,,RMZ Corp,Campus 21,"Outer Ring Road, Bengaluru",,"7,10,000 Sft",,,,
ORR,,RMZ Corp,Campus 30,"Outer Ring Road, Bengaluru",3 Basement Levels for Parking + Ground (parking) + Plaza + 10 floors for office space,"17,20,000 Sft",,,,
ORR,,RMZ Corp,Campus 33,"Outer Ring Road, Bengaluru",3 Basement Levels for Parking + Ground (parking) + Plaza + 10 floors for office space,"17,20,000 Sft",,,,
ORR,,RMZ Corp,RMZ Ecoworld - Campus 20,"Outer Ring Road, Bangalore",,"19,50,000 Sft",4F,"29,012 Sft",Warm Shell,Immediate
ORR,,RMZ Corp,RMZ Ecoworld - Campus 20,"Outer Ring Road, Bangalore",,"19,50,000 Sft",Balance Floors,"19,20,988 Sft",-,Occupied
ORR,,RMZ Corp,RMZ Ecoworld - Tower 20,"Ecoworld, Bengaluru",,,1F,"87,000 Sft",,Immediate
ORR,,RMZ Corp,RMZ Ecoworld - Tower 20,"Ecoworld, Bengaluru",,,4F,"29,000 Sft",,Immediate
ORR,,RMZ Corp,RMZ Ecoworld - Tower 20,"Ecoworld, Bengaluru",,,8F,"58,000 Sft",,Immediate
ORR,,RMZ Corp,RMZ Ecoworld - Tower 21,"Ecoworld, Bengaluru",,,4F & 5F,"1,45,000 Sft",,Immediate
ORR,,RMZ Corp,RMZ Ecoworld - Tower 30,"Ecoworld, Bengaluru",,,2F,"45,000 Sft",,Immediate
ORR,,RMZ Corp,RMZ Ecoworld - Tower 30,"Ecoworld, Bengaluru",,,4F & 5F,"2,23,000 Sft",,Immediate
ORR,,RMZ Corp,RMZ Ecoworld - Tower 30,"Ecoworld, Bengaluru",,,7F,"1,12,000 Sft",,Immediate
ORR,,RMZ Corp,RMZ Ecoworld - Tower 33,"Ecoworld, Bengaluru",,,2F,"39,000 Sft",,Immediate
ORR,,RMZ Corp,RMZ Ecoworld - Tower 33,"Ecoworld, Bengaluru",,,3F,"48,000 Sft",,Immediate
ORR,,RMZ Corp,RMZ Ecoworld - Tower 33,"Ecoworld, Bengaluru",,,5F to 7F,"2,30,000 Sft",,Immediate
Others,,RMZ Corp,RMZ Millenia - Tower B,Bengaluru,,,4F,"5,800 Sft",,Immediate
Airport / Devanahalli,,SLK Green Group,SLK Green Park - Tower A,"Devanahalli, Bengaluru",B + G + 7,"3,50,578 Sft",,,,
Airport / Devanahalli,,SLK Green Group,SLK Green Park - Tower B,"Devanahalli, Bengaluru","B + G + 1F (MLCP) + 2F, 3F, 4F, 5F","2,48,765 Sft",2F,"60,625 Sft",Warm Shell,Immediate
Airport / Devanahalli,,SLK Green Group,SLK Green Park - Tower B,"Devanahalli, Bengaluru","B + G + 1F (MLCP) + 2F, 3F, 4F, 5F","2,48,765 Sft",3F,"63,650 Sft",Warm Shell,Immediate
Airport / Devanahalli,,SLK Green Group,SLK Green Park - Tower B,"Devanahalli, Bengaluru","B + G + 1F (MLCP) + 2F, 3F, 4F, 5F","2,48,765 Sft",4F,"61,250 Sft",Warm Shell,Immediate
Airport / Devanahalli,,SLK Green Group,SLK Green Park - Tower B,"Devanahalli, Bengaluru","B + G + 1F (MLCP) + 2F, 3F, 4F, 5F","2,48,765 Sft",Balance Floors,"63,240 Sft",-,Occupied
Airport / Devanahalli,,SLK Green Group,SLK Green Park - Tower B,"Devanahalli, Bengaluru",B + G + 1F (MLCP) + 4F,"2,48,765 Sft",2F,"60,625 Sft",Warm Shell,Immediate
Airport / Devanahalli,,SLK Green Group,SLK Green Park - Tower B,"Devanahalli, Bengaluru",B + G + 1F (MLCP) + 4F,"2,48,765 Sft",3F,"63,650 Sft",Warm Shell,Immediate
Airport / Devanahalli,,SLK Green Group,SLK Green Park - Tower B,"Devanahalli, Bengaluru",B + G + 1F (MLCP) + 4F,"2,48,765 Sft",4F,"61,250 Sft",Warm Shell,Immediate
Airport / Devanahalli,,SLK Green Group,SLK Green Park - Tower B,"Devanahalli, Bengaluru",B + G + 1F (MLCP) + 4F,"2,48,765 Sft",Balance Floors,"63,240 Sft",-,Occupied
North-BLR,,SLK Green Group,SLK1 - Yelahanka New Town,"Yelahankha New Town, Bengaluru",Basement Parking + G + 3 + Terrace Cafeteria,"1,19,510 Sft",GF,"23,488 Sft",Fully Furnished,Immediate
North-BLR,,SLK Green Group,SLK1 - Yelahanka New Town,"Yelahankha New Town, Bengaluru",Basement Parking + G + 3 + Terrace Cafeteria,"1,19,510 Sft",1F,"24,250 Sft",Fully Furnished,Immediate
North-BLR,,SLK Green Group,SLK1 - Yelahanka New Town,"Yelahankha New Town, Bengaluru",Basement Parking + G + 3 + Terrace Cafeteria,"1,19,510 Sft",2F,"24,250 Sft",Fully Furnished,Immediate
North-BLR,,SLK Green Group,SLK1 - Yelahanka New Town,"Yelahankha New Town, Bengaluru",Basement Parking + G + 3 + Terrace Cafeteria,"1,19,510 Sft",3F,"24,156 Sft",Fully Furnished,Immediate
North-BLR,,SLK Green Group,SLK1 - Yelahanka New Town,"Yelahankha New Town, Bengaluru",Basement Parking + G + 3 + Terrace Cafeteria,"1,19,510 Sft",Cafetaria on Top,,Fully Furnished,Immediate
North-BLR,,SLK Green Group,SLK1 - Yelahanka New Town,"Yelahankha New Town, Bengaluru",Basement Parking + G + 3 + Terrace Cafeteria,"1,19,510 Sft",Balance Floors,"23,366 Sft",-,Occupied
Others,,SLK Green Group,Tower B,Bengaluru Airport Business District,B + G + 4,"1,85,525 Sft",2F,,,Immediate
Others,,SLK Green Group,Tower B,Bengaluru Airport Business District,B + G + 4,"1,85,525 Sft",3F,,,Immediate
Others,,SLK Green Group,Tower B,Bengaluru Airport Business District,B + G + 4,"1,85,525 Sft",4F,,,Immediate
Others,,SLK Green Group,Tower B,Bengaluru,,"1,85,400 Sft","2F, 3F, 4F","1,85,400 Sft",Warm Shell,Immediate
Airport / Devanahalli,,SLK Green Group,Tower B,"SEZ SY NO.19/P, 20/1 and 20/2 Poojanahalli Village, Kasaba Hobli Devanahalli Taluk, Bengaluru",,,2F,"55,749 Sft",Warm Shell,Immediate
Airport / Devanahalli,,SLK Green Group,Tower B,"SEZ SY NO.19/P, 20/1 and 20/2 Poojanahalli Village, Kasaba Hobli Devanahalli Taluk, Bengaluru",,,3F,"55,536 Sft",Warm Shell,Apr 2026
Airport / Devanahalli,,SLK Green Group,Tower B,"SEZ SY NO.19/P, 20/1 and 20/2 Poojanahalli Village, Kasaba Hobli Devanahalli Taluk, Bengaluru",,,4F,"55,755 Sft",Warm Shell,Apr 2026
ORR,,Sattva Group,Cessna Business Park - Block B10,"Outer Ring Road, Bengaluru",B + G + 9,,Eighth,"59,186 Sft",Warm Shell,Immediate
ORR,,Sattva Group,Cessna Business Park - Block B11,"Outer Ring Road, Bengaluru",B + G + 9,,Sixth,"58,009 Sft",Fully Furnished,Jul 2026
ORR,,Sattva Group,Cessna Business Park - Block B11,"Outer Ring Road, Bengaluru",B + G + 9,,Second,"61,134 Sft",Warm Shell,Immediate
ORR,,Sattva Group,Cessna Business Park - Block B9,"Outer Ring Road, Bengaluru",B + G + 9,,Second,"62,885 Sft",Warm Shell,Immediate
ORR,,Sattva Group,Cessna Business Park - Block B9,"Outer Ring Road, Bengaluru",B + G + 9,,Third,"58,957 Sft",Warm Shell,Immediate
ORR,,Sattva Group,Cessna Business Park - Block B9,"Outer Ring Road, Bengaluru",B + G + 9,,Eighth,"17,878 Sft",Warm Shell,Immediate
ORR,,Sattva Group,Exora Business Park - Electra Block,"Outer Ring Road, Bengaluru",B + G + 9,,5th LVL - Wing A,"21,342 Sft",Fully Furnished,Immediate
ORR,,Sattva Group,Exora Business Park - Electra Block,"Outer Ring Road, Bengaluru",B + G + 9,,2nd LVL - Wing B,"47,291 Sft",Fully Furnished,Immediate
ORR,,Sattva Group,Exora Business Park - Electra Block,"Outer Ring Road, Bengaluru",B + G + 9,,3rd LVL - Wing B,"47,222 Sft",Fully Furnished,Immediate
ORR,,Sattva Group,Exora Business Park - Electra Block,"Outer Ring Road, Bengaluru",B + G + 9,,4th LVL - Wing B,"47,256 Sft",Fully Furnished,Immediate
ORR,,Sattva Group,Exora Business Park - Elnath Block,"Outer Ring Road, Bengaluru",B + G + 9,,7th LVL - Wing A,"42,467 Sft",Fully Furnished,Immediate
ORR,,Sattva Group,Exora Business Park - Elnath Block,"Outer Ring Road, Bengaluru",B + G + 9,,9th LVL - Wing A,"38,136 Sft",Fully Furnished,Immediate
ORR,,Sattva Group,Exora Business Park - Elnath Block,"Outer Ring Road, Bengaluru",B + G + 9,,2nd LVL - Wing B,"52,332 Sft",Fully Furnished,Immediate
ORR,,Sattva Group,Exora Business Park - Elnath Block,"Outer Ring Road, Bengaluru",B + G + 9,,3rd LVL - Wing B,"52,335 Sft",Fully Furnished,Immediate
ORR,,Sattva Group,Exora Business Park - Elnath Block,"Outer Ring Road, Bengaluru",B + G + 9,,4th LVL - Wing B,"52,332 Sft",Fully Furnished,Immediate
ORR,,Sattva Group,Exora Business Park - Elnath Block,"Outer Ring Road, Bengaluru",B + G + 9,,5th LVL - Wing B,"27,874 Sft",Warm Shell,Immediate
ORR,,Sattva Group,Exora Business Park - Elnath Block,"Outer Ring Road, Bengaluru",B + G + 9,,9th LVL - Wing B,"46,905 Sft",Fully Furnished,Immediate
North-BLR,,Sattva Group,One Trade Tower,"North Bangalore, CBD, Bengaluru",3B + G + 23,,3B+G+23,"40,570 Sft",Fully Furnished,Jan 2027
Others,,Sattva Group,Salarpuria Infinity,"Bannerghata Road, Bengaluru",,,Ground Floor - Rear Wing,"8,585 Sft",,Immediate
Others,,Sattva Group,Salarpuria Infinity,"Bannerghata Road, Bengaluru",,,Second Floor - Front Wing,"22,800 Sft",Fully Furnished,Immediate
Others,,Sattva Group,Salarpuria Infinity,"Bannerghata Road, Bengaluru",,,Second Floor - Rear Wing,"30,300 Sft",Fully Furnished,Immediate
Others,,Sattva Group,Salarpuria Infinity,"Bannerghata Road, Bengaluru",,,Third Floor,"51,697 Sft",Fully Furnished,Immediate
Koramangala,,Sattva Group,Salarpuria Money Centre,"Koramangala, Bengaluru",,,Lower Ground Floor,650 Sft,,Immediate
Koramangala,,Sattva Group,Salarpuria Money Centre,"Koramangala, Bengaluru",,,Second Floor (Unit 204),"1,495 Sft",,Immediate
CBD,,Sattva Group,Salarpuria Money Point,"KH Road, Bengaluru",,,Third Floor (Unit 306),460 Sft,Bare Shell,Immediate
CBD,,Sattva Group,Salarpuria Money Point,"KH Road, Bengaluru",,,Fourth Floor (Unit 401),"2,000 Sft",Fully Furnished,Immediate
Others,,Sattva Group,Salarpuria Plaza,"Indranagar, Bengaluru",,,Third Floor,"1,500 Sft",Bare Shell,Immediate
Koramangala,,Sattva Group,Salarpuria Sapphire,"Adugodi Road, Bengaluru",,,GF,"17,624 Sft",,Immediate
Koramangala,,Sattva Group,Salarpuria Sapphire,"Adugodi Road, Bengaluru",,,First Floor,"19,257 Sft",,Immediate
E-City,,Sattva Group,Sattva Endeavor,"Electronics City, Phase - 2, Bengaluru",,"7,40,000 Sft",Ground + 11 Floors,"7,40,000 Sft",Warm Shell,Immediate
E-City,,Sattva Group,Sattva Endeavor,"Electronic City - Phase 2, Bengaluru",B + G + 13,,B + G + 13,"7,40,000 Sft",Warm Shell,Immediate
North-BLR,,Sattva Group,Sattva Galleria,"Bellary Road, Bengaluru",,,Sixth Floor,"24,781 Sft",Warm Shell,Immediate
West-BLR,,Sattva Group,Sattva Global City - Tower 3,"Mysore Road, Bengaluru",,,Fourth Floor,"71,687 Sft",Fully Furnished,Immediate
West-BLR,,Sattva Group,Sattva Global City - Tower 3,"Mysore Road, Bengaluru",,,Fifth Floor,"70,713 Sft",,Immediate
West-BLR,,Sattva Group,Sattva Global City - Tower A,"Mysore Road, Bengaluru",,,Third Floor (Part) - Wing B,"11,153 Sft",,Immediate
West-BLR,,Sattva Group,Sattva Global City - Tower A,"Mysore Road, Bengaluru",,,Fourth Floor - Wing B,"22,303 Sft",,Immediate
West-BLR,,Sattva Group,Sattva Global City - Tower A,"Mysore Road, Bengaluru",,,Sixth Floor - Wing B,"22,303 Sft",,Immediate
West-BLR,,Sattva Group,Sattva Global City - Tower A (SEZ),"Rajarajeshwari Nagar, Mysore Road, Bengaluru",Tower A & B - 2B + G + 7,,Third - Wing B,"11,151 Sft",Fully Furnished,Immediate
West-BLR,,Sattva Group,Sattva Global City - Tower A (SEZ),"Rajarajeshwari Nagar, Mysore Road, Bengaluru",Tower A & B - 2B + G + 7,,Fourth - Wing B,"22,303 Sft",Fully Furnished,Immediate
West-BLR,,Sattva Group,Sattva Global City - Tower A (SEZ),"Rajarajeshwari Nagar, Mysore Road, Bengaluru",Tower A & B - 2B + G + 7,,Sixth - Wing B,"21,074 Sft",Fully Furnished,Immediate
West-BLR,,Sattva Group,Sattva Global City - Tower B,"Mysore Road, Bengaluru",,,Ground Floor (Part),"28,347 Sft",Fully Furnished,Immediate
West-BLR,,Sattva Group,Sattva Global City - Tower B,"Mysore Road, Bengaluru",,,Third Floor,"49,892 Sft",,Immediate
West-BLR,,Sattva Group,Sattva Global City - Tower B,"Mysore Road, Bengaluru",,,Fifth Floor,"46,699 Sft",,Immediate
West-BLR,,Sattva Group,Sattva Global City - Tower B,"Mysore Road, Bengaluru",,,Sixth Floor,"46,604 Sft",,Immediate
West-BLR,,Sattva Group,Sattva Global City - Tower B,"Mysore Road, Bengaluru",,,Seventh Floor,"46,615 Sft",,Immediate
West-BLR,,Sattva Group,Sattva Global City - Tower B (SEZ),"Rajarajeshwari Nagar, Mysore Road, Bengaluru",Tower A & B - 2B + G + 7,,GF,"15,347 Sft",Fully Furnished,Immediate
West-BLR,,Sattva Group,Sattva Global City - Tower B (SEZ),"Rajarajeshwari Nagar, Mysore Road, Bengaluru",Tower A & B - 2B + G + 7,,Third,"49,892 Sft",Warm Shell,Immediate
West-BLR,,Sattva Group,Sattva Global City - Tower B (SEZ),"Rajarajeshwari Nagar, Mysore Road, Bengaluru",Tower A & B - 2B + G + 7,,Fifth,"46,699 Sft",Warm Shell,Immediate
West-BLR,,Sattva Group,Sattva Global City - Tower B (SEZ),"Rajarajeshwari Nagar, Mysore Road, Bengaluru",Tower A & B - 2B + G + 7,,Sixth,"46,604 Sft",Warm Shell,Immediate
West-BLR,,Sattva Group,Sattva Global City - Tower B (SEZ),"Rajarajeshwari Nagar, Mysore Road, Bengaluru",Tower A & B - 2B + G + 7,,Seventh,"46,615 Sft",Warm Shell,Immediate
West-BLR,,Sattva Group,Sattva Global City - Tower C,"Mysore Road, Bengaluru",,,Second Floor,"52,309 Sft",Fully Furnished,Immediate
West-BLR,,Sattva Group,Sattva Global City - Tower C,"Mysore Road, Bengaluru",,,Third Floor (Part),"29,209 Sft",,Immediate
West-BLR,,Sattva Group,Sattva Global City - Tower C,"Mysore Road, Bengaluru",,,Fourth Floor,"52,309 Sft",,Immediate
West-BLR,,Sattva Group,Sattva Global City - Tower C,"Mysore Road, Bengaluru",,,Fifth Floor,"52,309 Sft",,Immediate
West-BLR,,Sattva Group,Sattva Global City - Tower C,"Mysore Road, Bengaluru",,,Sixth Floor,"52,309 Sft",,Immediate
West-BLR,,Sattva Group,Sattva Global City - Tower C,"Mysore Road, Bengaluru",,,Eighth Floor,"18,466 Sft",,Immediate
West-BLR,,Sattva Group,Sattva Global City - Tower C (Non SEZ),"Rajarajeshwari Nagar, Mysore Road, Bengaluru",Tower C - 2B + G + 7; Tower DRC - G + 3,,Third,"29,853 Sft",Fully Furnished,Immediate
West-BLR,,Sattva Group,Sattva Global City - Tower C (Non SEZ),"Rajarajeshwari Nagar, Mysore Road, Bengaluru",Tower C - 2B + G + 7; Tower DRC - G + 3,,Fourth,"52,953 Sft",Fully Furnished,Immediate
West-BLR,,Sattva Group,Sattva Global City - Tower C (Non SEZ),"Rajarajeshwari Nagar, Mysore Road, Bengaluru",Tower C - 2B + G + 7; Tower DRC - G + 3,,Fifth,"52,953 Sft",Fully Furnished,Immediate
West-BLR,,Sattva Group,Sattva Global City - Tower C (Non SEZ),"Rajarajeshwari Nagar, Mysore Road, Bengaluru",Tower C - 2B + G + 7; Tower DRC - G + 3,,Sixth,"52,309 Sft",Fully Furnished,Immediate
West-BLR,,Sattva Group,Sattva Global City - Tower C (Non SEZ),"Rajarajeshwari Nagar, Mysore Road, Bengaluru",Tower C - 2B + G + 7; Tower DRC - G + 3,,Eighth,"18,466 Sft",Fully Furnished,Immediate
West-BLR,,Sattva Group,Sattva Global City - Tower E,"Mysore Road, Bengaluru",,,Fifth Floor,"65,952 Sft",Warm Shell,Immediate
West-BLR,,Sattva Group,Sattva Global City - Tower E (SEZ),"Rajarajeshwari Nagar, Mysore Road, Bengaluru",Tower D & F - B + G + 9,,Fifth,"69,004 Sft",Fully Furnished,Immediate
West-BLR,,Sattva Group,Sattva Global City - Tower F,"Mysore Road, Bengaluru",,,GF,"41,176 Sft",Warm Shell,Immediate
West-BLR,,Sattva Group,Sattva Global City - Tower F,"Mysore Road, Bengaluru",,,First Floor,"53,693 Sft",Warm Shell,Immediate
West-BLR,,Sattva Group,Sattva Global City - Tower F,"Mysore Road, Bengaluru",,,Sixth Floor,"56,580 Sft",Warm Shell,Immediate
West-BLR,,Sattva Group,Sattva Global City - Tower F,"Mysore Road, Bengaluru",,,Seventh Floor,"56,048 Sft",Warm Shell,Immediate
West-BLR,,Sattva Group,Sattva Global City - Tower F (SEZ),"Rajarajeshwari Nagar, Mysore Road, Bengaluru",Tower D & F - B + G + 9,,GF,"41,176 Sft",Warm Shell,Immediate
West-BLR,,Sattva Group,Sattva Global City - Tower F (SEZ),"Rajarajeshwari Nagar, Mysore Road, Bengaluru",Tower D & F - B + G + 9,,First,"53,693 Sft",Warm Shell,Immediate
West-BLR,,Sattva Group,Sattva Global City - Tower F (SEZ),"Rajarajeshwari Nagar, Mysore Road, Bengaluru",Tower D & F - B + G + 9,,Sixth,"56,048 Sft",Warm Shell,Immediate
West-BLR,,Sattva Group,Sattva Global City - Tower F (SEZ),"Rajarajeshwari Nagar, Mysore Road, Bengaluru",Tower D & F - B + G + 9,,Seventh,"56,048 Sft",Warm Shell,Immediate
E-City,,Sattva Group,Sattva Infozone,"Electronic City, Phase - 1, Bengaluru",,,Third Floor - Block B,"49,968 Sft",Warm Shell,Immediate
E-City,,Sattva Group,Sattva Infozone,"Electronic City, Phase - 1, Bengaluru",,,Fifth Floor - Block B,"17,000 Sft",,Immediate
E-City,,Sattva Group,Sattva Infozone,"Electronic City - Phase 1, Bengaluru",Block A - B + G + 4; Block B - B + G + 5,,Third - Block B,"49,968 Sft",Warm Shell,Immediate
E-City,,Sattva Group,Sattva Infozone,"Electronic City - Phase 1, Bengaluru",Block A - B + G + 4; Block B - B + G + 5,,Fifth - Block B,"17,000 Sft",Warm Shell,Immediate
Whitefield,,Sattva Group,Sattva Knowledge Court,"Whitefield, Bengaluru",2B + G + 10,,Sixth,"39,040 Sft",Warm Shell,Immediate
Old Madras Road,,Sattva Group,Sattva Magnificia,"Old Madras Road, Bengaluru",,,Second Floor,"22,543 Sft",Fully Furnished,Sep 2026
Old Madras Road,,Sattva Group,Sattva Magnificia,"Old Madras Road, Bengaluru",,,Sixth Floor,"22,543 Sft",Fully Furnished,Jul 2026
Old Madras Road,,Sattva Group,Sattva Magnificia,"Old Madras Road, Bengaluru",,,Seventh Floor,"22,543 Sft",Warm Shell,Immediate
ORR,,Sattva Group,Sattva Magnificia,"Outer Ring Road, Bengaluru",2B + G + 13,,Sixth,"22,375 Sft",Fully Furnished,Jul 2026
ORR,,Sattva Group,Sattva Magnificia,"Outer Ring Road, Bengaluru",2B + G + 13,,Seventh,"22,375 Sft",Warm Shell,Immediate
ORR,,Sattva Group,Sattva Softzone,"Outer Ring Road, Bengaluru",,,Ground Floor - Block A,"7,966 Sft",,Immediate
ORR,,Sattva Group,Sattva Softzone,"Outer Ring Road, Bengaluru",,,Ground Floor - Block A,"21,320 Sft",,Immediate
ORR,,Sattva Group,Sattva Softzone,"Outer Ring Road, Bengaluru",,,Ground Floor - Block A,"16,900 Sft",,Immediate
ORR,,Sattva Group,Sattva Softzone,"Outer Ring Road, Bengaluru",,,First Floor - Block A,"20,013 Sft",,Immediate
ORR,,Sattva Group,Sattva Softzone,"Outer Ring Road, Bengaluru",Block A: B + G + 6; Block B: B + G + 4,,Ground - Block A,"7,966 Sft",Fully Furnished,Immediate
ORR,,Sattva Group,Sattva Softzone,"Outer Ring Road, Bengaluru",Block A: B + G + 6; Block B: B + G + 4,,Ground - Block A,"21,320 Sft",Fully Furnished,Immediate
ORR,,Sattva Group,Sattva Softzone,"Outer Ring Road, Bengaluru",Block A: B + G + 6; Block B: B + G + 4,,Ground - Block A,"16,900 Sft",Fully Furnished,May 2026
ORR,,Sattva Group,Sattva Softzone,"Outer Ring Road, Bengaluru",Block A: B + G + 6; Block B: B + G + 4,,First - Block A,"20,013 Sft",Fully Furnished,Immediate
ORR,,Sattva Group,Sattva Softzone,"Outer Ring Road, Bengaluru",Block A: B + G + 6; Block B: B + G + 4,,First - Block A,"26,089 Sft",Fully Furnished,May 2026
ORR,,Sattva Group,Sattva Softzone,"Outer Ring Road, Bengaluru",Block A: B + G + 6; Block B: B + G + 4,,Third - Block B,"27,328 Sft",Fully Furnished,Nov 2026
E-City,,Sattva Group,Sattva South Avenue,"Electronics City, Phase - 2, Bengaluru",,,Fourth Floor,"92,235 Sft",,Immediate
E-City,,Sattva Group,Sattva South Avenue,"Electronics City, Phase - 2, Bengaluru",,,Fifth Floor,"92,235 Sft",Warm Shell,Immediate
E-City,,Sattva Group,Sattva South Avenue,"Electronics City, Phase - 2, Bengaluru",,,Sixth Floor,"91,211 Sft",,Immediate
E-City,,Sattva Group,Sattva South Avenue,"Electronic City - Phase 2, Bengaluru",3B + G + 2MLCP + 5,,Fourth,"92,235 Sft",Warm Shell,Immediate
E-City,,Sattva Group,Sattva South Avenue,"Electronic City - Phase 2, Bengaluru",3B + G + 2MLCP + 5,,Fifth,"92,235 Sft",Warm Shell,Immediate
E-City,,Sattva Group,Sattva South Avenue,"Electronic City - Phase 2, Bengaluru",3B + G + 2MLCP + 5,,Sixth,"91,211 Sft",Warm Shell,Immediate
Others,,Sattva Group,Sattva Spectrum,"Sarjapura Road, Bengaluru",,"7,51,000 Sft",Ground + 11 Floors,"7,51,000 Sft",Warm Shell,Immediate
Sarjapur Road,,Sattva Group,Sattva Spectrum,"Sarjapur Road (Off Outer Ring Road), Bengaluru",3B + G + 11,,3B + G + 11,"7,50,000 Sft",Warm Shell,Immediate
ORR,,Sattva Group,Sattva Supreme,"Outer Ring Road, Bengaluru",,,Second Floor - East Wing,"26,106 Sft",Fully Furnished,Immediate
ORR,,Sattva Group,Sattva Supreme,"Outer Ring Road, Bengaluru",,,Second Floor - West Wing,,Managed Office,Immediate
ORR,,Sattva Group,Sattva Supreme,"Outer Ring Road, Bengaluru",B + G + 3,,Second - East Wing,"26,106 Sft",Fully Furnished,Immediate
ORR,,Sattva Group,Sattva Supreme,"Outer Ring Road, Bengaluru",B + G + 3,,Second - West Wing,"13,064 Sft",Fully Furnished,Immediate
E-City,,Sattva Group,Sattva Symphony,"Hosur Road, Bengaluru",,,Third Floor,"32,799 Sft",,Immediate
E-City,,Sattva Group,Sattva Symphony,"Hosur Road, Bengaluru",,,Fourth Floor,"32,099 Sft",Warm Shell,Immediate
E-City,,Sattva Group,Sattva Symphony,"Hosur Road, Bengaluru",,,Fifth Floor,"21,658 Sft",,Immediate
Whitefield,,Sattva Group,Sattva Tech Park - Akash Block,"Whitefield, Bengaluru",,,First Floor - Wing A,"38,822 Sft",,Immediate
Whitefield,,Sattva Group,Sattva Tech Park - Akash Block,"Whitefield, Bengaluru",,,Second Floor - Wing A,"39,367 Sft",,Immediate
Whitefield,,Sattva Group,Sattva Tech Park - Akash Block,"Whitefield, Bengaluru",,,Third Floor - Wing A,"39,367 Sft",Warm Shell,Immediate
Whitefield,,Sattva Group,Sattva Tech Park - Akash Block,"Whitefield, Bengaluru",,,First Floor - Wing B,"44,456 Sft",,Immediate
Whitefield,,Sattva Group,Sattva Tech Park - Akash Block,"Whitefield, Bengaluru",,,Second Floor - Wing B,"42,446 Sft",,Immediate
Whitefield,,Sattva Group,Sattva Tech Park - Akash Block,"Whitefield, Bengaluru",,,Third Floor - Wing B,"42,446 Sft",,Immediate
Whitefield,,Sattva Group,Sattva Tech Park - Akash Block,"Whitefield, Bengaluru",,,Fourth Floor - Wing B,"42,446 Sft",Fully Furnished,Immediate
Whitefield,,Sattva Group,Sattva Tech Park - Akash Block,"Whitefield, Bengaluru",,,Fifth Floor - Wing B,"42,446 Sft",,Immediate
Whitefield,,Sattva Group,Sattva Tech Park - Akash Block,"Whitefield, Bengaluru",,,Sixth Floor - Wing B,"42,446 Sft",,Immediate
Whitefield,,Sattva Group,Sattva Tech Park - Akash Block,"Whitefield, Bengaluru",,,Seventh Floor - Wing B,"40,673 Sft",Warm Shell,Immediate
Whitefield,,Sattva Group,Sattva Tech Park - Akash Block,"Whitefield, Bengaluru",,,Eighth Floor - Wing B,"39,236 Sft",,Immediate
Whitefield,,Sattva Group,Sattva Tech Park - Akash Block,"Whitefield, Bengaluru",,,Ninth Floor - Wing B,"28,528 Sft",Fully Furnished,Immediate
Whitefield,,Sattva Group,Sattva Tech Park - Jal Block,"Whitefield, Bengaluru",,,Ground Floor - Office 2,"18,979 Sft",,Immediate
Whitefield,,Sattva Group,Sattva Tech Park - Jal Block,"Whitefield, Bengaluru",,,First Floor,"46,423 Sft",Warm Shell,Immediate
Whitefield,,Sattva Group,Sattva Tech Park - Jal Block,"Whitefield, Bengaluru",,,Second Floor (Part),"23,527 Sft",,Immediate
Whitefield,,Sattva Group,Sattva Tech Park - Vayu Block,"Whitefield, Bengaluru",,,Third Floor,"46,262 Sft",Fully Furnished,Immediate
Whitefield,,Sattva Group,Sattva Tech Park - Vayu Block,"Whitefield, Bengaluru",,,Fifth Floor,"44,840 Sft",Warm Shell,Immediate
Whitefield,,Sattva Group,Sattva Tech Park - Vayu Block,"Whitefield, Bengaluru",,,Sixth Floor,"37,044 Sft",,Immediate
E-City,,Sattva Group,Sattva Texonic - Tower A & B,"Jigani Road, Electronics City, Bengaluru",,"25,00,000 Sft",Ground + 16 Floors,"25,00,000 Sft",Warm Shell,Jun 2028
ORR,,Sattva Group,Sattva Touchstone,"Outer Ring Road, Bengaluru",,,Lower Ground Floor - Block B,"2,178 Sft",Fully Furnished,Immediate
ORR,,Sattva Group,Sattva Touchstone,"Outer Ring Road, Bengaluru",,,Ground Floor - Block B,"10,249 Sft",Warm Shell,Immediate
ORR,,Sattva Group,Sattva Touchstone,"Outer Ring Road, Bengaluru",,,Ground Floor - Block B,"21,228 Sft",,Immediate
ORR,,Sattva Group,Sattva Touchstone,"Outer Ring Road, Bengaluru",,,Ground Floor - Block A,"25,478 Sft",,Immediate
ORR,,Sattva Group,Sattva Touchstone,"Outer Ring Road, Bengaluru",,,First Floor - Block B,"32,970 Sft",Warm Shell,Immediate
ORR,,Sattva Group,Sattva Touchstone,"Outer Ring Road, Bengaluru",,,First Floor - Block B,"14,416 Sft",Fully Furnished,Immediate
ORR,,Sattva Group,Sattva Touchstone,"Outer Ring Road, Bengaluru",,,Third Floor - Block A,"17,606 Sft",Warm Shell,Immediate
ORR,,Sattva Group,Sattva Touchstone,"Outer Ring Road, Bengaluru",,,Third Floor - Block B,"48,445 Sft",,Immediate
ORR,,Sattva Group,Sattva Touchstone,"Outer Ring Road, Bengaluru",,,Fifth Floor - Block A,"17,606 Sft",Fully Furnished,Aug 2026
ORR,,Sattva Group,Sattva Touchstone,"Outer Ring Road, Bengaluru",,,Fifth Floor - Block B,"16,095 Sft",,Immediate
ORR,,Sattva Group,Sattva Touchstone,"Outer Ring Road, Bengaluru",,,First Floor - Block A,"25,894 Sft",,Immediate
ORR,,Sattva Group,Sattva Touchstone,"Outer Ring Road, Bengaluru",,,Third Floor - Block B,"27,328 Sft",,Nov 2026
ORR,,Sattva Group,Sattva Touchstone,"Outer Ring Road, Bengaluru",Block A - 2B + G + 5; Block B - 2B + G + 5,,GF,"10,249 Sft",Warm Shell,Immediate
ORR,,Sattva Group,Sattva Touchstone,"Outer Ring Road, Bengaluru",Block A - 2B + G + 5; Block B - 2B + G + 5,,GF,"21,228 Sft",Fully Furnished,Immediate
ORR,,Sattva Group,Sattva Touchstone,"Outer Ring Road, Bengaluru",Block A - 2B + G + 5; Block B - 2B + G + 5,,GF,"25,478 Sft",Fully Furnished,Immediate
ORR,,Sattva Group,Sattva Touchstone,"Outer Ring Road, Bengaluru",Block A - 2B + G + 5; Block B - 2B + G + 5,,First,"32,970 Sft",Warm Shell,Immediate
ORR,,Sattva Group,Sattva Touchstone,"Outer Ring Road, Bengaluru",Block A - 2B + G + 5; Block B - 2B + G + 5,,First,"14,416 Sft",Fully Furnished,Immediate
ORR,,Sattva Group,Sattva Touchstone,"Outer Ring Road, Bengaluru",Block A - 2B + G + 5; Block B - 2B + G + 5,,Third,"48,445 Sft",Fully Furnished,Immediate
ORR,,Sattva Group,Sattva Touchstone,"Outer Ring Road, Bengaluru",Block A - 2B + G + 5; Block B - 2B + G + 5,,Third,"17,606 Sft",Fully Furnished,Immediate
ORR,,Sattva Group,Sattva Touchstone,"Outer Ring Road, Bengaluru",Block A - 2B + G + 5; Block B - 2B + G + 5,,Fifth,"16,095 Sft",Fully Furnished,Immediate
CBD,,Sattva Group,Sattva Windsor,"Ulsoor Road, Bengaluru",,,GF,"4,906 Sft",Fully Furnished,Immediate
CBD,,Sattva Group,Sattva Windsor,"Ulsoor Road, Bengaluru",,,Third Floor,"10,380 Sft",Warm Shell,Immediate
CBD,,Skav,SKAV 909,"Lavelle Road, Bengaluru","3 Basements, G + 19 floors","2,80,000 Sft",16F,"6,652 Sft",Bare Shell,Immediate
CBD,,Skav,SKAV 909,"Lavelle Road, Bengaluru","3 Basements, G + 19 floors","2,80,000 Sft",5F,"9,841 Sft",Bare Shell,Aug 2026
CBD,,Skav,SKAV 909,"Lavelle Road, Bengaluru","3 Basements, G + 19 floors","2,80,000 Sft",Balance Floors,"2,63,507 Sft",-,Occupied
CBD,,Skav,SKAV Nava,"Infantry Road, Bengaluru","1 Basement, G + 3 floors","40,000 Sft",GF,"2,918 Sft",Bare Shell,Immediate
CBD,,Skav,SKAV Nava,"Infantry Road, Bengaluru","1 Basement, G + 3 floors","40,000 Sft",GF,"4,565 Sft",Bare Shell,Immediate
CBD,,Skav,SKAV Nava,"Infantry Road, Bengaluru","1 Basement, G + 3 floors","40,000 Sft",FIRST,"8,417 Sft",Bare Shell,Immediate
CBD,,Skav,SKAV Nava,"Infantry Road, Bengaluru","1 Basement, G + 3 floors","40,000 Sft",Balance Floors,"24,100 Sft",-,Occupied
Whitefield,,Skav,SKAV Raha,"Whitefield Main Road, Bengaluru","1 Basement, G + 12 floors","2,92,050 Sft",GROUND (Front Facing),"9,180 Sft",Bare Shell,Immediate
Whitefield,,Skav,SKAV Raha,"Whitefield Main Road, Bengaluru","1 Basement, G + 12 floors","2,92,050 Sft",GROUND (Rear Facing),"11,232 Sft",Bare Shell,Immediate
Whitefield,,Skav,SKAV Raha,"Whitefield Main Road, Bengaluru","1 Basement, G + 12 floors","2,92,050 Sft",FIRST (Front Facing),"10,162 Sft",Bare Shell,Immediate
Whitefield,,Skav,SKAV Raha,"Whitefield Main Road, Bengaluru","1 Basement, G + 12 floors","2,92,050 Sft",FIRST (Rear Facing),"10,903 Sft",Bare Shell,Immediate
Whitefield,,Skav,SKAV Raha,"Whitefield Main Road, Bengaluru","1 Basement, G + 12 floors","2,92,050 Sft",SECOND / TENTH,"23,000 Sft",Bare Shell,Immediate
Whitefield,,Skav,SKAV Raha,"Whitefield Main Road, Bengaluru","1 Basement, G + 12 floors","2,92,050 Sft",ELEVENTH / TWELFTH,"23,000 Sft",Bare Shell,Immediate
Whitefield,,Skav,SKAV Raha,"Whitefield Main Road, Bengaluru","1 Basement, G + 12 floors","2,92,050 Sft",Balance Floors,"2,04,573 Sft",-,Occupied
CBD,,Skav,SKAV Seethalakshmi,"#21, Kasturba Road, Bengaluru",,"1,20,000 Sft",14F,"6,804 Sft",Bare Shell,Immediate
CBD,,Skav,SKAV Seethalakshmi,"#21, Kasturba Road, Bengaluru",,"1,20,000 Sft",Balance Floors,"1,13,196 Sft",-,Occupied
Others,,Skav,SKAV Silver Cloud,"Mahalakshmipuram, Bengaluru","1 Basement, G + 9 floors","1,44,000 Sft",FIRST,"15,417 Sft",Bare Shell,Immediate
Others,,Skav,SKAV Silver Cloud,"Mahalakshmipuram, Bengaluru","1 Basement, G + 9 floors","1,44,000 Sft","2ND ,3RD &4th FLOOR","16,023 Sft",Bare Shell,Immediate
Others,,Skav,SKAV Silver Cloud,"Mahalakshmipuram, Bengaluru","1 Basement, G + 9 floors","1,44,000 Sft",5TH,"8,011 Sft",Bare Shell,Immediate
Others,,Skav,SKAV Silver Cloud,"Mahalakshmipuram, Bengaluru","1 Basement, G + 9 floors","1,44,000 Sft",9TH,"16,023 Sft",Bare Shell,Immediate
Others,,Skav,SKAV Silver Cloud,"Mahalakshmipuram, Bengaluru","1 Basement, G + 9 floors","1,44,000 Sft",Balance Floors,"88,526 Sft",-,Occupied
ORR,,Umiya Group,Umiya Business Bay 1 - Cessna Business Park,"Kadubesanahalli Outer Ring Road, Bengaluru",,,5F,"14,208 Sft",Warm Shell,Immediate
ORR,,Umiya Group,Umiya Business Bay 1 - Cessna Business Park,"Kadubesanahalli Outer Ring Road, Bengaluru",,,5F,"16,317 Sft",Fully Furnished,Immediate
ORR,,Umiya Group,Umiya Business Bay 1 - Cessna Business Park,"Kadubesanahalli Outer Ring Road, Bengaluru",,,8F,"18,825 Sft",Fully Furnished,Immediate
ORR,,Umiya Group,Umiya Business Bay 2 - Cessna Business Park,"Kadubesanahalli Outer Ring Road, Bengaluru",,,7F,"39,000 Sft",Fully Furnished,Immediate
Koramangala,,Umiya Group,Umiya Emporium,"Koramangala, Bengaluru",,,1F,"2,486 Sft",Fully Furnished,Immediate
Koramangala,,Umiya Group,Umiya Emporium,"Koramangala, Bengaluru",,,1F,"9,144 Sft",Warm Shell,Immediate
North-BLR,,Umiya Group,Umiya Vellociti,"Hebbal, Bengaluru",,,9F,"16,000 Sft",Warm Shell,Immediate
North-BLR,,Umiya Group,Umiya Vellociti,"Hebbal, Bengaluru",,,9F,"13,440 Sft",Warm Shell,Immediate
North-BLR,,Umiya Group,Umiya Vellociti,"Hebbal, Bengaluru",,,10F,"17,920 Sft",Warm Shell,Immediate
North-BLR,,Umiya Group,Umiya Vellociti,"Hebbal, Bengaluru",,,10F,"17,920 Sft",Warm Shell,Immediate
North-BLR,,Umiya Group,Umiya Vellociti,"Hebbal, Bengaluru",,,11F,"16,000 Sft",Warm Shell,Immediate
North-BLR,,Umiya Group,Umiya Vellociti,"Hebbal, Bengaluru",,,11F,"17,920 Sft",Warm Shell,Immediate
North-BLR,,Umiya Group,Umiya Vellociti,"Hebbal, Bengaluru",,,11F,"16,640 Sft",Warm Shell,Immediate
North-BLR,,Umiya Group,Umiya Vellociti,"Hebbal, Bengaluru",,,11F,"17,920 Sft",Warm Shell,Immediate
North-BLR,,Umiya Group,Umiya Vellociti,"Hebbal, Bengaluru",,,12F,"17,920 Sft",Warm Shell,Immediate
Others,,Vaishnavi Group,Vaishnavi BVS Senate,Bengaluru,,"5,21,000 Sft",,,,
Others,,Vaishnavi Group,Vaishnavi BVS Senate,"Bannergatta Road, Bangalore",B + G + 10,"5,00,000 Sft",,,,
CBD,,Vaswani Group,Vaswani Centropolis,"No 12 Langford road, Langford town, Bengaluru",,,5F,"20,236 Sft",Fully Furnished,Immediate
E-City,,Velankani Tech Park,Block 2,"43, Electronics City Phase-1, Hosur Road, Bangalore",Ground + 3 Floors,"72,957 Sft",GF,"19,336 Sft",Warm Shell,Immediate
E-City,,Velankani Tech Park,Block 2,"43, Electronics City Phase-1, Hosur Road, Bangalore",Ground + 3 Floors,"72,957 Sft",First Floor,"20,024 Sft",Warm Shell,Immediate
E-City,,Velankani Tech Park,Block 2,"43, Electronics City Phase-1, Hosur Road, Bangalore",Ground + 3 Floors,"72,957 Sft",Second Floor,"20,512 Sft",Warm Shell,Immediate
E-City,,Velankani Tech Park,Block 2,"43, Electronics City Phase-1, Hosur Road, Bangalore",Ground + 3 Floors,"72,957 Sft",Third Floor (North Wing),"5,842 Sft",Warm Shell,Immediate
E-City,,Velankani Tech Park,Block 2,"43, Electronics City Phase-1, Hosur Road, Bangalore",Ground + 3 Floors,"72,957 Sft",Third Floor (South Wing),"5,866 Sft",Warm Shell,Immediate
E-City,,Velankani Tech Park,Block 2,"43, Electronics City Phase-1, Hosur Road, Bangalore",Ground + 3 Floors,"72,957 Sft",Third Floor Exclusive Terrace (North Wing),694 Sft,Warm Shell,Immediate
E-City,,Velankani Tech Park,Block 2,"43, Electronics City Phase-1, Hosur Road, Bangalore",Ground + 3 Floors,"72,957 Sft",Third Floor Exclusive Terrace (South Wing),683 Sft,Warm Shell,Immediate
E-City,,Velankani Tech Park,New Tower Building,"43, Electronics City Phase-1, Hosur Road, Bengaluru",2 Basements + Ground + Mezzanine + 20 Floors,"15,50,000 Sft",Typical Floor (2nd to 20th),"80,715 Sft",Warm Shell,Q1 2027
E-City,,Velankani Tech Park,New Tower Building,"43, Electronics City Phase-1, Hosur Road, Bengaluru",2 Basements + Ground + Mezzanine + 20 Floors,"15,50,000 Sft",Balance Floors,"14,69,285 Sft",-,Occupied
