micromarket_category,option_name,developer_landlord,building_name,address_location,building_perspective_photo,building_details,building_structure,total_building_size_sqft,average_floor_plate_sqft,floor_plate_efficiency,power_kva,power_backup,proposed_space,available_inventory_sqft,floor_offered,status,fitout_details,timeline,car_parking_ratio,commercial_terms,quoted_rental_sqft_pm,cam_charges_sqft_pm,car_parking_charges,rental_escalation,security_deposit_months,lease_tenure_months,lock_in_period_months,notice_period_months,occupancy_certificate,location_map,contact_details,contact_person,contact_number,official_email,developer_name,folder_category,source_file,source_format,extraction_method,report_period,raw_remarks
CBD,Option 1,Puravankara Limited,Wework - The Pavillion,Church Street,Available on Request / Document Image,Grade A Commercial Space - Unspecified,B+G+4,"60,500–60,700 Sft","4,200 Sft",80% (+/- 2%),1 KVA / 100 Sft,1,516.0 Sq. Ft.,516,TBD,Pre-Furnished,Unspecified,Immediate,"1:1,000 Sft",Standard Commercial Lease,TBD,Included in rent,"INR 7,000",0.08,6,36,24,3,Yes,"12.974951695490917, 77.60702559480362",Puravankara Limited Leasing Team,Leasing Head - Puravankara Limited,+91-80-40000000,leasing@puravankaralimited.com,Puravankara Limited,CBD,BLR - Managed Office Space Supply 2026.xlsx,TARGET_EXCEL,Target Excel Import (CBD),July 2026,
CBD,Option 2,Embassy Property Developments,Wework - Galaxy,Residency Road,Available on Request / Document Image,Grade A Commercial Space - Unspecified,2B+G+4,"125,000 Sft","17,000 Sft",80% (+/- 2%),1 KVA / 100 Sft,1,144.0 Sq. Ft.,144,G+5,Pre-Furnished,Unspecified,Immediate,"1:1,000 Sft",Standard Commercial Lease,TBD,Included in rent,TBD,0.08,6,36,24,3,Yes,"12.97370664167125, 77.60874913713126",Embassy Property Developments Leasing Team,Leasing Head - Embassy Property Developments,+91-80-40000000,leasing@embassypropertydevelopments.com,Embassy Property Developments,CBD,BLR - Managed Office Space Supply 2026.xlsx,TARGET_EXCEL,Target Excel Import (CBD),July 2026,
CBD,Option 3,Embassy Property Developments,Wework - Embassy Vertex,Residency Road,Available on Request / Document Image,Grade A Commercial Space - Unspecified,B+G+5,"81,164 Sft","13,796 Sft",80% (+/- 2%),1 KVA / 100 Sft,1,1183.0 Sq. Ft.,1183,G+5,Pre-Furnished,Unspecified,Immediate,"1:1,000 Sft",Standard Commercial Lease,TBD,Included in rent,TBD,0.08,6,36,24,3,Yes,"12.966933252722045, 77.59911014326266",Embassy Property Developments Leasing Team,Leasing Head - Embassy Property Developments,+91-80-40000000,leasing@embassypropertydevelopments.com,Embassy Property Developments,CBD,BLR - Managed Office Space Supply 2026.xlsx,TARGET_EXCEL,Target Excel Import (CBD),July 2026,
CBD,Option 4,Embassy Group,Wework - Embassy Quest,Magrath Road,Available on Request / Document Image,Grade A Commercial Space - Unspecified,G+3,"68,700 Sft","15,000 Sft",80% (+/- 2%),1 KVA / 100 Sft,1,489.0 Sq. Ft.,489,G+3,Pre-Furnished,Unspecified,Immediate,"1:1,000 Sft",Standard Commercial Lease,TBD,Included in rent,TBD,0.08,6,36,24,3,Yes,"12.969097990577609, 77.61374528131205",Embassy Group Leasing Team,Leasing Head - Embassy Group,+91-80-40000000,leasing@embassygroup.com,Embassy Group,CBD,BLR - Managed Office Space Supply 2026.xlsx,TARGET_EXCEL,Target Excel Import (CBD),July 2026,
CBD,Option 5,Prestige Estates Projects Ltd,Wework - Prestige Central,Infantry Road,Available on Request / Document Image,Grade A Commercial Space - Unspecified,2B+G+7,"132,722 Sft","16,893 Sft",80% (+/- 2%),1 KVA / 100 Sft,1,62.0 Sq. Ft.,62,G+7,Pre-Furnished,Unspecified,Immediate,"1:1,000 Sft",Standard Commercial Lease,TBD,Included in rent,TBD,0.08,6,36,24,3,Yes,"12.98123874822291, 77.60337902178664",Prestige Estates Projects Ltd Leasing Team,Leasing Head - Prestige Estates Projects Ltd,+91-80-40000000,leasing@prestigeestatesprojectsltd.com,Prestige Estates Projects Ltd,CBD,BLR - Managed Office Space Supply 2026.xlsx,TARGET_EXCEL,Target Excel Import (CBD),July 2026,
CBD,Option 6,MFAR Holdings Pvt. Ltd,Wework - 37 Cunningham,Cunningham Road,Available on Request / Document Image,Grade A Commercial Space - Unspecified,2B+G+10,"227,584 Sft","22,119 Sft",80% (+/- 2%),1 KVA / 100 Sft,1,540.0 Sq. Ft.,540,G+1+2+3,Pre-Furnished,Unspecified,Immediate,"1:1,000 Sft",Standard Commercial Lease,TBD,Included in rent,TBD,0.08,6,36,24,3,Yes,"12.987831146698216, 77.59373789480384",MFAR Holdings Pvt. Ltd Leasing Team,Leasing Head - MFAR Holdings Pvt. Ltd,+91-80-40000000,leasing@mfarholdingspvt.ltd.com,MFAR Holdings Pvt. Ltd,CBD,BLR - Managed Office Space Supply 2026.xlsx,TARGET_EXCEL,Target Excel Import (CBD),July 2026,
CBD,Option 7,Pardhanani Group,UV - MGR - 14,Commissariat Road - Pardhanani Wilshire I,Available on Request / Document Image,Grade A Commercial Space - Unspecified,B+G+M+3,"18,900 Sft","3,300 Sft",80% (+/- 2%),1 KVA / 100 Sft,1,75.0 Sq. Ft.,75,Mezzanine Floor,Warm Shell,Unspecified,45 Days,"1:1,000 Sft",Standard Commercial Lease,9000.0,Included in rent,TBD,0.08,6,36,24,3,Yes,"12.976192637673467, 77.61158530954377",Pardhanani Group Leasing Team,Leasing Head - Pardhanani Group,+91-80-40000000,leasing@pardhananigroup.com,Pardhanani Group,CBD,BLR - Managed Office Space Supply 2026.xlsx,TARGET_EXCEL,Target Excel Import (CBD),July 2026,
CBD,Option 8,HM Group,UV - HM Icon Square,Residency Road,Available on Request / Document Image,Grade A Commercial Space - Unspecified,B+G+4,"43,768–44,000 Sft","6,468–9,325 Sft",80% (+/- 2%),1 KVA / 100 Sft,1,435.0 Sq. Ft.,435,G+1+2+3,Warm Shell,Unspecified,45 Days,"1:1,000 Sft",Standard Commercial Lease,12500.0,Included in rent,TBD,0.08,6,36,24,3,Yes,"12.971088055723481, 77.60555460812189",HM Group Leasing Team,Leasing Head - HM Group,+91-80-40000000,leasing@hmgroup.com,HM Group,CBD,BLR - Managed Office Space Supply 2026.xlsx,TARGET_EXCEL,Target Excel Import (CBD),July 2026,
CBD,Option 9,Prestige Estates Projects Ltd.,UV - Prestige Obelisk,Kasturba Road,Available on Request / Document Image,Grade A Commercial Space - Unspecified,2B+G+10,"163,698 Sft","16,500 Sft",80% (+/- 2%),1 KVA / 100 Sft,1,30.0 Sq. Ft.,30,3F,Warm Shell,Unspecified,45 Days,"1:1,000 Sft",Standard Commercial Lease,13000.0,Included in rent,TBD,0.08,6,36,24,3,Yes,"12.975945684814556, 77.59733575247597",Prestige Estates Projects Ltd. Leasing Team,Leasing Head - Prestige Estates Projects Ltd.,+91-80-40000000,leasing@prestigeestatesprojectsltd..com,Prestige Estates Projects Ltd.,CBD,BLR - Managed Office Space Supply 2026.xlsx,TARGET_EXCEL,Target Excel Import (CBD),July 2026,
CBD,Option 10,Independent,UV - Du Parc Trinity,Trinity Circle,Available on Request / Document Image,Grade A Commercial Space - Unspecified,B+G+12,"198,000 Sft","13,500 Sft",80% (+/- 2%),1 KVA / 100 Sft,1,800.0 Sq. Ft.,800,3F,Warm Shell,Unspecified,45 Days,"1:1,000 Sft",Standard Commercial Lease,13000.0,Included in rent,TBD,0.08,6,36,24,3,Yes,"12.971945078091192, 77.61917193713118",Independent Leasing Team,Leasing Head - Independent,+91-80-40000000,leasing@independent.com,Independent,CBD,BLR - Managed Office Space Supply 2026.xlsx,TARGET_EXCEL,Target Excel Import (CBD),July 2026,
CBD,Option 11,Independent,TS - Table Space Towers,Vittal Mallya Road,Available on Request / Document Image,Grade A Commercial Space - Unspecified,B+G+12,312000 Sft,"26,000 Sft",80% (+/- 2%),1 KVA / 100 Sft,1,24.0 Sq. Ft.,24,9F,Pre-Furnished,Unspecified,Immediate,"1:1,000 Sft",Standard Commercial Lease,TBD,Included in rent,TBD,0.08,6,36,24,3,Yes,"12.97186428824984, 77.59448748131209",Independent Leasing Team,Leasing Head - Independent,+91-80-40000000,leasing@independent.com,Independent,CBD,BLR - Managed Office Space Supply 2026.xlsx,TARGET_EXCEL,Target Excel Import (CBD),July 2026,
CBD,Option 12,Prestige Group,"TS - Concorde Tower, UB City",Vittal Mallya Road,Available on Request / Document Image,Grade A Commercial Space - Unspecified,B+G+20,"244,000 Sft","9,500 - 13,000 Sft",80% (+/- 2%),1 KVA / 100 Sft,1,Flexible Sq. Ft.,Available on Request,8F+9F,Pre-Furnished,Unspecified,Immediate,"1:1,000 Sft",Standard Commercial Lease,TBD,Included in rent,TBD,0.08,6,36,24,3,Yes,"12.971713569120173, 77.59583449902557",Prestige Group Leasing Team,Leasing Head - Prestige Group,+91-80-40000000,leasing@prestigegroup.com,Prestige Group,CBD,BLR - Managed Office Space Supply 2026.xlsx,TARGET_EXCEL,Target Excel Import (CBD),July 2026,
CBD,Option 13,Indian Builders Corporation (IBC),TS - The Senate,Ulsoor Road,Available on Request / Document Image,Grade A Commercial Space - Unspecified,2B+G+9,"183,000 Sft","18,000–20,000 Sft",80% (+/- 2%),1 KVA / 100 Sft,1,430.0 Sq. Ft.,430,G+1+2+3,Pre-Furnished,Unspecified,Immediate,"1:1,000 Sft",Standard Commercial Lease,TBD,Included in rent,TBD,0.08,6,36,24,3,Yes,"12.975852701113643, 77.61755573819774",Indian Builders Corporation (IBC) Leasing Team,Leasing Head - Indian Builders Corporation (IBC),+91-80-40000000,leasing@indianbuilderscorporation(ibc).com,Indian Builders Corporation (IBC),CBD,BLR - Managed Office Space Supply 2026.xlsx,TARGET_EXCEL,Target Excel Import (CBD),July 2026,
CBD,Option 14,Independent,Indiqube - Symphony,MG Road,Available on Request / Document Image,Grade A Commercial Space - Unspecified,G+5,"320,000 Sft","40,000-50,000 Sft",80% (+/- 2%),1 KVA / 100 Sft,1,Flexible Sq. Ft.,Available on Request,TBD,Pre-Furnished,Unspecified,Immediate,"1:1,000 Sft",Standard Commercial Lease,TBD,Included in rent,TBD,0.08,6,36,24,3,Yes,"12.973430741915061, 77.61460880829505",Independent Leasing Team,Leasing Head - Independent,+91-80-40000000,leasing@independent.com,Independent,CBD,BLR - Managed Office Space Supply 2026.xlsx,TARGET_EXCEL,Target Excel Import (CBD),July 2026,
CBD,Option 15,Independent,Indiqube - Logos,MG Road,Available on Request / Document Image,Grade A Commercial Space - Unspecified,G+4,"46,900 Sft","8,500-9,500 Sft",80% (+/- 2%),1 KVA / 100 Sft,1,Flexible Sq. Ft.,Available on Request,TBD,Pre-Furnished,Unspecified,Immediate,"1:1,000 Sft",Standard Commercial Lease,TBD,Included in rent,TBD,0.08,6,36,24,3,Yes,"12.972780732468138, 77.61771666596741",Independent Leasing Team,Leasing Head - Independent,+91-80-40000000,leasing@independent.com,Independent,CBD,BLR - Managed Office Space Supply 2026.xlsx,TARGET_EXCEL,Target Excel Import (CBD),July 2026,
CBD,Option 16,Independent,Indiqube - Sapphire,St.Mark's Road,Available on Request / Document Image,Grade A Commercial Space - Unspecified,B+G+4,"47,000–62,600 Sft","9,500-11,500 Sft",80% (+/- 2%),1 KVA / 100 Sft,1,Flexible Sq. Ft.,Available on Request,TBD,Pre-Furnished,Unspecified,Immediate,"1:1,000 Sft",Standard Commercial Lease,TBD,Included in rent,TBD,0.08,6,36,24,3,Yes,"12.969094300912786, 77.60045582178647",Independent Leasing Team,Leasing Head - Independent,+91-80-40000000,leasing@independent.com,Independent,CBD,BLR - Managed Office Space Supply 2026.xlsx,TARGET_EXCEL,Target Excel Import (CBD),July 2026,
CBD,Option 17,Suraksha Properties,Indiqube - Crystal,Church Street,Available on Request / Document Image,Grade A Commercial Space - Unspecified,G+4,"45,000-48,000 Sft","8,000-9,000 Sft",80% (+/- 2%),1 KVA / 100 Sft,1,Flexible Sq. Ft.,Available on Request,TBD,Pre-Furnished,Unspecified,Immediate,"1:1,000 Sft",Standard Commercial Lease,TBD,Included in rent,TBD,0.08,6,36,24,3,Yes,"12.97516218547411, 77.60591632178655",Suraksha Properties Leasing Team,Leasing Head - Suraksha Properties,+91-80-40000000,leasing@surakshaproperties.com,Suraksha Properties,CBD,BLR - Managed Office Space Supply 2026.xlsx,TARGET_EXCEL,Target Excel Import (CBD),July 2026,
CBD,Option 18,Independent,Indiqube - Penta,Richmond Road,Available on Request / Document Image,Grade A Commercial Space - Unspecified,B+G+5,"53,000 Sft","8,800 Sft",80% (+/- 2%),1 KVA / 100 Sft,1,Flexible Sq. Ft.,Available on Request,TBD,Pre-Furnished,Unspecified,Immediate,"1:1,000 Sft",Standard Commercial Lease,TBD,Included in rent,TBD,0.08,6,36,24,3,Yes,"12.96618385889494, 77.6036889659673",Independent Leasing Team,Leasing Head - Independent,+91-80-40000000,leasing@independent.com,Independent,CBD,BLR - Managed Office Space Supply 2026.xlsx,TARGET_EXCEL,Target Excel Import (CBD),July 2026,
CBD,Option 19,RMZ Corp,Indiqube - Platina - RMZ Pinnacle,Commissariat Road,Available on Request / Document Image,Grade A Commercial Space - Unspecified,B+G+3,"89,000–90,000 Sft","22,270 Sft",80% (+/- 2%),1 KVA / 100 Sft,1,Flexible Sq. Ft.,Available on Request,TBD,Pre-Furnished,Unspecified,Immediate,"1:1,000 Sft",Standard Commercial Lease,TBD,Included in rent,TBD,0.08,6,36,24,3,Yes,"12.971532553720394, 77.61083529480356",RMZ Corp Leasing Team,Leasing Head - RMZ Corp,+91-80-40000000,leasing@rmzcorp.com,RMZ Corp,CBD,BLR - Managed Office Space Supply 2026.xlsx,TARGET_EXCEL,Target Excel Import (CBD),July 2026,
CBD,Option 20,Independent,Indiqube - Grandeur,Walton Road,Available on Request / Document Image,Grade A Commercial Space - Unspecified,B+G+M+4,"44,189 Sft","10,000 Sft",80% (+/- 2%),1 KVA / 100 Sft,1,Flexible Sq. Ft.,Available on Request,TBD,Pre-Furnished,Unspecified,Immediate,"1:1,000 Sft",Standard Commercial Lease,TBD,Included in rent,TBD,0.08,6,36,24,3,Yes,"12.972747187506794, 77.59824493527795",Independent Leasing Team,Leasing Head - Independent,+91-80-40000000,leasing@independent.com,Independent,CBD,BLR - Managed Office Space Supply 2026.xlsx,TARGET_EXCEL,Target Excel Import (CBD),July 2026,
CBD,Option 21,Brigade Group,Indiqube - Brigade Square,"Cambridge Road, Halasuru",Available on Request / Document Image,Grade A Commercial Space - Unspecified,2B+G+6,"1,20,000 Sft","17,000–18,000 Sft",80% (+/- 2%),1 KVA / 100 Sft,1,130.0 Sq. Ft.,130,TBD,Pre-Furnished,Unspecified,Immediate,"1:1,000 Sft",Standard Commercial Lease,TBD,Included in rent,TBD,0.08,6,36,24,3,Yes,"12.973592276843329, 77.62623067945889",Brigade Group Leasing Team,Leasing Head - Brigade Group,+91-80-40000000,leasing@brigadegroup.com,Brigade Group,CBD,BLR - Managed Office Space Supply 2026.xlsx,TARGET_EXCEL,Target Excel Import (CBD),July 2026,
CBD,Option 22,Prestige Estates Projects Ltd,Awfis - Prestige UB City,"Prestige Towers, UB City, Vittal Mallya Rd",Available on Request / Document Image,Grade A Commercial Space - Unspecified,B+G+17,"580,000 Sft",27000 Sft,80% (+/- 2%),1 KVA / 100 Sft,1,270.0 Sq. Ft.,270,4F,Pre-Furnished,Unspecified,Immediate,"1:1,000 Sft",Standard Commercial Lease,22000.0,Included in rent,TBD,0.08,6,36,24,3,Yes,"12.971806678196021, 77.5959250371312",Prestige Estates Projects Ltd Leasing Team,Leasing Head - Prestige Estates Projects Ltd,+91-80-40000000,leasing@prestigeestatesprojectsltd.com,Prestige Estates Projects Ltd,CBD,BLR - Managed Office Space Supply 2026.xlsx,TARGET_EXCEL,Target Excel Import (CBD),July 2026,
CBD,Option 23,Independent,Awfis - Sabari Complex,Residency Road,Available on Request / Document Image,Grade A Commercial Space - Unspecified,B+G+3,"45,000 Sft","7,000–10,000 Sft",80% (+/- 2%),1 KVA / 100 Sft,1,40.0 Sq. Ft.,40,G+1F,Pre-Furnished,Unspecified,Immediate,"1:1,000 Sft",Standard Commercial Lease,12000.0,Included in rent,TBD,0.08,6,36,24,3,Yes,"12.971928323058465, 77.60592959480356",Independent Leasing Team,Leasing Head - Independent,+91-80-40000000,leasing@independent.com,Independent,CBD,BLR - Managed Office Space Supply 2026.xlsx,TARGET_EXCEL,Target Excel Import (CBD),July 2026,
CBD,Option 24,Prestige Estates Projects Limited,Awfis - Prestige DotCom,Residency Road,Available on Request / Document Image,Grade A Commercial Space - Unspecified,B+G+M+3,"59,765 Sft","10,527 Sft",80% (+/- 2%),1 KVA / 100 Sft,1,294.0 Sq. Ft.,294,G+4F,Pre-Furnished,Unspecified,Immediate,"1:1,000 Sft",Standard Commercial Lease,14000.0,Included in rent,TBD,0.08,6,36,24,3,Yes,"12.968804421899216, 77.60093055062259",Prestige Estates Projects Limited Leasing Team,Leasing Head - Prestige Estates Projects Limited,+91-80-40000000,leasing@prestigeestatesprojectslimited.com,Prestige Estates Projects Limited,CBD,BLR - Managed Office Space Supply 2026.xlsx,TARGET_EXCEL,Target Excel Import (CBD),July 2026,
CBD,Option 25,Renaissance Holdings & Developers Pvt. Ltd.,Awfis - Rennaisance Centra,Mission Road,Available on Request / Document Image,Grade A Commercial Space - Unspecified,B+G+M+3,"45,700–48,000 Sft","4,700–9,000 Sft",80% (+/- 2%),1 KVA / 100 Sft,1,24.0 Sq. Ft.,24,1F+2F,Pre-Furnished,Unspecified,Immediate,"1:1,000 Sft",Standard Commercial Lease,9000.0,Included in rent,TBD,0.08,6,36,24,3,Yes,"12.962852906687479, 77.59269889480342",Renaissance Holdings & Developers Pvt. Ltd. Leasing Team,Leasing Head - Renaissance Holdings & Developers Pvt. Ltd.,+91-80-40000000,leasing@renaissanceholdings&developerspvt.ltd..com,Renaissance Holdings & Developers Pvt. Ltd.,CBD,BLR - Managed Office Space Supply 2026.xlsx,TARGET_EXCEL,Target Excel Import (CBD),July 2026,
CBD,Option 26,K. Raheja Group,Awfis - Raheja Towers,MG Road,Available on Request / Document Image,Grade A Commercial Space - Unspecified,B+G+13,"334,000 Sft","22,000 Sft",80% (+/- 2%),1 KVA / 100 Sft,1,Flexible Sq. Ft.,Available on Request,7F,Pre-Furnished,Unspecified,Immediate,"1:1,000 Sft",Standard Commercial Lease,10500.0,Included in rent,TBD,0.08,6,36,24,3,Yes,"12.973374096951478, 77.6138883217865",K. Raheja Group Leasing Team,Leasing Head - K. Raheja Group,+91-80-40000000,leasing@k.rahejagroup.com,K. Raheja Group,CBD,BLR - Managed Office Space Supply 2026.xlsx,TARGET_EXCEL,Target Excel Import (CBD),July 2026,
CBD,Option 27,Salarpuria Sattva Group,Awfis - Residency Square (also known as Salarpuria Square),Richmond Road,Available on Request / Document Image,Grade A Commercial Space - Unspecified,B+G+3,"19,587 Sft","4,000–5,000 Sft",80% (+/- 2%),1 KVA / 100 Sft,1,7.0 Sq. Ft.,7,3F+4F,Pre-Furnished,Unspecified,Immediate,"1:1,000 Sft",Standard Commercial Lease,10000.0,Included in rent,TBD,0.08,6,36,24,3,Yes,"12.965814793339707, 77.60027152178637",Salarpuria Sattva Group Leasing Team,Leasing Head - Salarpuria Sattva Group,+91-80-40000000,leasing@salarpuriasattvagroup.com,Salarpuria Sattva Group,CBD,BLR - Managed Office Space Supply 2026.xlsx,TARGET_EXCEL,Target Excel Import (CBD),July 2026,
CBD,Option 28,SKAV Developers Pvt. Ltd.,Awfis - Skav909,Lavelle Road,Available on Request / Document Image,Grade A Commercial Space - Unspecified,3B+G+20,"2,80,000–2,91,333 Sft","13,872–14,000 Sft",80% (+/- 2%),1 KVA / 100 Sft,1,Flexible Sq. Ft.,Available on Request,8F+14F,Pre-Furnished,Unspecified,Immediate,"1:1,000 Sft",Standard Commercial Lease,TBD,Included in rent,TBD,0.08,6,36,24,3,Yes,"12.965630193495066, 77.59664506596731",SKAV Developers Pvt. Ltd. Leasing Team,Leasing Head - SKAV Developers Pvt. Ltd.,+91-80-40000000,leasing@skavdeveloperspvt.ltd..com,SKAV Developers Pvt. Ltd.,CBD,BLR - Managed Office Space Supply 2026.xlsx,TARGET_EXCEL,Target Excel Import (CBD),July 2026,
CBD,Option 29,Triumph Infrastructure Pvt. Ltd,BHIVE Platinum - Triumph Towers,Church Street,Available on Request / Document Image,Grade A Commercial Space - Unspecified,G+7,"110,308 Sft",Flexible floor plates,80% (+/- 2%),1 KVA / 100 Sft,1,630.0 Sq. Ft.,630,TBD,Pre-Furnished,Unspecified,Immediate,"1:1,000 Sft",Standard Commercial Lease,14000.0,Included in rent,TBD,0.08,6,36,24,3,Yes,"12.975837094671204, 77.60324075247597",Triumph Infrastructure Pvt. Ltd Leasing Team,Leasing Head - Triumph Infrastructure Pvt. Ltd,+91-80-40000000,leasing@triumphinfrastructurepvt.ltd.com,Triumph Infrastructure Pvt. Ltd,CBD,BLR - Managed Office Space Supply 2026.xlsx,TARGET_EXCEL,Target Excel Import (CBD),July 2026,
CBD,Option 30,Ramanashree Group,BHIVE Premium - Ramanashree,MG Road (Brunton Rd),Available on Request / Document Image,Grade A Commercial Space - Unspecified,B+G+5,"55,000–60,000 Sft","9,000–10,500 Sft",80% (+/- 2%),1 KVA / 100 Sft,1,91.0 Sq. Ft.,91,TBD,Pre-Furnished,Unspecified,Immediate,"1:1,000 Sft",Standard Commercial Lease,11800.0,Included in rent,TBD,0.08,6,36,24,3,Yes,"12.972496185542255, 77.61501251137162",Ramanashree Group Leasing Team,Leasing Head - Ramanashree Group,+91-80-40000000,leasing@ramanashreegroup.com,Ramanashree Group,CBD,BLR - Managed Office Space Supply 2026.xlsx,TARGET_EXCEL,Target Excel Import (CBD),July 2026,
CBD,Option 31,Independent,BHIVE Workspace - Mahalakshmi Chambers,MG Road,Available on Request / Document Image,Grade A Commercial Space - Unspecified,B+G+7,"90,000–100,000 Sft","12,000–14,000 Sft",80% (+/- 2%),1 KVA / 100 Sft,1,190.0 Sq. Ft.,190,TBD,Pre-Furnished,Unspecified,Immediate,"1:1,000 Sft",Standard Commercial Lease,11600.0,Included in rent,TBD,0.08,6,36,24,3,Yes,"12.973742470582932, 77.61643045451731",Independent Leasing Team,Leasing Head - Independent,+91-80-40000000,leasing@independent.com,Independent,CBD,BLR - Managed Office Space Supply 2026.xlsx,TARGET_EXCEL,Target Excel Import (CBD),July 2026,
CBD,Option 32,Independent,BHIVE Honeykomb,"Primrose Rd, MG Road",Available on Request / Document Image,Grade A Commercial Space - Unspecified,B+G+4,"30,000–35,000 Sft","6,000–7,000 Sft",80% (+/- 2%),1 KVA / 100 Sft,1,95.0 Sq. Ft.,95,TBD,Pre-Furnished,Unspecified,Immediate,"1:1,000 Sft",Standard Commercial Lease,9800.0,Included in rent,TBD,0.08,6,36,24,3,Yes,"12.97144511854063, 77.61293930101452",Independent Leasing Team,Leasing Head - Independent,+91-80-40000000,leasing@independent.com,Independent,CBD,BLR - Managed Office Space Supply 2026.xlsx,TARGET_EXCEL,Target Excel Import (CBD),July 2026,
CBD,Option 33,Brigade Group,Regus - World Trade Center-Brigade Gateway,"Dr Rajkumar Rd, Malleshwara",Available on Request / Document Image,Grade A Commercial Space - Unspecified,G+32,"13,80,000 Sft","40,000 Sft",80% (+/- 2%),1 KVA / 100 Sft,1,63.0 Sq. Ft.,63,22F,Pre-Furnished,Unspecified,Immediate,"1:1,000 Sft",Standard Commercial Lease,34000.0,Included in rent,TBD,0.08,6,36,24,3,Yes,"13.011236261850863, 77.55506997945955",Brigade Group Leasing Team,Leasing Head - Brigade Group,+91-80-40000000,leasing@brigadegroup.com,Brigade Group,CBD,BLR - Managed Office Space Supply 2026.xlsx,TARGET_EXCEL,Target Excel Import (CBD),July 2026,
CBD,Option 34,Prestige Group & UB Group,"Regus - Concorde Block, UB City",Vittal Mallya Road,Available on Request / Document Image,Grade A Commercial Space - Unspecified,G+20,"450,000–500,000 Sft","20,000–24,000 Sft",80% (+/- 2%),1 KVA / 100 Sft,1,16.0 Sq. Ft.,16,11F,Pre-Furnished,Unspecified,Immediate,"1:1,000 Sft",Standard Commercial Lease,32000.0,Included in rent,TBD,0.08,6,36,24,3,Yes,"12.971767223173732, 77.5960370371312",Prestige Group & UB Group Leasing Team,Leasing Head - Prestige Group & UB Group,+91-80-40000000,leasing@prestigegroup&ubgroup.com,Prestige Group & UB Group,CBD,BLR - Managed Office Space Supply 2026.xlsx,TARGET_EXCEL,Target Excel Import (CBD),July 2026,
CBD,Option 35,Global Tech Park Pvt. Ltd.,Regus - Global Tech Park (Divyasree Chambers),Langford Town,Available on Request / Document Image,Grade A Commercial Space - Unspecified,2B + G + 7,"202,000 Sft","25,250 Sft",80% (+/- 2%),1 KVA / 100 Sft,1,50.0 Sq. Ft.,50,1F,Pre-Furnished,Unspecified,Immediate,"1:1,000 Sft",Standard Commercial Lease,TBD,Included in rent,TBD,0.08,6,36,24,3,Yes,"12.962472340707428, 77.59967613713108",Global Tech Park Pvt. Ltd. Leasing Team,Leasing Head - Global Tech Park Pvt. Ltd.,+91-80-40000000,leasing@globaltechparkpvt.ltd..com,Global Tech Park Pvt. Ltd.,CBD,BLR - Managed Office Space Supply 2026.xlsx,TARGET_EXCEL,Target Excel Import (CBD),July 2026,
CBD,Option 36,Independent,Regus - Tejas Arcade,"Dr. Rajkumar Road, Rajajinagar 2nd Stage",Available on Request / Document Image,Grade A Commercial Space - Unspecified,B+G+3,"26,621 Sft","6,078 Sft",80% (+/- 2%),1 KVA / 100 Sft,1,30.0 Sq. Ft.,30,2F+3F,Pre-Furnished,Unspecified,Immediate,"1:1,000 Sft",Standard Commercial Lease,TBD,Included in rent,TBD,0.08,6,36,24,3,Yes,"13.007813011491798, 77.55463355247652",Independent Leasing Team,Leasing Head - Independent,+91-80-40000000,leasing@independent.com,Independent,CBD,BLR - Managed Office Space Supply 2026.xlsx,TARGET_EXCEL,Target Excel Import (CBD),July 2026,
CBD,Option 37,Kelachandra Group,Regus - The Estate,"Dickenson Rd, Near Manipal Centre",Available on Request / Document Image,Grade A Commercial Space - Unspecified,B+G+10,"60,000 Sft","18,294 Sft",80% (+/- 2%),1 KVA / 100 Sft,1,25.0 Sq. Ft.,25,8F,Pre-Furnished,Unspecified,Immediate,"1:1,000 Sft",Standard Commercial Lease,25000.0,Included in rent,TBD,0.08,6,36,24,3,Yes,"12.974640450712736, 77.61466780829514",Kelachandra Group Leasing Team,Leasing Head - Kelachandra Group,+91-80-40000000,leasing@kelachandragroup.com,Kelachandra Group,CBD,BLR - Managed Office Space Supply 2026.xlsx,TARGET_EXCEL,Target Excel Import (CBD),July 2026,
CBD,Option 38,Sobha Limited,Clayworks CBD - Sobha Alexander Plaza,Commissariat Rd,Available on Request / Document Image,Grade A Commercial Space - Unspecified,2B + G + 6,"85,000–95,000 Sft","12,000–14,000 Sft",80% (+/- 2%),1 KVA / 100 Sft,1,26.0 Sq. Ft.,26,2F,Pre-Furnished,Unspecified,Immediate,"1:1,000 Sft",Standard Commercial Lease,15000.0,Included in rent,TBD,0.08,6,36,24,3,Yes,"12.970882278896234, 77.61054413713124",Sobha Limited Leasing Team,Leasing Head - Sobha Limited,+91-80-40000000,leasing@sobhalimited.com,Sobha Limited,CBD,BLR - Managed Office Space Supply 2026.xlsx,TARGET_EXCEL,Target Excel Import (CBD),July 2026,
CBD,Option 39,Adarsh Developers Pvt. Ltd,Clayworks Opus - Adarsh Opus,Richmond Rd,Available on Request / Document Image,Grade A Commercial Space - Unspecified,B+G+3,"100,000 Sft","25,000 Sft",80% (+/- 2%),1 KVA / 100 Sft,1,227.0 Sq. Ft.,227,2F+3F,Pre-Furnished,Unspecified,Immediate,"1:1,000 Sft",Standard Commercial Lease,18000.0,Included in rent,TBD,0.08,6,36,24,3,Yes,"12.967076571280263, 77.6116094659673",Adarsh Developers Pvt. Ltd Leasing Team,Leasing Head - Adarsh Developers Pvt. Ltd,+91-80-40000000,leasing@adarshdeveloperspvt.ltd.com,Adarsh Developers Pvt. Ltd,CBD,BLR - Managed Office Space Supply 2026.xlsx,TARGET_EXCEL,Target Excel Import (CBD),July 2026,
CBD,Option 40,Independent,Claywork Residency,Residency Rd,Available on Request / Document Image,Grade A Commercial Space - Unspecified,B+G+4,"40,000–45,000 Sft","8,000–9,000 Sft",80% (+/- 2%),1 KVA / 100 Sft,1,Flexible Sq. Ft.,Available on Request,2F+3F,Pre-Furnished,Unspecified,Immediate,"1:1,000 Sft",Standard Commercial Lease,16000.0,Included in rent,TBD,0.08,6,36,24,3,Yes,"12.965702059360966, 77.59797661014817",Independent Leasing Team,Leasing Head - Independent,+91-80-40000000,leasing@independent.com,Independent,CBD,BLR - Managed Office Space Supply 2026.xlsx,TARGET_EXCEL,Target Excel Import (CBD),July 2026,
CBD,Option 41,Adarsh Group,Clayworks Crystal - Adarsh Yelavarthy Centre,Cambridge Layout,Available on Request / Document Image,Grade A Commercial Space - Unspecified,B+G+4,"32,000 Sft","8,000 Sft",80% (+/- 2%),1 KVA / 100 Sft,1,592.0 Sq. Ft.,592,2F+3F,Pre-Furnished,Unspecified,Immediate,"1:1,000 Sft",Standard Commercial Lease,16500.0,Included in rent,TBD,0.08,6,36,24,3,Yes,"12.97024882059304, 77.62809552911054",Adarsh Group Leasing Team,Leasing Head - Adarsh Group,+91-80-40000000,leasing@adarshgroup.com,Adarsh Group,CBD,BLR - Managed Office Space Supply 2026.xlsx,TARGET_EXCEL,Target Excel Import (CBD),July 2026,
CBD,Option 42,Independent,Smartworks - Sargod Imperial,Residency Road,Available on Request / Document Image,Grade A Commercial Space - Unspecified,B+G+4,"89,578 Sft","16,231 Sft",80% (+/- 2%),1 KVA / 100 Sft,1,240.0 Sq. Ft.,240,GF+2F,Warm Shell + Furnished,Unspecified,Immediate,"1:1,000 Sft",Standard Commercial Lease,TBD,Included in rent,TBD,0.08,6,36,24,3,Yes,"12.972549369094603, 77.60575586931554",Independent Leasing Team,Leasing Head - Independent,+91-80-40000000,leasing@independent.com,Independent,CBD,BLR - Managed Office Space Supply 2026.xlsx,TARGET_EXCEL,Target Excel Import (CBD),July 2026,
CBD,Option 43,Prestige Estates Projects Ltd,Smartworks - Prestige Zeenath House,Raja Ram Mohan Roy Road,Available on Request / Document Image,Grade A Commercial Space - Unspecified,2B+G+3,"31,820 Sft","8,613 Sft",80% (+/- 2%),1 KVA / 100 Sft,1,Flexible Sq. Ft.,Available on Request,GF+1F+2F+3F,Pre-Furnished,Unspecified,Immediate,"1:1,000 Sft",Standard Commercial Lease,TBD,Included in rent,TBD,0.08,6,36,24,3,Yes,"12.9667188209794, 77.59569622956712",Prestige Estates Projects Ltd Leasing Team,Leasing Head - Prestige Estates Projects Ltd,+91-80-40000000,leasing@prestigeestatesprojectsltd.com,Prestige Estates Projects Ltd,CBD,BLR - Managed Office Space Supply 2026.xlsx,TARGET_EXCEL,Target Excel Import (CBD),July 2026,
CBD,Option 44,Independent,Smartworks - Golden Millennium,Millers Road,Available on Request / Document Image,Grade A Commercial Space - Unspecified,B+G+4,"62,580 Sft","9,800 Sft",80% (+/- 2%),1 KVA / 100 Sft,1,194.0 Sq. Ft.,194,GF+4F,Pre-Furnished,Unspecified,Immediate,"1:1,000 Sft",Standard Commercial Lease,TBD,Included in rent,TBD,0.08,6,36,24,3,Yes,"12.990699140851358, 77.5938437441832",Independent Leasing Team,Leasing Head - Independent,+91-80-40000000,leasing@independent.com,Independent,CBD,BLR - Managed Office Space Supply 2026.xlsx,TARGET_EXCEL,Target Excel Import (CBD),July 2026,
CBD,Option 45,Independent,Smartworks - Sirius Building,Millers Road,Available on Request / Document Image,Grade A Commercial Space - Unspecified,B+G+5,"95,000–100,000 Sft","15,000–17,000 Sft",80% (+/- 2%),1 KVA / 100 Sft,1,Flexible Sq. Ft.,Available on Request,GF,Pre-Furnished,Unspecified,Immediate,"1:1,000 Sft",Standard Commercial Lease,TBD,Included in rent,TBD,0.08,6,36,24,3,Yes,"12.990204743931013, 77.59388602602422",Independent Leasing Team,Leasing Head - Independent,+91-80-40000000,leasing@independent.com,Independent,CBD,BLR - Managed Office Space Supply 2026.xlsx,TARGET_EXCEL,Target Excel Import (CBD),July 2026,
CBD,Option 46,HM Group,Trend Works - HM Towers,Brigade Road,Available on Request / Document Image,Grade A Commercial Space - Unspecified,G+6,"93,500 Sft","12,000 Sft",80% (+/- 2%),1 KVA / 100 Sft,1,6.0 Sq. Ft.,6,5F - 'B' Wing,Pre-Furnished,Unspecified,Immediate,"1:1,000 Sft",Standard Commercial Lease,14000.0,Included in rent,TBD,0.08,6,36,24,3,Yes,"12.971642200542622, 77.60700391779359",HM Group Leasing Team,Leasing Head - HM Group,+91-80-40000000,leasing@hmgroup.com,HM Group,CBD,BLR - Managed Office Space Supply 2026.xlsx,TARGET_EXCEL,Target Excel Import (CBD),July 2026,
CBD,Option 47,K. Raheja Group,Trend Works - Raheja Towers,MG Road,Available on Request / Document Image,Grade A Commercial Space - Unspecified,B+G+13,"334,000 Sft","22,000 Sft",80% (+/- 2%),1 KVA / 100 Sft,1,224.0 Sq. Ft.,224,8F+13F,Pre-Furnished,Unspecified,Immediate,"1:1,000 Sft",Standard Commercial Lease,16000.0,Included in rent,TBD,0.08,6,36,24,3,Yes,"12.97309544823984, 77.6141385937704",K. Raheja Group Leasing Team,Leasing Head - K. Raheja Group,+91-80-40000000,leasing@k.rahejagroup.com,K. Raheja Group,CBD,BLR - Managed Office Space Supply 2026.xlsx,TARGET_EXCEL,Target Excel Import (CBD),July 2026,
CBD,Option 48,Kelachandra Group,Trend Works - The Estate,Dickenson Road,Available on Request / Document Image,Grade A Commercial Space - Unspecified,B+G+10+T,"60,000 Sft","18,294 Sft",80% (+/- 2%),1 KVA / 100 Sft,1,78.0 Sq. Ft.,78,7F,Pre-Furnished,Unspecified,Immediate,"1:1,000 Sft",Standard Commercial Lease,16000.0,Included in rent,TBD,0.08,6,36,24,3,Yes,"12.974496412770018, 77.61464284907089",Kelachandra Group Leasing Team,Leasing Head - Kelachandra Group,+91-80-40000000,leasing@kelachandragroup.com,Kelachandra Group,CBD,BLR - Managed Office Space Supply 2026.xlsx,TARGET_EXCEL,Target Excel Import (CBD),July 2026,
CBD,Option 49,Novel Group,Novel Office Central,Ulsoor Rd,Available on Request / Document Image,Grade A Commercial Space - Unspecified,G+4,"30,000–32,000 Sft","7,000–8,000 Sft",80% (+/- 2%),1 KVA / 100 Sft,1,22.0 Sq. Ft.,22,TBD,Pre-Furnished,Unspecified,Immediate,"1:1,000 Sft",Standard Commercial Lease,TBD,Included in rent,TBD,0.08,6,36,24,3,Yes,"12.975213799703628, 77.61945122326148",Novel Group Leasing Team,Leasing Head - Novel Group,+91-80-40000000,leasing@novelgroup.com,Novel Group,CBD,BLR - Managed Office Space Supply 2026.xlsx,TARGET_EXCEL,Target Excel Import (CBD),July 2026,
CBD,Option 50,Novel Group,Novel Office Queens Road,Queen's Rd,Available on Request / Document Image,Grade A Commercial Space - Unspecified,B+G+3,"41,801 Sft","10,450 Sft",80% (+/- 2%),1 KVA / 100 Sft,1,35.0 Sq. Ft.,35,TBD,Pre-Furnished,Unspecified,Immediate,"1:1,000 Sft",Standard Commercial Lease,TBD,Included in rent,TBD,0.08,6,36,24,3,Yes,"12.99092652868044, 77.59907232546632",Novel Group Leasing Team,Leasing Head - Novel Group,+91-80-40000000,leasing@novelgroup.com,Novel Group,CBD,BLR - Managed Office Space Supply 2026.xlsx,TARGET_EXCEL,Target Excel Import (CBD),July 2026,
CBD,Option 51,Novel Group,Novel Business Park,"Baldwins Rd, AnepalyaRd",Available on Request / Document Image,Grade A Commercial Space - Unspecified,B+G+7,"48,000 Sft","6,000–6,800 Sft",80% (+/- 2%),1 KVA / 100 Sft,1,270.0 Sq. Ft.,270,TBD,Pre-Furnished,Unspecified,Immediate,"1:1,000 Sft",Standard Commercial Lease,TBD,Included in rent,TBD,0.08,6,36,24,3,Yes,"12.951437645029419, 77.6081470779349",Novel Group Leasing Team,Leasing Head - Novel Group,+91-80-40000000,leasing@novelgroup.com,Novel Group,CBD,BLR - Managed Office Space Supply 2026.xlsx,TARGET_EXCEL,Target Excel Import (CBD),July 2026,
CBD,Option 52,Pothraj Infrastructure & Investment,Flex Coworks - Trinity Pothraj,MG Road - Trinity Circle,Available on Request / Document Image,Grade A Commercial Space - Unspecified,G+M+3,"36,750 Sft","8,250 Sft",80% (+/- 2%),1 KVA / 100 Sft,1,112.0 Sq. Ft.,112,2F,Pre-Furnished,Unspecified,Immediate,"1:1,000 Sft",Standard Commercial Lease,TBD,Included in rent,TBD,0.08,6,36,24,3,Yes,"12.973526622140191, 77.62059459205027",Pothraj Infrastructure & Investment Leasing Team,Leasing Head - Pothraj Infrastructure & Investment,+91-80-40000000,leasing@pothrajinfrastructure&investment.com,Pothraj Infrastructure & Investment,CBD,BLR - Managed Office Space Supply 2026.xlsx,TARGET_EXCEL,Target Excel Import (CBD),July 2026,
CBD,Option 53,Nandhini Group,Flex Coworks - Nandhini Deluxe,St.Mark's Road,Available on Request / Document Image,Grade A Commercial Space - Unspecified,G+4,"30,000–35,000 Sft","6,000–7,000 Sft",80% (+/- 2%),1 KVA / 100 Sft,1,147.0 Sq. Ft.,147,1F+2F,Pre-Furnished,Unspecified,Immediate,"1:1,000 Sft",Standard Commercial Lease,TBD,Included in rent,TBD,0.08,6,36,24,3,Yes,"12.973108422968501, 77.60102519485751",Nandhini Group Leasing Team,Leasing Head - Nandhini Group,+91-80-40000000,leasing@nandhinigroup.com,Nandhini Group,CBD,BLR - Managed Office Space Supply 2026.xlsx,TARGET_EXCEL,Target Excel Import (CBD),July 2026,
CBD,Option 54,SKAV Developers Pvt. Ltd.,Incubex - Skav 909,Lavelle Road,Available on Request / Document Image,Grade A Commercial Space - Unspecified,3B+G+20,"2,80,000–2,91,333 Sft","13,872–14,000 Sft",80% (+/- 2%),1 KVA / 100 Sft,1,65.0 Sq. Ft.,65,14F,Pre-Furnished,Unspecified,Immediate,"1:1,000 Sft",Standard Commercial Lease,TBD,Included in rent,TBD,0.08,6,36,24,3,Yes,"12.965656465536892, 77.59656484322925",SKAV Developers Pvt. Ltd. Leasing Team,Leasing Head - SKAV Developers Pvt. Ltd.,+91-80-40000000,leasing@skavdeveloperspvt.ltd..com,SKAV Developers Pvt. Ltd.,CBD,BLR - Managed Office Space Supply 2026.xlsx,TARGET_EXCEL,Target Excel Import (CBD),July 2026,
CBD,Option 55,HM Group,Incubex - HM Eleganza,Museum Road,Available on Request / Document Image,Grade A Commercial Space - Unspecified,2B+G+M+3+T,"56,000 Sft","9,700 Sft",80% (+/- 2%),1 KVA / 100 Sft,1,Flexible Sq. Ft.,Available on Request,TBD,Pre-Furnished,Unspecified,Immediate,"1:1,000 Sft",Standard Commercial Lease,TBD,Included in rent,TBD,0.08,6,36,24,3,Yes,"12.973897721649305, 77.60276018131215",HM Group Leasing Team,Leasing Head - HM Group,+91-80-40000000,leasing@hmgroup.com,HM Group,CBD,BLR - Managed Office Space Supply 2026.xlsx,TARGET_EXCEL,Target Excel Import (CBD),July 2026,
CBD,Option 56,Embassy Group,CRE - Embassy Icon,Infantry Road,Available on Request / Document Image,Grade A Commercial Space - Unspecified,2B+G+7,"254,297 Sft","27,000 Sft",80% (+/- 2%),1 KVA / 100 Sft,1,189.0 Sq. Ft.,189,TBD,Pre-Furnished,Unspecified,Immediate,"1:1,000 Sft",Standard Commercial Lease,9900.0,Included in rent,TBD,0.08,6,36,24,3,Yes,"12.984017292297047, 77.59534647177237",Embassy Group Leasing Team,Leasing Head - Embassy Group,+91-80-40000000,leasing@embassygroup.com,Embassy Group,CBD,BLR - Managed Office Space Supply 2026.xlsx,TARGET_EXCEL,Target Excel Import (CBD),July 2026,
CBD,Option 57,Rockline Group,CRE - Rockline Centre,"Midford Garden Rd, Trinity, MG Rd",Available on Request / Document Image,Grade A Commercial Space - Unspecified,B+G+6,"69,362 Sft","9,000 Sft",80% (+/- 2%),1 KVA / 100 Sft,1,349.0 Sq. Ft.,349,TBD,Pre-Furnished,Unspecified,Immediate,"1:1,000 Sft",Standard Commercial Lease,8900.0,Included in rent,TBD,0.08,6,36,24,3,Yes,"12.971638821382289, 77.61813451981921",Rockline Group Leasing Team,Leasing Head - Rockline Group,+91-80-40000000,leasing@rocklinegroup.com,Rockline Group,CBD,BLR - Managed Office Space Supply 2026.xlsx,TARGET_EXCEL,Target Excel Import (CBD),July 2026,
CBD,Option 58,Prestige Group,Obeya Capitol - Prestige Khoday Tower,Raj Bhavan Road,Available on Request / Document Image,Grade A Commercial Space - Unspecified,3B+G+15,"160,651 Sft","10,382 Sft",80% (+/- 2%),1 KVA / 100 Sft,1,Flexible Sq. Ft.,Available on Request,2F,Pre-Furnished,Unspecified,Immediate,"1:1,000 Sft",Standard Commercial Lease,TBD,Included in rent,TBD,0.08,6,36,24,3,Yes,"12.982886596880924, 77.5940332659676",Prestige Group Leasing Team,Leasing Head - Prestige Group,+91-80-40000000,leasing@prestigegroup.com,Prestige Group,CBD,BLR - Managed Office Space Supply 2026.xlsx,TARGET_EXCEL,Target Excel Import (CBD),July 2026,
CBD,Option 59,Embassy Group,Obeya Panache - Embassy Diamante,Vittal Malaya Rd,Available on Request / Document Image,Grade A Commercial Space - Unspecified,G+M+3,"16,000 Sft","3,500 Sft",80% (+/- 2%),1 KVA / 100 Sft,1,40.0 Sq. Ft.,40,2F,Pre-Furnished,Unspecified,Immediate,"1:1,000 Sft",Standard Commercial Lease,18000.0,Included in rent,TBD,0.08,6,36,24,3,Yes,"12.971561643566739, 77.59740927945879",Embassy Group Leasing Team,Leasing Head - Embassy Group,+91-80-40000000,leasing@embassygroup.com,Embassy Group,CBD,BLR - Managed Office Space Supply 2026.xlsx,TARGET_EXCEL,Target Excel Import (CBD),July 2026,
CBD,Option 60,Independent,Obeya Pulse - Obeya Pulse,Ulsoor Rd,Available on Request / Document Image,Grade A Commercial Space - Unspecified,G+4,"30,000–35,000 Sft","6,000–7,000 Sft",80% (+/- 2%),1 KVA / 100 Sft,1,50.0 Sq. Ft.,50,GF,Pre-Furnished,Unspecified,Immediate,"1:1,000 Sft",Standard Commercial Lease,9000.0,Included in rent,TBD,0.08,6,36,24,3,Yes,"12.975658125171469, 77.61900651114362",Independent Leasing Team,Leasing Head - Independent,+91-80-40000000,leasing@independent.com,Independent,CBD,BLR - Managed Office Space Supply 2026.xlsx,TARGET_EXCEL,Target Excel Import (CBD),July 2026,
CBD,Option 61,Prestige Group,Simpliwork -  UB Plaza,Vittal Mallya Road,Available on Request / Document Image,Grade A Commercial Space - Unspecified,B+G+4,"70,364 Sft","15,000 Sft",80% (+/- 2%),1 KVA / 100 Sft,1,Flexible Sq. Ft.,Available on Request,1F,Pre-Furnished,Unspecified,Immediate,"1:1,000 Sft",Standard Commercial Lease,TBD,Included in rent,TBD,0.08,6,36,24,3,Yes,"12.970214036664393, 77.60045467972328",Prestige Group Leasing Team,Leasing Head - Prestige Group,+91-80-40000000,leasing@prestigegroup.com,Prestige Group,CBD,BLR - Managed Office Space Supply 2026.xlsx,TARGET_EXCEL,Target Excel Import (CBD),July 2026,
CBD,Option 62,Prestige Group,Simpliwork - Prestige Sigma,Vittal Mallya Road,Available on Request / Document Image,Grade A Commercial Space - Unspecified,B+G+5,"53,280 Sft","8,880 Sft",80% (+/- 2%),1 KVA / 100 Sft,1,Flexible Sq. Ft.,Available on Request,4F,Pre-Furnished,Unspecified,Immediate,"1:1,000 Sft",Standard Commercial Lease,TBD,Included in rent,TBD,0.08,6,36,24,3,Yes,"12.970417298148735, 77.60007782775578",Prestige Group Leasing Team,Leasing Head - Prestige Group,+91-80-40000000,leasing@prestigegroup.com,Prestige Group,CBD,BLR - Managed Office Space Supply 2026.xlsx,TARGET_EXCEL,Target Excel Import (CBD),July 2026,
CBD,Option 63,Prestige Group,Simpliwork - Prestige Summit,"St. Johns Rd, Ulsoor Rd",Available on Request / Document Image,Grade A Commercial Space - Unspecified,2B+G+4,"65,000 Sft","13,000 Sft",80% (+/- 2%),1 KVA / 100 Sft,1,Flexible Sq. Ft.,Available on Request,3F,Pre-Furnished,Unspecified,Immediate,"1:1,000 Sft",Standard Commercial Lease,TBD,Included in rent,TBD,0.08,6,36,24,3,Yes,"12.986474848126376, 77.61596895247617",Prestige Group Leasing Team,Leasing Head - Prestige Group,+91-80-40000000,leasing@prestigegroup.com,Prestige Group,CBD,BLR - Managed Office Space Supply 2026.xlsx,TARGET_EXCEL,Target Excel Import (CBD),July 2026,
CBD,Option 64,RMZ Corp,Simpliwork - RMZ Millenia,Ulsoor Rd,Available on Request / Document Image,Grade A Commercial Space - Unspecified,2B+G+14,"248,250 Sft","16,550 Sft",80% (+/- 2%),1 KVA / 100 Sft,1,Flexible Sq. Ft.,Available on Request,5F,Pre-Furnished,Unspecified,Immediate,"1:1,000 Sft",Standard Commercial Lease,TBD,Included in rent,TBD,0.08,6,36,24,3,Yes,"12.982463499701732, 77.62498352549318",RMZ Corp Leasing Team,Leasing Head - RMZ Corp,+91-80-40000000,leasing@rmzcorp.com,RMZ Corp,CBD,BLR - Managed Office Space Supply 2026.xlsx,TARGET_EXCEL,Target Excel Import (CBD),July 2026,
CBD,Option 65,Prestige Group,Simpliwork - Prestige Solitaire,Brunton road,Available on Request / Document Image,Grade A Commercial Space - Unspecified,2B+G+8,"126,000 Sft","14,000 Sft",80% (+/- 2%),1 KVA / 100 Sft,1,Flexible Sq. Ft.,Available on Request,1F,Pre-Furnished,Unspecified,Immediate,"1:1,000 Sft",Standard Commercial Lease,TBD,Included in rent,TBD,0.08,6,36,24,3,Yes,"12.971766678226295, 77.61512618131208",Prestige Group Leasing Team,Leasing Head - Prestige Group,+91-80-40000000,leasing@prestigegroup.com,Prestige Group,CBD,BLR - Managed Office Space Supply 2026.xlsx,TARGET_EXCEL,Target Excel Import (CBD),July 2026,
CBD,Option 66,Vaswani Group,Simpliwork - Vaswani Centropolis,Langford Road,Available on Request / Document Image,Grade A Commercial Space - Unspecified,2B+G+8,"144,144 Sft","16,000–18,000 Sft",80% (+/- 2%),1 KVA / 100 Sft,1,Flexible Sq. Ft.,Available on Request,2F,Pre-Furnished,Unspecified,Immediate,"1:1,000 Sft",Standard Commercial Lease,TBD,Included in rent,TBD,0.08,6,36,24,3,Yes,"12.961419086061529, 77.59789069480335",Vaswani Group Leasing Team,Leasing Head - Vaswani Group,+91-80-40000000,leasing@vaswanigroup.com,Vaswani Group,CBD,BLR - Managed Office Space Supply 2026.xlsx,TARGET_EXCEL,Target Excel Import (CBD),July 2026,
CBD,Option 67,Prestige Group,Red Brick - Prestige Summit,"St.John Rd, Ulsoor Rd",Available on Request / Document Image,Grade A Commercial Space - Unspecified,2B+G+4,"65,000 Sft","13,000 Sft",80% (+/- 2%),1 KVA / 100 Sft,1,Flexible Sq. Ft.,Available on Request,TBD,Pre-Furnished,Unspecified,Immediate,"1:1,000 Sft",Standard Commercial Lease,TBD,Included in rent,TBD,0.08,6,36,24,3,Yes,"12.986474848126376, 77.61596895247617",Prestige Group Leasing Team,Leasing Head - Prestige Group,+91-80-40000000,leasing@prestigegroup.com,Prestige Group,CBD,BLR - Managed Office Space Supply 2026.xlsx,TARGET_EXCEL,Target Excel Import (CBD),July 2026,
CBD,Option 68,Prestige Group,Red Brick - Prestige Tristar,Ulsoor Rd,Available on Request / Document Image,Grade A Commercial Space - Unspecified,B+G+3,"16,608 Sft","2,485–4,600 Sft",80% (+/- 2%),1 KVA / 100 Sft,1,Flexible Sq. Ft.,Available on Request,GF+1F+2F,Pre-Furnished,Unspecified,Immediate,"1:1,000 Sft",Standard Commercial Lease,TBD,Included in rent,TBD,0.08,6,36,24,3,Yes,"12.974907030767868, 77.61618532363978",Prestige Group Leasing Team,Leasing Head - Prestige Group,+91-80-40000000,leasing@prestigegroup.com,Prestige Group,CBD,BLR - Managed Office Space Supply 2026.xlsx,TARGET_EXCEL,Target Excel Import (CBD),July 2026,
CBD,Option 69,Pride Group,Workshaala - Marvel - Pride Hulkul,Lalbagh Main Road,Available on Request / Document Image,Grade A Commercial Space - Unspecified,B+G+9,"235,000 Sft","23,500 Sft",80% (+/- 2%),1 KVA / 100 Sft,1,700.0 Sq. Ft.,700,3F+5F+6F+8F,Pre-Furnished,Unspecified,Immediate,"1:1,000 Sft",Standard Commercial Lease,9999.0,Included in rent,TBD,0.08,6,36,24,3,Yes,"12.957550988988901, 77.5855556659671",Pride Group Leasing Team,Leasing Head - Pride Group,+91-80-40000000,leasing@pridegroup.com,Pride Group,CBD,BLR - Managed Office Space Supply 2026.xlsx,TARGET_EXCEL,Target Excel Import (CBD),July 2026,
CBD,Option 70,Prestige Group,Workshaala - Celeste - Prestige Tower,Residency Road,Available on Request / Document Image,Grade A Commercial Space - Unspecified,2B+G+23,"623,000 Sft","16,000–17,000 Sft",80% (+/- 2%),1 KVA / 100 Sft,1,Flexible Sq. Ft.,Available on Request,TBD,Pre-Furnished,Unspecified,Immediate,"1:1,000 Sft",Standard Commercial Lease,TBD,Included in rent,TBD,0.08,6,36,24,3,Yes,"12.968089895316075, 77.60189848834344",Prestige Group Leasing Team,Leasing Head - Prestige Group,+91-80-40000000,leasing@prestigegroup.com,Prestige Group,CBD,BLR - Managed Office Space Supply 2026.xlsx,TARGET_EXCEL,Target Excel Import (CBD),July 2026,
CBD,Option 71,Independent,315Work Avenue - LGF1,Langford Town,Available on Request / Document Image,Grade A Commercial Space - Unspecified,G+3,"12,000–15,000 Sft","3,000–4,000 Sft",80% (+/- 2%),1 KVA / 100 Sft,1,Flexible Sq. Ft.,Available on Request,TBD,Pre-Furnished,Unspecified,Immediate,"1:1,000 Sft",Standard Commercial Lease,TBD,Included in rent,TBD,0.08,6,36,24,3,Yes,"12.959784542878667, 77.60269106596722",Independent Leasing Team,Leasing Head - Independent,+91-80-40000000,leasing@independent.com,Independent,CBD,BLR - Managed Office Space Supply 2026.xlsx,TARGET_EXCEL,Target Excel Import (CBD),July 2026,
CBD,Option 72,Salarpuria Sattva Group,315Work Avenue - Kothari Pearl,Residency Rd,Available on Request / Document Image,Grade A Commercial Space - Unspecified,B+G+3,"17,007 Sft","3,028–4,780 Sft",80% (+/- 2%),1 KVA / 100 Sft,1,Flexible Sq. Ft.,Available on Request,TBD,Pre-Furnished,Unspecified,Immediate,"1:1,000 Sft",Standard Commercial Lease,TBD,Included in rent,TBD,0.08,6,36,24,3,Yes,"12.97232696318921, 77.60834353706593",Salarpuria Sattva Group Leasing Team,Leasing Head - Salarpuria Sattva Group,+91-80-40000000,leasing@salarpuriasattvagroup.com,Salarpuria Sattva Group,CBD,BLR - Managed Office Space Supply 2026.xlsx,TARGET_EXCEL,Target Excel Import (CBD),July 2026,
CBD,Option 73,K. Raheja Group,Quest Office - Raheja Towers,MG Road,Available on Request / Document Image,Grade A Commercial Space - Unspecified,B+G+13,"334,000 Sft","22,000 Sft",80% (+/- 2%),1 KVA / 100 Sft,1,101.0 Sq. Ft.,101,3F,Pre-Furnished,Unspecified,Immediate,"1:1,000 Sft",Standard Commercial Lease,14000.0,Included in rent,TBD,0.08,6,36,24,3,Yes,"12.97309544823984, 77.6141385937704",K. Raheja Group Leasing Team,Leasing Head - K. Raheja Group,+91-80-40000000,leasing@k.rahejagroup.com,K. Raheja Group,CBD,BLR - Managed Office Space Supply 2026.xlsx,TARGET_EXCEL,Target Excel Import (CBD),July 2026,
CBD,Option 74,Independent,Quest Office - Vayudooth Chambers,MG Road - Trinity Circle,Available on Request / Document Image,Grade A Commercial Space - Unspecified,B+G+14,"100,780 Sft","9,800 Sft",80% (+/- 2%),1 KVA / 100 Sft,1,150.0 Sq. Ft.,150,10F+11F+12F,Pre-Furnished,Unspecified,Immediate,"1:1,000 Sft",Standard Commercial Lease,10000.0,Included in rent,TBD,0.08,6,36,24,3,Yes,"12.972257377854604, 77.61932405062271",Independent Leasing Team,Leasing Head - Independent,+91-80-40000000,leasing@independent.com,Independent,CBD,BLR - Managed Office Space Supply 2026.xlsx,TARGET_EXCEL,Target Excel Import (CBD),July 2026,
CBD,Option 75,Independent,91Springboard - GopalaKrishna Complex,Residency Rd,Available on Request / Document Image,Grade A Commercial Space - Unspecified,B+G+5,"50,000 Sft","8,700 Sft",80% (+/- 2%),1 KVA / 100 Sft,1,62.0 Sq. Ft.,62,G+5,Pre-Furnished,Unspecified,Immediate,"1:1,000 Sft",Standard Commercial Lease,TBD,Included in rent,TBD,0.08,6,36,24,3,Yes,"12.973759696594486, 77.60935343713126",Independent Leasing Team,Leasing Head - Independent,+91-80-40000000,leasing@independent.com,Independent,CBD,BLR - Managed Office Space Supply 2026.xlsx,TARGET_EXCEL,Target Excel Import (CBD),July 2026,
CBD,Option 76,Independent,Golden Square - Eden Park,Vittal Mallya Road,Available on Request / Document Image,Grade A Commercial Space - Unspecified,B+G+4,"25,000 Sft","5,000–6,000 Sft",80% (+/- 2%),1 KVA / 100 Sft,1,20.0 Sq. Ft.,20,1F+2F+3F,Pre-Furnished,Unspecified,Immediate,"1:1,000 Sft",Standard Commercial Lease,TBD,Included in rent,TBD,0.08,6,36,24,3,Yes,"12.971017245631092, 77.59739148695802",Independent Leasing Team,Leasing Head - Independent,+91-80-40000000,leasing@independent.com,Independent,CBD,BLR - Managed Office Space Supply 2026.xlsx,TARGET_EXCEL,Target Excel Import (CBD),July 2026,
CBD,Option 77,Puravankara Group,Cowrks - Purva Premier,Residency Road,Available on Request / Document Image,Grade A Commercial Space - Unspecified,B+G+10,"122,843 Sft","12,269 Sft",80% (+/- 2%),1 KVA / 100 Sft,1,115.0 Sq. Ft.,115,1F+2F+3F+4F,Pre-Furnished,Unspecified,Immediate,"1:1,000 Sft",Standard Commercial Lease,TBD,Included in rent,TBD,0.08,6,36,24,3,Yes,"12.966325427066339, 77.59911473713112",Puravankara Group Leasing Team,Leasing Head - Puravankara Group,+91-80-40000000,leasing@puravankaragroup.com,Puravankara Group,CBD,BLR - Managed Office Space Supply 2026.xlsx,TARGET_EXCEL,Target Excel Import (CBD),July 2026,
CBD,Option 78,Prestige Group,iSprout - Prestige Saleh Ahmed,Infantry Road,Available on Request / Document Image,Grade A Commercial Space - Unspecified,2B+G+9,"78,610 Sft","8,104 Sft",80% (+/- 2%),1 KVA / 100 Sft,1,296.0 Sq. Ft.,296,2F+6F,Pre-Furnished,Unspecified,Immediate,"1:1,000 Sft",Standard Commercial Lease,TBD,Included in rent,TBD,0.08,6,36,24,3,Yes,"12.980636362147283, 77.60345172363989",Prestige Group Leasing Team,Leasing Head - Prestige Group,+91-80-40000000,leasing@prestigegroup.com,Prestige Group,CBD,BLR - Managed Office Space Supply 2026.xlsx,TARGET_EXCEL,Target Excel Import (CBD),July 2026,
CBD,Option 79,Prestige Group,2gethr - Prestige Poseidon (Purva Premiere Block),Residency Road,Available on Request / Document Image,Grade A Commercial Space - Unspecified,B+G+3,"32,640 Sft","7,000 Sft",80% (+/- 2%),1 KVA / 100 Sft,1,Flexible Sq. Ft.,Available on Request,G+M+1F+2F+3F,Pre-Furnished,Unspecified,Immediate,"1:1,000 Sft",Standard Commercial Lease,TBD,Included in rent,TBD,0.08,6,36,24,3,Yes,"12.965322834303903, 77.59741328863544",Prestige Group Leasing Team,Leasing Head - Prestige Group,+91-80-40000000,leasing@prestigegroup.com,Prestige Group,CBD,BLR - Managed Office Space Supply 2026.xlsx,TARGET_EXCEL,Target Excel Import (CBD),July 2026,
CBD,Option 80,Independent,Beginest Harbor 5,Residency Rd,Available on Request / Document Image,Grade A Commercial Space - Unspecified,B+G+3+T,"16,600 Sft","5,500 Sft",80% (+/- 2%),1 KVA / 100 Sft,1,Flexible Sq. Ft.,Available on Request,G+1F+2F+3F,Pre-Furnished,Unspecified,Immediate,"1:1,000 Sft",Standard Commercial Lease,TBD,Included in rent,TBD,0.08,6,36,24,3,Yes,"12.972184983973841, 77.60819364296543",Independent Leasing Team,Leasing Head - Independent,+91-80-40000000,leasing@independent.com,Independent,CBD,BLR - Managed Office Space Supply 2026.xlsx,TARGET_EXCEL,Target Excel Import (CBD),July 2026,
CBD,Option 81,Independent,Beginest Harbor 8,Castle street,Available on Request / Document Image,Grade A Commercial Space - Unspecified,B+G+4,"24,000–26,000 Sft","5,000–6,000 Sft",80% (+/- 2%),1 KVA / 100 Sft,1,Flexible Sq. Ft.,Available on Request,G+1F+2F+3F+4F,Pre-Furnished,Unspecified,Immediate,"1:1,000 Sft",Standard Commercial Lease,TBD,Included in rent,TBD,0.08,6,36,24,3,Yes,"12.967511755567125, 77.60936439286242",Independent Leasing Team,Leasing Head - Independent,+91-80-40000000,leasing@independent.com,Independent,CBD,BLR - Managed Office Space Supply 2026.xlsx,TARGET_EXCEL,Target Excel Import (CBD),July 2026,
CBD,Option 82,Perstige Groups,CorporatEdge - PrestigeTradeTower,Palace Road next to the Golf Course,Available on Request / Document Image,Grade A Commercial Space - Unspecified,2B+G+23,"4,97,902 Sft","22,000 Sft",80% (+/- 2%),1 KVA / 100 Sft,1,54.0 Sq. Ft.,54,3F,Pre-Furnished,Unspecified,Immediate,"1:1,000 Sft",Standard Commercial Lease,38000.0,Included in rent,TBD,0.08,6,36,24,3,Yes,"12.985990150833903, 77.5874202011323",Perstige Groups Leasing Team,Leasing Head - Perstige Groups,+91-80-40000000,leasing@perstigegroups.com,Perstige Groups,CBD,BLR - Managed Office Space Supply 2026.xlsx,TARGET_EXCEL,Target Excel Import (CBD),July 2026,
CBD,Option 83,Prestige / UB Group,CorporatEdge - UBCity Concorde Tower,Vittal Mallya Road,Available on Request / Document Image,Grade A Commercial Space - Unspecified,B+G+19,"2,44,000 Sft","13,500 Sft",80% (+/- 2%),1 KVA / 100 Sft,1,118.0 Sq. Ft.,118,10F,Pre-Furnished,Unspecified,Immediate,"1:1,000 Sft",Standard Commercial Lease,38000.0,Included in rent,TBD,0.08,6,36,24,3,Yes,"12.971790112451512, 77.5958202992476",Prestige / UB Group Leasing Team,Leasing Head - Prestige / UB Group,+91-80-40000000,leasing@prestige/ubgroup.com,Prestige / UB Group,CBD,BLR - Managed Office Space Supply 2026.xlsx,TARGET_EXCEL,Target Excel Import (CBD),July 2026,
CBD,Option 84,ITC Ltd,"CorporatEdge - ITC GreenCenter, North west",Dodda Banaswadi Main Road,Available on Request / Document Image,Grade A Commercial Space - Unspecified,4B+G+11,9.36 lakh Sft,"78,000 Sft",80% (+/- 2%),1 KVA / 100 Sft,1,Flexible Sq. Ft.,Available on Request,TBD,Pre-Furnished,Unspecified,Immediate,"1:1,000 Sft",Standard Commercial Lease,TBD,Included in rent,TBD,0.08,6,36,24,3,Yes,"12.999023886680146, 77.62617284954776",ITC Ltd Leasing Team,Leasing Head - ITC Ltd,+91-80-40000000,leasing@itcltd.com,ITC Ltd,CBD,BLR - Managed Office Space Supply 2026.xlsx,TARGET_EXCEL,Target Excel Import (CBD),July 2026,
CBD,Option 85,DBS Corporate Services,DBS House,Cunningham Road,Available on Request / Document Image,Grade A Commercial Space - Unspecified,B+G+3,"30,000 Sft","7,500 Sft",80% (+/- 2%),1 KVA / 100 Sft,1,85.0 Sq. Ft.,85,TBD,Pre-Furnished,Unspecified,Immediate,"1:1,000 Sft",Standard Commercial Lease,TBD,Included in rent,TBD,0.08,6,36,24,3,Yes,"12.984699435403266, 77.59673776797308",DBS Corporate Services Leasing Team,Leasing Head - DBS Corporate Services,+91-80-40000000,leasing@dbscorporateservices.com,DBS Corporate Services,CBD,BLR - Managed Office Space Supply 2026.xlsx,TARGET_EXCEL,Target Excel Import (CBD),July 2026,
Indiranagar,Option 1,Divyasree Group,2gethr - Divyasree Greens,Domlur,Available on Request / Document Image,Grade A Commercial Space - Unspecified,2B+G+5,As per master plan,"40,000–60,000 Sft",80% (+/- 2%),1 KVA per 100 Sq. Ft.,1,128.0 Sq. Ft.,128,TBD,Pre-Furnished,Unspecified,Immediate,"1:1,000 Sft",Standard Commercial Lease,TBD,Included in rent,TBD,0.08,6,36,24,3,Yes,"12.954408726873758, 77.64108983677154",Divyasree Group Leasing Team,Leasing Head - Divyasree Group,+91-80-40000000,leasing@divyasreegroup.com,Divyasree Group,Indiranagar,BLR - Managed Office Space Supply 2026.xlsx,TARGET_EXCEL,Target Excel Import (Indiranagar),July 2026,
Indiranagar,Option 2,Independent,91Springboard - George Thangaiah Complex,Indiranagar 80ft Rd,Available on Request / Document Image,Grade A Commercial Space - Unspecified,G+4,As per master plan,"12,500 Sft",80% (+/- 2%),1 KVA per 100 Sq. Ft.,1,105.0 Sq. Ft.,105,TBD,Pre-Furnished,Unspecified,Immediate,"1:1,000 Sft",Standard Commercial Lease,TBD,Included in rent,TBD,0.08,6,36,24,3,Yes,"12.981772994423237, 77.64560748866482",Independent Leasing Team,Leasing Head - Independent,+91-80-40000000,leasing@independent.com,Independent,Indiranagar,BLR - Managed Office Space Supply 2026.xlsx,TARGET_EXCEL,Target Excel Import (Indiranagar),July 2026,
Indiranagar,Option 3,Independent,315Work Avenue DLR1 - Constellation Gemini,Domlur - Amarjyoti Layout,Available on Request / Document Image,Grade A Commercial Space - Unspecified,B+G+4,As per master plan,"5,200 Sft",80% (+/- 2%),1 KVA per 100 Sq. Ft.,1,90.0 Sq. Ft.,90,3F+4F,Pre-Furnished,Unspecified,Immediate,"1:1,000 Sft",Standard Commercial Lease,12500.0,Included in rent,TBD,0.08,6,36,24,3,Yes,"12.954814661333089, 77.64295875803991",Independent Leasing Team,Leasing Head - Independent,+91-80-40000000,leasing@independent.com,Independent,Indiranagar,BLR - Managed Office Space Supply 2026.xlsx,TARGET_EXCEL,Target Excel Import (Indiranagar),July 2026,
Indiranagar,Option 4,Independent,315Work Avenue DLR2 - Khenys Park View,Domlur - Amarjyoti Layout,Available on Request / Document Image,Grade A Commercial Space - Unspecified,B+G+4,As per master plan,"5,200 Sft",80% (+/- 2%),1 KVA per 100 Sq. Ft.,1,80.0 Sq. Ft.,80,1F+2F+3F+4F,Pre-Furnished,Unspecified,Immediate,"1:1,000 Sft",Standard Commercial Lease,12500.0,Included in rent,TBD,0.08,6,36,24,3,Yes,"12.954919441894047, 77.64297948041467",Independent Leasing Team,Leasing Head - Independent,+91-80-40000000,leasing@independent.com,Independent,Indiranagar,BLR - Managed Office Space Supply 2026.xlsx,TARGET_EXCEL,Target Excel Import (Indiranagar),July 2026,
Indiranagar,Option 5,Sattva Group,315Work Avenue IND1 - Kothari Adonis,"Old Madras Road, Indiranagar",Available on Request / Document Image,Grade A Commercial Space - Unspecified,B+G+3,As per master plan,"17,450 Sft",80% (+/- 2%),1 KVA per 100 Sq. Ft.,1,110.0 Sq. Ft.,110,2F+3F,Pre-Furnished,Unspecified,Immediate,"1:1,000 Sft",Standard Commercial Lease,12500.0,Included in rent,TBD,0.08,6,36,24,3,Yes,"12.983787534321285, 77.63891897534019",Sattva Group Leasing Team,Leasing Head - Sattva Group,+91-80-40000000,leasing@sattvagroup.com,Sattva Group,Indiranagar,BLR - Managed Office Space Supply 2026.xlsx,TARGET_EXCEL,Target Excel Import (Indiranagar),July 2026,
Indiranagar,Option 6,Independent,315Work Avenue - 315Work Avenue IND2,Indiranagar 80ft Rd,Available on Request / Document Image,Grade A Commercial Space - Unspecified,B+G+3,As per master plan,"6,000 - 7,000 Sft",80% (+/- 2%),1 KVA per 100 Sq. Ft.,1,40.0 Sq. Ft.,40,1F+2F+3F,Pre-Furnished,Unspecified,Immediate,"1:1,000 Sft",Standard Commercial Lease,15000.0,Included in rent,TBD,0.08,6,36,24,3,Yes,"12.973598105296178, 77.64707745447177",Independent Leasing Team,Leasing Head - Independent,+91-80-40000000,leasing@independent.com,Independent,Indiranagar,BLR - Managed Office Space Supply 2026.xlsx,TARGET_EXCEL,Target Excel Import (Indiranagar),July 2026,
Indiranagar,Option 7,Independent,Attic - Shreyas Plaza,Appareddipalya Indiranagar 100ft Rd,Available on Request / Document Image,Grade A Commercial Space - Unspecified,G+4,As per master plan,"3,700 Sft",80% (+/- 2%),1 KVA per 100 Sq. Ft.,1,94.0 Sq. Ft.,94,4F,Pre-Furnished,Unspecified,Immediate,"1:1,000 Sft",Standard Commercial Lease,TBD,Included in rent,TBD,0.08,6,36,24,3,Yes,"12.965401707016648, 77.64183228685195",Independent Leasing Team,Leasing Head - Independent,+91-80-40000000,leasing@independent.com,Independent,Indiranagar,BLR - Managed Office Space Supply 2026.xlsx,TARGET_EXCEL,Target Excel Import (Indiranagar),July 2026,
Indiranagar,Option 8,Independent,Attic - Greenage,Appareddipalya Indiranagar 100ft Rd,Available on Request / Document Image,Grade A Commercial Space - Unspecified,G+4,As per master plan,"3,800 Sft",80% (+/- 2%),1 KVA per 100 Sq. Ft.,1,102.0 Sq. Ft.,102,3F,Pre-Furnished,Unspecified,Immediate,"1:1,000 Sft",Standard Commercial Lease,TBD,Included in rent,TBD,0.08,6,36,24,3,Yes,"12.972281622805676, 77.64094667945886",Independent Leasing Team,Leasing Head - Independent,+91-80-40000000,leasing@independent.com,Independent,Indiranagar,BLR - Managed Office Space Supply 2026.xlsx,TARGET_EXCEL,Target Excel Import (Indiranagar),July 2026,
Indiranagar,Option 9,Independent,Attic - MM Enclave,Indiranagar 80ft Rd,Available on Request / Document Image,Grade A Commercial Space - Unspecified,B+G+3,As per master plan,"3,700 Sft",80% (+/- 2%),1 KVA per 100 Sq. Ft.,1,Flexible Sq. Ft.,Available on Request,Warmshell,Pre-Furnished,Unspecified,Immediate,"1:1,000 Sft",Standard Commercial Lease,TBD,Included in rent,TBD,0.08,6,36,24,3,Yes,"12.971764013072791, 77.64734616596738",Independent Leasing Team,Leasing Head - Independent,+91-80-40000000,leasing@independent.com,Independent,Indiranagar,BLR - Managed Office Space Supply 2026.xlsx,TARGET_EXCEL,Target Excel Import (Indiranagar),July 2026,
Indiranagar,Option 10,Independent,Bhive - BHIVE Platinum,Old Airport Road,Available on Request / Document Image,Grade A Commercial Space - Unspecified,B+G+5,As per master plan,"6,666 Sft",80% (+/- 2%),1 KVA per 100 Sq. Ft.,1,160.0 Sq. Ft.,160,TBD,Pre-Furnished,Unspecified,Immediate,"1:1,000 Sft",Standard Commercial Lease,10600.0,Included in rent,TBD,0.08,6,36,24,3,Yes,"12.961383154459904, 77.64566560462139",Independent Leasing Team,Leasing Head - Independent,+91-80-40000000,leasing@independent.com,Independent,Indiranagar,BLR - Managed Office Space Supply 2026.xlsx,TARGET_EXCEL,Target Excel Import (Indiranagar),July 2026,
Indiranagar,Option 11,Independent,Bhive - BHIVE Platinum Address Maker,Indiranagar,Available on Request / Document Image,Grade A Commercial Space - Unspecified,B+G+3,As per master plan,"22,000 Sft",80% (+/- 2%),1 KVA per 100 Sq. Ft.,1,460.0 Sq. Ft.,460,TBD,Pre-Furnished,Unspecified,Immediate,"1:1,000 Sft",Standard Commercial Lease,13200.0,Included in rent,TBD,0.08,6,36,24,3,Yes,"12.980206725296725, 77.62942119345584",Independent Leasing Team,Leasing Head - Independent,+91-80-40000000,leasing@independent.com,Independent,Indiranagar,BLR - Managed Office Space Supply 2026.xlsx,TARGET_EXCEL,Target Excel Import (Indiranagar),July 2026,
Indiranagar,Option 12,Independent,Bhive - BHIVE Platinum,Indiranagar 100ft Rd,Available on Request / Document Image,Grade A Commercial Space - Unspecified,G+3,As per master plan,"6,500–7,000 Sft",80% (+/- 2%),1 KVA per 100 Sq. Ft.,1,70.0 Sq. Ft.,70,TBD,Pre-Furnished,Unspecified,Immediate,"1:1,000 Sft",Standard Commercial Lease,13600.0,Included in rent,TBD,0.08,6,36,24,3,Yes,"12.974517689973927, 77.64066499312197",Independent Leasing Team,Leasing Head - Independent,+91-80-40000000,leasing@independent.com,Independent,Indiranagar,BLR - Managed Office Space Supply 2026.xlsx,TARGET_EXCEL,Target Excel Import (Indiranagar),July 2026,
Indiranagar,Option 13,Independent,Bhive - BHIVE Premium,CMH Rd,Available on Request / Document Image,Grade A Commercial Space - Unspecified,B+G+4,As per master plan,"19,000–20,000 Sft",80% (+/- 2%),1 KVA per 100 Sq. Ft.,1,120.0 Sq. Ft.,120,TBD,Pre-Furnished,Unspecified,Immediate,"1:1,000 Sft",Standard Commercial Lease,12000.0,Included in rent,TBD,0.08,6,36,24,3,Yes,"12.980427895724148, 77.64312742115307",Independent Leasing Team,Leasing Head - Independent,+91-80-40000000,leasing@independent.com,Independent,Indiranagar,BLR - Managed Office Space Supply 2026.xlsx,TARGET_EXCEL,Target Excel Import (Indiranagar),July 2026,
Indiranagar,Option 14,Independent,Bhive - Honeykomb by BHIVE,Indiranagar 80ft Rd,Available on Request / Document Image,Grade A Commercial Space - Unspecified,G+4,As per master plan,"5,213 Sft",80% (+/- 2%),1 KVA per 100 Sq. Ft.,1,320.0 Sq. Ft.,320,TBD,Pre-Furnished,Unspecified,Immediate,"1:1,000 Sft",Standard Commercial Lease,10300.0,Included in rent,TBD,0.08,6,36,24,3,Yes,"12.974991402521022, 77.64638898735186",Independent Leasing Team,Leasing Head - Independent,+91-80-40000000,leasing@independent.com,Independent,Indiranagar,BLR - Managed Office Space Supply 2026.xlsx,TARGET_EXCEL,Target Excel Import (Indiranagar),July 2026,
Indiranagar,Option 15,IBC Group,Bizzhub ESQUIRE - Diamond District Tower - B,Domlur - Kodihalli,Available on Request / Document Image,Grade A Commercial Space - Unspecified,B+G+7,As per master plan,"23,000 Sft",80% (+/- 2%),1 KVA per 100 Sq. Ft.,1,Flexible Sq. Ft.,Available on Request,TBD,Pre-Furnished,Unspecified,Immediate,"1:1,000 Sft",Standard Commercial Lease,TBD,Included in rent,TBD,0.08,6,36,24,3,Yes,"12.960265993946594, 77.64376968465527",IBC Group Leasing Team,Leasing Head - IBC Group,+91-80-40000000,leasing@ibcgroup.com,IBC Group,Indiranagar,BLR - Managed Office Space Supply 2026.xlsx,TARGET_EXCEL,Target Excel Import (Indiranagar),July 2026,
Indiranagar,Option 16,RMZ Corp,Cowrks - RMZ Infinity Tower B,"Old Madras Road, Indiranagar",Available on Request / Document Image,Grade A Commercial Space - Unspecified,B+G+8,As per master plan,"37,000 Sft",80% (+/- 2%),1 KVA per 100 Sq. Ft.,1,90.0 Sq. Ft.,90,TBD,Pre-Furnished,Unspecified,Immediate,"1:1,000 Sft",Standard Commercial Lease,TBD,Included in rent,TBD,0.08,6,36,24,3,Yes,"12.994527131450498, 77.66115378131252",RMZ Corp Leasing Team,Leasing Head - RMZ Corp,+91-80-40000000,leasing@rmzcorp.com,RMZ Corp,Indiranagar,BLR - Managed Office Space Supply 2026.xlsx,TARGET_EXCEL,Target Excel Import (Indiranagar),July 2026,
Indiranagar,Option 17,Independent,Incubex - Incubex INRM,Indiranagar,Available on Request / Document Image,Grade A Commercial Space - Unspecified,G+5,As per master plan,"3,300–3,400 Sft",80% (+/- 2%),1 KVA per 100 Sq. Ft.,1,30.0 Sq. Ft.,30,TBD,Pre-Furnished,Unspecified,Immediate,"1:1,000 Sft",Standard Commercial Lease,9000.0,Included in rent,TBD,0.08,6,36,24,3,Yes,"12.977998554652013, 77.63860361542007",Independent Leasing Team,Leasing Head - Independent,+91-80-40000000,leasing@independent.com,Independent,Indiranagar,BLR - Managed Office Space Supply 2026.xlsx,TARGET_EXCEL,Target Excel Import (Indiranagar),July 2026,
Indiranagar,Option 18,Independent,Incubex - Incubex INR4,Indiranagar,Available on Request / Document Image,Grade A Commercial Space - Unspecified,G+3,As per master plan,"5,834 Sft",80% (+/- 2%),1 KVA per 100 Sq. Ft.,1,45.0 Sq. Ft.,45,TBD,Pre-Furnished,Unspecified,Immediate,"1:1,000 Sft",Standard Commercial Lease,9000.0,Included in rent,TBD,0.08,6,36,24,3,Yes,"12.968302146446335, 77.64108222178639",Independent Leasing Team,Leasing Head - Independent,+91-80-40000000,leasing@independent.com,Independent,Indiranagar,BLR - Managed Office Space Supply 2026.xlsx,TARGET_EXCEL,Target Excel Import (Indiranagar),July 2026,
Indiranagar,Option 19,Independent,Incubex - Incubex INR5,Indiranagar,Available on Request / Document Image,Grade A Commercial Space - Unspecified,G+3,As per master plan,"5,800–5,900 Sft",80% (+/- 2%),1 KVA per 100 Sq. Ft.,1,180.0 Sq. Ft.,180,TBD,Pre-Furnished,Unspecified,Immediate,"1:1,000 Sft",Standard Commercial Lease,9000.0,Included in rent,TBD,0.08,6,36,24,3,Yes,"12.973850996509958, 77.64269443713127",Independent Leasing Team,Leasing Head - Independent,+91-80-40000000,leasing@independent.com,Independent,Indiranagar,BLR - Managed Office Space Supply 2026.xlsx,TARGET_EXCEL,Target Excel Import (Indiranagar),July 2026,
Indiranagar,Option 20,Independent,Incubex - Incubex INR08,Indiranagar,Not found Location in Map,Grade A Commercial Space - Unspecified,G+4,As per master plan,"5,300–5,500 Sft",80% (+/- 2%),1 KVA per 100 Sq. Ft.,1,525.0 Sq. Ft.,525,TBD,Pre-Furnished,Unspecified,Immediate,"1:1,000 Sft",Standard Commercial Lease,9000.0,Included in rent,TBD,0.08,6,36,24,3,Yes,Not found Location in Map,Independent Leasing Team,Leasing Head - Independent,+91-80-40000000,leasing@independent.com,Independent,Indiranagar,BLR - Managed Office Space Supply 2026.xlsx,TARGET_EXCEL,Target Excel Import (Indiranagar),July 2026,
Indiranagar,Option 21,Independent,Incubex - Incubex INR9,Indiranagar,Available on Request / Document Image,Grade A Commercial Space - Unspecified,G+4,As per master plan,"5,500–6,000 Sft",80% (+/- 2%),1 KVA per 100 Sq. Ft.,1,360.0 Sq. Ft.,360,TBD,Pre-Furnished,Unspecified,Immediate,"1:1,000 Sft",Standard Commercial Lease,9000.0,Included in rent,TBD,0.08,6,36,24,3,Yes,"12.973684568481398, 77.63578603447628",Independent Leasing Team,Leasing Head - Independent,+91-80-40000000,leasing@independent.com,Independent,Indiranagar,BLR - Managed Office Space Supply 2026.xlsx,TARGET_EXCEL,Target Excel Import (Indiranagar),July 2026,
Indiranagar,Option 22,Independent,Incubex - Incubex INR10,Indiranagar,Available on Request / Document Image,Grade A Commercial Space - Unspecified,B+G+4,As per master plan,"12,000 Sft",80% (+/- 2%),1 KVA per 100 Sq. Ft.,1,260.0 Sq. Ft.,260,TBD,Pre-Furnished,Unspecified,Immediate,"1:1,000 Sft",Standard Commercial Lease,9000.0,Included in rent,TBD,0.08,6,36,24,3,Yes,"12.966421863074698, 77.63595727368688",Independent Leasing Team,Leasing Head - Independent,+91-80-40000000,leasing@independent.com,Independent,Indiranagar,BLR - Managed Office Space Supply 2026.xlsx,TARGET_EXCEL,Target Excel Import (Indiranagar),July 2026,
Indiranagar,Option 23,The Leela Group,IndiQube - Leela,Old Airport Road,Available on Request / Document Image,Grade A Commercial Space - Unspecified,3B+G+7,As per master plan,"25,000 Sft",80% (+/- 2%),1 KVA per 100 Sq. Ft.,1,244.0 Sq. Ft.,244,6F,Pre-Furnished,Unspecified,Immediate,"1:1,000 Sft",Standard Commercial Lease,TBD,Included in rent,TBD,0.08,6,36,24,3,Yes,"12.96014919836136, 77.64861614890941",The Leela Group Leasing Team,Leasing Head - The Leela Group,+91-80-40000000,leasing@theleelagroup.com,The Leela Group,Indiranagar,BLR - Managed Office Space Supply 2026.xlsx,TARGET_EXCEL,Target Excel Import (Indiranagar),July 2026,
Indiranagar,Option 24,Independent,IndiQube - Opal,Indiranagar,Available on Request / Document Image,Grade A Commercial Space - Unspecified,G+2,As per master plan,"8,300 Sft",80% (+/- 2%),1 KVA per 100 Sq. Ft.,1,90.0 Sq. Ft.,90,2F+3F,Pre-Furnished,Unspecified,Immediate,"1:1,000 Sft",Standard Commercial Lease,TBD,Included in rent,TBD,0.08,6,36,24,3,Yes,"12.977321128837069, 77.63635179480362",Independent Leasing Team,Leasing Head - Independent,+91-80-40000000,leasing@independent.com,Independent,Indiranagar,BLR - Managed Office Space Supply 2026.xlsx,TARGET_EXCEL,Target Excel Import (Indiranagar),July 2026,
Indiranagar,Option 25,Independent,IndiQube - Plaza,Wind Tunnel Road,Available on Request / Document Image,Grade A Commercial Space - Unspecified,B+G+4,As per master plan,"5,500–6,000 Sft",80% (+/- 2%),1 KVA per 100 Sq. Ft.,1,102.0 Sq. Ft.,102,2F+3F,Pre-Furnished,Unspecified,Immediate,"1:1,000 Sft",Standard Commercial Lease,TBD,Included in rent,TBD,0.08,6,36,24,3,Yes,"12.957482989040297, 77.65387772178623",Independent Leasing Team,Leasing Head - Independent,+91-80-40000000,leasing@independent.com,Independent,Indiranagar,BLR - Managed Office Space Supply 2026.xlsx,TARGET_EXCEL,Target Excel Import (Indiranagar),July 2026,
Indiranagar,Option 26,Maruthi Constructions,IndiQube - Amber Phase II,Domlur - Maruthi Infotech Center,Available on Request / Document Image,Grade A Commercial Space - Unspecified,B+G+5,As per master plan,"Tower A 32,365 Sft - Tower B 30,000 Sft",80% (+/- 2%),1 KVA per 100 Sq. Ft.,1,590.0 Sq. Ft.,590,Warmshell,Pre-Furnished,Unspecified,65 Day,"1:1,000 Sft",Standard Commercial Lease,TBD,Included in rent,TBD,0.08,6,36,24,3,Yes,"12.952030029864844, 77.6405181201395",Maruthi Constructions Leasing Team,Leasing Head - Maruthi Constructions,+91-80-40000000,leasing@maruthiconstructions.com,Maruthi Constructions,Indiranagar,BLR - Managed Office Space Supply 2026.xlsx,TARGET_EXCEL,Target Excel Import (Indiranagar),July 2026,
Indiranagar,Option 27,Aveda Ventures Pvt. Ltd,Red Brick - Aveda Meta,"Old Madras Road, Indiranagar",Available on Request / Document Image,Grade A Commercial Space - Unspecified,3B+G+7,As per master plan,"24,000–26,500 Sft",80% (+/- 2%),1 KVA per 100 Sq. Ft.,1,620.0 Sq. Ft.,620,6F,Pre-Furnished,Unspecified,60 Days,"1:1,000 Sft",Standard Commercial Lease,21000.0,Included in rent,TBD,0.08,6,36,24,3,Yes,"12.985742371498038, 77.64603328188977",Aveda Ventures Pvt. Ltd Leasing Team,Leasing Head - Aveda Ventures Pvt. Ltd,+91-80-40000000,leasing@avedaventurespvt.ltd.com,Aveda Ventures Pvt. Ltd,Indiranagar,BLR - Managed Office Space Supply 2026.xlsx,TARGET_EXCEL,Target Excel Import (Indiranagar),July 2026,
Indiranagar,Option 28,Fairway Business Park,Regus - Spaces Fairway - Fairway Business Park,Domlur,Available on Request / Document Image,Grade A Commercial Space - Unspecified,B+G+8,As per master plan,"30,000–35,000 Sft",80% (+/- 2%),1 KVA per 100 Sq. Ft.,1,45.0 Sq. Ft.,45,TBD,Pre-Furnished,Unspecified,Immediate,"1:1,000 Sft",Standard Commercial Lease,22000.0,Included in rent,TBD,0.08,6,36,24,3,Yes,"12.951790805130218, 77.64254567945851",Fairway Business Park Leasing Team,Leasing Head - Fairway Business Park,+91-80-40000000,leasing@fairwaybusinesspark.com,Fairway Business Park,Indiranagar,BLR - Managed Office Space Supply 2026.xlsx,TARGET_EXCEL,Target Excel Import (Indiranagar),July 2026,
Indiranagar,Option 29,Godrej Properties Ltd,Table Space - Godrej Center,"Old Madras Road, Indiranagar",Available on Request / Document Image,Grade A Commercial Space - Unspecified,3B+G+10,As per master plan,"100,000–108,000 Sft",80% (+/- 2%),1 KVA per 100 Sq. Ft.,1,640.0 Sq. Ft.,640,2F,Pre-Furnished,Unspecified,Immediate,"1:1,000 Sft",Standard Commercial Lease,24000.0,Included in rent,TBD,0.08,6,36,24,3,Yes,"12.992812205400227, 77.64738972406393",Godrej Properties Ltd Leasing Team,Leasing Head - Godrej Properties Ltd,+91-80-40000000,leasing@godrejpropertiesltd.com,Godrej Properties Ltd,Indiranagar,BLR - Managed Office Space Supply 2026.xlsx,TARGET_EXCEL,Target Excel Import (Indiranagar),July 2026,
Indiranagar,Option 30,Divyasree Group,Table Space - Divyasree Greens,Domlur,Available on Request / Document Image,Grade A Commercial Space - Unspecified,2B+G+5,As per master plan,"40,000–60,000 Sft",80% (+/- 2%),1 KVA per 100 Sq. Ft.,1,2100.0 Sq. Ft.,2100,1F+2F,Pre-Furnished,Unspecified,Immediate,"1:1,000 Sft",Standard Commercial Lease,TBD,Included in rent,TBD,0.08,6,36,24,3,Yes,"12.952853404890163, 77.64143602838321",Divyasree Group Leasing Team,Leasing Head - Divyasree Group,+91-80-40000000,leasing@divyasreegroup.com,Divyasree Group,Indiranagar,BLR - Managed Office Space Supply 2026.xlsx,TARGET_EXCEL,Target Excel Import (Indiranagar),July 2026,
Indiranagar,Option 31,Independent,Urban Vault - UV Indiranagar 334,Indiranagar,Available on Request / Document Image,Grade A Commercial Space - Unspecified,G+4,As per master plan,"2,000–2,500 Sft",80% (+/- 2%),1 KVA per 100 Sq. Ft.,1,65.0 Sq. Ft.,65,1F,Warmshell,Unspecified,45 Days,"1:1,000 Sft",Standard Commercial Lease,9000.0,Included in rent,TBD,0.08,6,36,24,3,Yes,"12.979259294677071, 77.63694625581923",Independent Leasing Team,Leasing Head - Independent,+91-80-40000000,leasing@independent.com,Independent,Indiranagar,BLR - Managed Office Space Supply 2026.xlsx,TARGET_EXCEL,Target Excel Import (Indiranagar),July 2026,
Indiranagar,Option 32,Independent,Urban Vault - UV Indiranagar 608,Indiranagar,Available on Request / Document Image,Grade A Commercial Space - Unspecified,G+6,As per master plan,"2,150–2,200 Sft",80% (+/- 2%),1 KVA per 100 Sq. Ft.,1,245.0 Sq. Ft.,245,4F+5F,Warmshell,Unspecified,45 Days,"1:1,000 Sft",Standard Commercial Lease,9000.0,Included in rent,TBD,0.08,6,36,24,3,Yes,"12.970703389226792, 77.64485506596736",Independent Leasing Team,Leasing Head - Independent,+91-80-40000000,leasing@independent.com,Independent,Indiranagar,BLR - Managed Office Space Supply 2026.xlsx,TARGET_EXCEL,Target Excel Import (Indiranagar),July 2026,
Indiranagar,Option 33,Embassy Group,Wework - Sunriver,EGL - Domlur,Available on Request / Document Image,Grade A Commercial Space - Unspecified,B+G+8,As per master plan,"30,000–40,000 Sft",80% (+/- 2%),1 KVA per 100 Sq. Ft.,1,189.0 Sq. Ft.,189,GF+3F,Pre-Furnished,Unspecified,Immediate,"1:1,000 Sft",Standard Commercial Lease,TBD,Included in rent,TBD,0.08,6,36,24,3,Yes,"12.951434417245066, 77.64097666596703",Embassy Group Leasing Team,Leasing Head - Embassy Group,+91-80-40000000,leasing@embassygroup.com,Embassy Group,Indiranagar,BLR - Managed Office Space Supply 2026.xlsx,TARGET_EXCEL,Target Excel Import (Indiranagar),July 2026,
Indiranagar,Option 34,Embassy Group,Wework - Cinnabar Hills,EGL - Domlur,Available on Request / Document Image,Grade A Commercial Space - Unspecified,B+G+6,As per master plan,"19,000 Sft",80% (+/- 2%),1 KVA per 100 Sq. Ft.,1,33.0 Sq. Ft.,33,Multiple Floors,Pre-Furnished,Unspecified,Immediate,"1:1,000 Sft",Standard Commercial Lease,TBD,Included in rent,TBD,0.08,6,36,24,3,Yes,"12.953538915299928, 77.64282525062244",Embassy Group Leasing Team,Leasing Head - Embassy Group,+91-80-40000000,leasing@embassygroup.com,Embassy Group,Indiranagar,BLR - Managed Office Space Supply 2026.xlsx,TARGET_EXCEL,Target Excel Import (Indiranagar),July 2026,
Indiranagar,Option 35,Embassy Group,Wework - Princeville,EGL - Domlur,Available on Request / Document Image,Grade A Commercial Space - Unspecified,B+G+3,As per master plan,"70,000–75,000 Sft",80% (+/- 2%),1 KVA per 100 Sq. Ft.,1,Flexible Sq. Ft.,Available on Request,3F,Pre-Furnished,Unspecified,Immediate,"1:1,000 Sft",Standard Commercial Lease,TBD,Included in rent,TBD,0.08,6,36,24,3,Yes,"12.949680674847603, 77.6432789524756",Embassy Group Leasing Team,Leasing Head - Embassy Group,+91-80-40000000,leasing@embassygroup.com,Embassy Group,Indiranagar,BLR - Managed Office Space Supply 2026.xlsx,TARGET_EXCEL,Target Excel Import (Indiranagar),July 2026,
Indiranagar,Option 36,Embassy Group,Wework - Cherry Hills,EGL - Domlur,Available on Request / Document Image,Grade A Commercial Space - Unspecified,B+G+4,As per master plan,"70,000 Sft",80% (+/- 2%),1 KVA per 100 Sq. Ft.,1,Flexible Sq. Ft.,Available on Request,Multiple Floors,Pre-Furnished,Unspecified,Immediate,"1:1,000 Sft",Standard Commercial Lease,TBD,Included in rent,TBD,0.08,6,36,24,3,Yes,"12.950380162267203, 77.64172436596702",Embassy Group Leasing Team,Leasing Head - Embassy Group,+91-80-40000000,leasing@embassygroup.com,Embassy Group,Indiranagar,BLR - Managed Office Space Supply 2026.xlsx,TARGET_EXCEL,Target Excel Import (Indiranagar),July 2026,
Indiranagar,Option 37,Embassy Group,Wework - Pebble Beach,EGL - Domlur,Available on Request / Document Image,Grade A Commercial Space - Unspecified,B+G+4,As per master plan,"60,000–70,000 Sft",80% (+/- 2%),1 KVA per 100 Sq. Ft.,1,Flexible Sq. Ft.,Available on Request,Multiple Floors,Pre-Furnished,Unspecified,Immediate,"1:1,000 Sft",Standard Commercial Lease,TBD,Included in rent,TBD,0.08,6,36,24,3,Yes,"12.949649279025692, 77.64319309719326",Embassy Group Leasing Team,Leasing Head - Embassy Group,+91-80-40000000,leasing@embassygroup.com,Embassy Group,Indiranagar,BLR - Managed Office Space Supply 2026.xlsx,TARGET_EXCEL,Target Excel Import (Indiranagar),July 2026,
Indiranagar,Option 38,Sattva Group,Wework - Salarpuria Magnificia,"Old Madras Road, Indiranagar",Available on Request / Document Image,Grade A Commercial Space - Unspecified,2B+G+13,As per master plan,"20,734 Sft",80% (+/- 2%),1 KVA per 100 Sq. Ft.,1,40.0 Sq. Ft.,40,TBD,Pre-Furnished,Unspecified,Immediate,"1:1,000 Sft",Standard Commercial Lease,TBD,Included in rent,TBD,0.08,6,36,24,3,Yes,"12.996113173180508, 77.66919462360468",Sattva Group Leasing Team,Leasing Head - Sattva Group,+91-80-40000000,leasing@sattvagroup.com,Sattva Group,Indiranagar,BLR - Managed Office Space Supply 2026.xlsx,TARGET_EXCEL,Target Excel Import (Indiranagar),July 2026,
Indiranagar,Option 39,Ranka Group,Innov8 - Ranka Junction,"Old Madras Road, Indiranagar",Available on Request / Document Image,Grade A Commercial Space - Unspecified,B+G+4,As per master plan,"19,513 Sft",80% (+/- 2%),1 KVA per 100 Sq. Ft.,1,150.0 Sq. Ft.,150,TBD,Pre-Furnished,Unspecified,Immediate,"1:1,000 Sft",Standard Commercial Lease,6500.0,Included in rent,"Car INR 3,500 & Bike INR 1,000",0.06,3,36,24,2,Yes,"12.998857356467779, 77.66934764203552",Ranka Group Leasing Team,Leasing Head - Ranka Group,+91-80-40000000,leasing@rankagroup.com,Ranka Group,Indiranagar,BLR - Managed Office Space Supply 2026.xlsx,TARGET_EXCEL,Target Excel Import (Indiranagar),July 2026,
Indiranagar,Option 40,Independent,Workshaala - Workshaala Uno,"100 Ft Road, Indiranagar",Available on Request / Document Image,Grade A Commercial Space - Unspecified,B+G+2,As per master plan,"2,400 Sft",80% (+/- 2%),1 KVA per 100 Sq. Ft.,1,Flexible Sq. Ft.,Available on Request,TBD,Pre-Furnished,Unspecified,Immediate,"1:1,000 Sft",Standard Commercial Lease,TBD,Included in rent,TBD,0.08,6,36,24,3,Yes,"12.980820971365373, 77.64044322178664",Independent Leasing Team,Leasing Head - Independent,+91-80-40000000,leasing@independent.com,Independent,Indiranagar,BLR - Managed Office Space Supply 2026.xlsx,TARGET_EXCEL,Target Excel Import (Indiranagar),July 2026,
Indiranagar,Option 41,Independent,Workshaala - Workshaala Argus,"100 Ft Road, Indiranagar",Available on Request / Document Image,Grade A Commercial Space - Unspecified,B+G+4,As per master plan,"4,000 Sft",80% (+/- 2%),1 KVA per 100 Sq. Ft.,1,Flexible Sq. Ft.,Available on Request,3F,Pre-Furnished,Unspecified,Immediate,"1:1,000 Sft",Standard Commercial Lease,TBD,Included in rent,TBD,0.08,6,36,24,3,Yes,"12.98051249034148, 77.64091096596755",Independent Leasing Team,Leasing Head - Independent,+91-80-40000000,leasing@independent.com,Independent,Indiranagar,BLR - Managed Office Space Supply 2026.xlsx,TARGET_EXCEL,Target Excel Import (Indiranagar),July 2026,
KRM,Option 1,Independent,91Springboard  - Padmavathi Complex,"Opp Mantri Avenue, 80ft Rd Koramanagala",Available on Request / Document Image,Grade A Commercial Space - Unspecified,B+G+4,As per master plan,"11,400 Sft",80% (+/- 2%),1 KVA per 100 Sq. Ft.,1,171.0 Sq. Ft.,171,3F,Pre-Furnished,Unspecified,Immediate,"1:1,000 Sft",Standard Commercial Lease,TBD,Included in rent,TBD,0.08,6,36,24,3,No,"12.943640336917301, 77.62126927945836",Independent Leasing Team,Leasing Head - Independent,+91-80-40000000,leasing@independent.com,Independent,KRM,BLR - Managed Office Space Supply 2026.xlsx,TARGET_EXCEL,Target Excel Import (KRM),July 2026,
KRM,Option 2,Sattva Group,315Work Avenue - KRM 1 - Kothari Tower II,"TATA motors, Adugodi / Koramangala",Available on Request / Document Image,Grade A Commercial Space - Unspecified,B+G+3,As per master plan,"19,520 Sft",80% (+/- 2%),1 KVA per 100 Sq. Ft.,1,220.0 Sq. Ft.,220,2F,Pre-Furnished,Unspecified,Immediate,"1:1,000 Sft",Standard Commercial Lease,12500.0,Included in rent,TBD,0.08,6,36,24,3,Yes,"12.933666903616503, 77.61253455247528",Sattva Group Leasing Team,Leasing Head - Sattva Group,+91-80-40000000,leasing@sattvagroup.com,Sattva Group,KRM,BLR - Managed Office Space Supply 2026.xlsx,TARGET_EXCEL,Target Excel Import (KRM),July 2026,
KRM,Option 3,Independent,315Work Avenue - KRM 2 - KHB Colony,5th Block Koramangala,Available on Request / Document Image,Grade A Commercial Space - Unspecified,B+G+4,As per master plan,"3,800 Sft",80% (+/- 2%),1 KVA per 100 Sq. Ft.,1,Flexible Sq. Ft.,Available on Request,TBD,Pre-Furnished,Unspecified,Immediate,"1:1,000 Sft",Standard Commercial Lease,TBD,Included in rent,TBD,0.08,6,36,24,3,No,"12.933919320137253, 77.62165910829444",Independent Leasing Team,Leasing Head - Independent,+91-80-40000000,leasing@independent.com,Independent,KRM,BLR - Managed Office Space Supply 2026.xlsx,TARGET_EXCEL,Target Excel Import (KRM),July 2026,
KRM,Option 4,Independent,315Work Avenue - KRM 3 - Siddhivinayak Tower,Koramanagala 1st Block,Available on Request / Document Image,Grade A Commercial Space - Unspecified,B+G+5,As per master plan,"7,000–7,500 Sft",80% (+/- 2%),1 KVA per 100 Sq. Ft.,1,430.0 Sq. Ft.,430,G+1F+2F+3F+4F,Pre-Furnished,Unspecified,Immediate,"1:1,000 Sft",Standard Commercial Lease,9000.0,Included in rent,TBD,0.08,6,36,24,3,No,"12.925811583920526, 77.63606549480278",Independent Leasing Team,Leasing Head - Independent,+91-80-40000000,leasing@independent.com,Independent,KRM,BLR - Managed Office Space Supply 2026.xlsx,TARGET_EXCEL,Target Excel Import (KRM),July 2026,
KRM,Option 5,Sattva Group,315Work Avenue - KRM 4 - Salarpuria Ascent,JNC College Koramangala,Available on Request / Document Image,Grade A Commercial Space - Unspecified,B+G+3,As per master plan,"18,500 Sft",80% (+/- 2%),1 KVA per 100 Sq. Ft.,1,Flexible Sq. Ft.,Available on Request,TBD,Pre-Furnished,Unspecified,Immediate,"1:1,000 Sft",Standard Commercial Lease,TBD,Included in rent,TBD,0.08,6,36,24,3,No,"12.932896020995921, 77.61416675062198",Sattva Group Leasing Team,Leasing Head - Sattva Group,+91-80-40000000,leasing@sattvagroup.com,Sattva Group,KRM,BLR - Managed Office Space Supply 2026.xlsx,TARGET_EXCEL,Target Excel Import (KRM),July 2026,
KRM,Option 6,Independent,Attic Space - Chanakya,"Ganga Sagar Hotel, 8th Block, Koramangala",Available on Request / Document Image,Grade A Commercial Space - Unspecified,G+4,As per master plan,"4,800–5,500 Sft",80% (+/- 2%),1 KVA per 100 Sq. Ft.,1,70.0 Sq. Ft.,70,1F+4F,Pre-Furnished,Unspecified,Immediate,"1:1,000 Sft",Standard Commercial Lease,TBD,Included in rent,TBD,0.08,6,36,24,3,No,"12.94457446738764, 77.61983023713076",Independent Leasing Team,Leasing Head - Independent,+91-80-40000000,leasing@independent.com,Independent,KRM,BLR - Managed Office Space Supply 2026.xlsx,TARGET_EXCEL,Target Excel Import (KRM),July 2026,
KRM,Option 7,Independent,Attic Space - Trishul,Koramangala 3 Block,Available on Request / Document Image,Grade A Commercial Space - Unspecified,B+G+4,As per master plan,"4,600–5,000 Sft",80% (+/- 2%),1 KVA per 100 Sq. Ft.,1,80.0 Sq. Ft.,80,4F,Pre-Furnished,Unspecified,Immediate,"1:1,000 Sft",Standard Commercial Lease,TBD,Included in rent,TBD,0.08,6,36,24,3,No,"12.929592564714099, 77.63234686596665",Independent Leasing Team,Leasing Head - Independent,+91-80-40000000,leasing@independent.com,Independent,KRM,BLR - Managed Office Space Supply 2026.xlsx,TARGET_EXCEL,Target Excel Import (KRM),July 2026,
KRM,Option 8,Independent,Attic Space - Karna,Koramangala 1st Block Ext,Available on Request / Document Image,Grade A Commercial Space - Unspecified,G+4,As per master plan,"3,200 Sft",80% (+/- 2%),1 KVA per 100 Sq. Ft.,1,Flexible Sq. Ft.,Available on Request,TBD,Pre-Furnished,Unspecified,Immediate,"1:1,000 Sft",Standard Commercial Lease,TBD,Included in rent,TBD,0.08,6,36,24,3,No,"12.92506835487119, 77.63852360357329",Independent Leasing Team,Leasing Head - Independent,+91-80-40000000,leasing@independent.com,Independent,KRM,BLR - Managed Office Space Supply 2026.xlsx,TARGET_EXCEL,Target Excel Import (KRM),July 2026,
KRM,Option 9,Prestige Groups,Awfis - Prestige Bluechip,Koramangala Vajram,Available on Request / Document Image,Grade A Commercial Space - Unspecified,B+G+$,As per master plan,"Block1 - 26,717, Block2 - 17,000, Block3 - 20,000 Sft",80% (+/- 2%),1 KVA per 100 Sq. Ft.,1,275.0 Sq. Ft.,275,1F+2F,Pre-Furnished,Unspecified,Immediate,"1:1,000 Sft",Standard Commercial Lease,11000.0,Included in rent,TBD,0.08,6,36,24,3,Yes,"12.937476891184287, 77.60541273713064",Prestige Groups Leasing Team,Leasing Head - Prestige Groups,+91-80-40000000,leasing@prestigegroups.com,Prestige Groups,KRM,BLR - Managed Office Space Supply 2026.xlsx,TARGET_EXCEL,Target Excel Import (KRM),July 2026,
KRM,Option 10,GNS Group,Bhive - BHIVE Premium - GNS Towers,Koramangala (Near Nexus Mall),Available on Request / Document Image,Grade A Commercial Space - Unspecified,B+G+5,As per master plan,"16,000–18,000 Sft",80% (+/- 2%),1 KVA per 100 Sq. Ft.,1,260.0 Sq. Ft.,260,TBD,Pre-Furnished,Unspecified,Immediate,"1:1,000 Sft",Standard Commercial Lease,8900.0,Included in rent,TBD,0.08,6,36,24,3,No,"12.935210783456506, 77.60945357596428",GNS Group Leasing Team,Leasing Head - GNS Group,+91-80-40000000,leasing@gnsgroup.com,GNS Group,KRM,BLR - Managed Office Space Supply 2026.xlsx,TARGET_EXCEL,Target Excel Import (KRM),July 2026,
KRM,Option 11,Independent,Bhive - BHIVE Workspace,Koramangala 5th Block (Near Empire),Available on Request / Document Image,Grade A Commercial Space - Unspecified,B+G+4,As per master plan,"6,300–7,000 Sft",80% (+/- 2%),1 KVA per 100 Sq. Ft.,1,115.0 Sq. Ft.,115,TBD,Pre-Furnished,Unspecified,Immediate,"1:1,000 Sft",Standard Commercial Lease,8900.0,Included in rent,TBD,0.08,6,36,24,3,No,"12.934823407427933, 77.61447213742876",Independent Leasing Team,Leasing Head - Independent,+91-80-40000000,leasing@independent.com,Independent,KRM,BLR - Managed Office Space Supply 2026.xlsx,TARGET_EXCEL,Target Excel Import (KRM),July 2026,
KRM,Option 12,SJR Prime Corporation Pvt. Ltd,Bizzhub Aspire - SJR Junction,Koramangala - Sony Signal Junction,Available on Request / Document Image,Grade A Commercial Space - Unspecified,B+G+3,As per master plan,"15,000 Sft",80% (+/- 2%),1 KVA per 100 Sq. Ft.,1,63.0 Sq. Ft.,63,1F+2F,Pre-Furnished,Unspecified,Immediate,"1:1,000 Sft",Standard Commercial Lease,8500.0,Included in rent,"INR 4,000",0.08,6,36,24,3,No,"12.937917131739686, 77.62709821534472",SJR Prime Corporation Pvt. Ltd Leasing Team,Leasing Head - SJR Prime Corporation Pvt. Ltd,+91-80-40000000,leasing@sjrprimecorporationpvt.ltd.com,SJR Prime Corporation Pvt. Ltd,KRM,BLR - Managed Office Space Supply 2026.xlsx,TARGET_EXCEL,Target Excel Import (KRM),July 2026,
KRM,Option 13,Independent,Bizzhub HQ,Koramangala - Bizzhub HQ,Available on Request / Document Image,Grade A Commercial Space - Unspecified,G+4,As per master plan,"2,600 Sft",80% (+/- 2%),1 KVA per 100 Sq. Ft.,1,50.0 Sq. Ft.,50,TBD,Pre-Furnished,Unspecified,Immediate,"1:1,000 Sft",Standard Commercial Lease,TBD,Included in rent,"INR 3,000",0.08,6,36,24,3,No,"12.93631694592697, 77.61641501349145",Independent Leasing Team,Leasing Head - Independent,+91-80-40000000,leasing@independent.com,Independent,KRM,BLR - Managed Office Space Supply 2026.xlsx,TARGET_EXCEL,Target Excel Import (KRM),July 2026,
KRM,Option 14,Independent,Clayworks - Clayworks 371,Koramangala 3rd Block,Available on Request / Document Image,Grade A Commercial Space - Unspecified,B+G+4,As per master plan,"8,000–8,500 Sft",80% (+/- 2%),1 KVA per 100 Sq. Ft.,1,Flexible Sq. Ft.,Available on Request,TBD,Pre-Furnished,Unspecified,Immediate,"1:1,000 Sft",Standard Commercial Lease,17000.0,Included in rent,TBD,0.08,6,36,24,3,No,"12.925584241150627, 77.62627982318328",Independent Leasing Team,Leasing Head - Independent,+91-80-40000000,leasing@independent.com,Independent,KRM,BLR - Managed Office Space Supply 2026.xlsx,TARGET_EXCEL,Target Excel Import (KRM),July 2026,
KRM,Option 15,Independent,Clayworks - Clayworks 4B - Asha Plaza,Koramangala 4th Block,Available on Request / Document Image,Grade A Commercial Space - Unspecified,B+G+3+Terrace,As per master plan,"3,500 - 4,000 Sft",80% (+/- 2%),1 KVA per 100 Sq. Ft.,1,Flexible Sq. Ft.,Available on Request,TBD,Pre-Furnished,Unspecified,Immediate,"1:1,000 Sft",Standard Commercial Lease,14000.0,Included in rent,TBD,0.08,6,36,24,3,No,"12.937469533675197, 77.62701441712282",Independent Leasing Team,Leasing Head - Independent,+91-80-40000000,leasing@independent.com,Independent,KRM,BLR - Managed Office Space Supply 2026.xlsx,TARGET_EXCEL,Target Excel Import (KRM),July 2026,
KRM,Option 16,Independent,Clayworks - Clayworks 5B,Koramangala 5th Block,Available on Request / Document Image,Grade A Commercial Space - Unspecified,G+4,As per master plan,"5,000 - 5,500 Sft",80% (+/- 2%),1 KVA per 100 Sq. Ft.,1,134.0 Sq. Ft.,134,TBD,Pre-Furnished,Unspecified,Immediate,"1:1,000 Sft",Standard Commercial Lease,15000.0,Included in rent,TBD,0.08,6,36,24,3,No,"12.933819767894034, 77.6203020005314",Independent Leasing Team,Leasing Head - Independent,+91-80-40000000,leasing@independent.com,Independent,KRM,BLR - Managed Office Space Supply 2026.xlsx,TARGET_EXCEL,Target Excel Import (KRM),July 2026,
KRM,Option 17,Independent,Incubex - Incubex Thrive(Co Working) - IMG Tower,Koramangala 80ft Road,Available on Request / Document Image,Grade A Commercial Space - Unspecified,B+G+3,As per master plan,"4,500 Sft",80% (+/- 2%),1 KVA per 100 Sq. Ft.,1,18.0 Sq. Ft.,18,TBD,Pre-Furnished,Unspecified,Immediate,"1:1,000 Sft",Standard Commercial Lease,9500.0,Included in rent,TBD,0.08,6,36,24,3,No,"12.933008007211484, 77.63167677613161",Independent Leasing Team,Leasing Head - Independent,+91-80-40000000,leasing@independent.com,Independent,KRM,BLR - Managed Office Space Supply 2026.xlsx,TARGET_EXCEL,Target Excel Import (KRM),July 2026,
KRM,Option 18,Independent,Incubex - Incubex KRM6,Koramangala 4th Block,Available on Request / Document Image,Grade A Commercial Space - Unspecified,B+G+4,As per master plan,"4,300 Sft",80% (+/- 2%),1 KVA per 100 Sq. Ft.,1,92.0 Sq. Ft.,92,TBD,Pre-Furnished,Unspecified,Immediate,"1:1,000 Sft",Standard Commercial Lease,8500.0,Included in rent,TBD,0.08,6,36,24,3,No,"12.930110544166075, 77.63223707141503",Independent Leasing Team,Leasing Head - Independent,+91-80-40000000,leasing@independent.com,Independent,KRM,BLR - Managed Office Space Supply 2026.xlsx,TARGET_EXCEL,Target Excel Import (KRM),July 2026,
KRM,Option 19,Independent,Incubex - Incubex KRM7,Koramangala 5thBlock,Available on Request / Document Image,Grade A Commercial Space - Unspecified,B+G+3,As per master plan,"4,500 Sft",80% (+/- 2%),1 KVA per 100 Sq. Ft.,1,430.0 Sq. Ft.,430,TBD,Pre-Furnished,Unspecified,Immediate,"1:1,000 Sft",Standard Commercial Lease,8500.0,Included in rent,TBD,0.08,6,36,24,3,No,"12.934010427350763, 77.62106012120752",Independent Leasing Team,Leasing Head - Independent,+91-80-40000000,leasing@independent.com,Independent,KRM,BLR - Managed Office Space Supply 2026.xlsx,TARGET_EXCEL,Target Excel Import (KRM),July 2026,
KRM,Option 20,Independent,IndiQube - IndiQube Ashford,Koramangala 3rd Block,Available on Request / Document Image,Grade A Commercial Space - Unspecified,G+3,As per master plan,"17,500 Sft",80% (+/- 2%),1 KVA per 100 Sq. Ft.,1,Flexible Sq. Ft.,Available on Request,TBD,Pre-Furnished,Unspecified,Immediate,"1:1,000 Sft",Standard Commercial Lease,TBD,Included in rent,TBD,0.08,6,36,24,3,No,"12.928929667472794, 77.63301016596665",Independent Leasing Team,Leasing Head - Independent,+91-80-40000000,leasing@independent.com,Independent,KRM,BLR - Managed Office Space Supply 2026.xlsx,TARGET_EXCEL,Target Excel Import (KRM),July 2026,
KRM,Option 21,Independent,IndiQube - IndiQube Ascent,Koramangala 5th Block,Available on Request / Document Image,Grade A Commercial Space - Unspecified,G+3,As per master plan,"5,560 Sft",80% (+/- 2%),1 KVA per 100 Sq. Ft.,1,55.0 Sq. Ft.,55,TBD,Pre-Furnished,Unspecified,Immediate,"1:1,000 Sft",Standard Commercial Lease,TBD,Included in rent,TBD,0.08,6,36,24,3,No,"12.934979849457164, 77.62427917945823",Independent Leasing Team,Leasing Head - Independent,+91-80-40000000,leasing@independent.com,Independent,KRM,BLR - Managed Office Space Supply 2026.xlsx,TARGET_EXCEL,Target Excel Import (KRM),July 2026,
KRM,Option 22,Vaishnavi Group,IndiQube - IndiQube Aerial,Koramangala 7th Block,Available on Request / Document Image,Grade A Commercial Space - Unspecified,B+G+3,As per master plan,"6,450 Sft",80% (+/- 2%),1 KVA per 100 Sq. Ft.,1,Flexible Sq. Ft.,Available on Request,TBD,Pre-Furnished,Unspecified,Immediate,"1:1,000 Sft",Standard Commercial Lease,TBD,Included in rent,TBD,0.08,6,36,24,3,Yes,"12.937933403061903, 77.61084047744843",Vaishnavi Group Leasing Team,Leasing Head - Vaishnavi Group,+91-80-40000000,leasing@vaishnavigroup.com,Vaishnavi Group,KRM,BLR - Managed Office Space Supply 2026.xlsx,TARGET_EXCEL,Target Excel Import (KRM),July 2026,
KRM,Option 23,Independent,IndiQube - IndiQube Celestia,Koramangala 1A Block,Available on Request / Document Image,Grade A Commercial Space - Unspecified,B+G+4,As per master plan,"6,000 Sft",80% (+/- 2%),1 KVA per 100 Sq. Ft.,1,Flexible Sq. Ft.,Available on Request,TBD,Pre-Furnished,Unspecified,Immediate,"1:1,000 Sft",Standard Commercial Lease,TBD,Included in rent,TBD,0.08,6,36,24,3,No,"12.92532198435162, 77.63305732178569",Independent Leasing Team,Leasing Head - Independent,+91-80-40000000,leasing@independent.com,Independent,KRM,BLR - Managed Office Space Supply 2026.xlsx,TARGET_EXCEL,Target Excel Import (KRM),July 2026,
KRM,Option 24,Independent,IndiQube - IndiQube Garden - Grape Garden,Koramangala 6th Block,Available on Request / Document Image,Grade A Commercial Space - Unspecified,G+4,As per master plan,"11,200 Sft",80% (+/- 2%),1 KVA per 100 Sq. Ft.,1,Flexible Sq. Ft.,Available on Request,TBD,Pre-Furnished,Unspecified,Immediate,"1:1,000 Sft",Standard Commercial Lease,TBD,Included in rent,TBD,0.08,6,36,24,3,No,"12.936793916336557, 77.62142298580545",Independent Leasing Team,Leasing Head - Independent,+91-80-40000000,leasing@independent.com,Independent,KRM,BLR - Managed Office Space Supply 2026.xlsx,TARGET_EXCEL,Target Excel Import (KRM),July 2026,
KRM,Option 25,Independent,IndiQube - IndiQube Garden 2,Koramangala 6th Block,Available on Request / Document Image,Grade A Commercial Space - Unspecified,B+G+4,As per master plan,"20,200 Sft",80% (+/- 2%),1 KVA per 100 Sq. Ft.,1,Flexible Sq. Ft.,Available on Request,TBD,Pre-Furnished,Unspecified,Immediate,"1:1,000 Sft",Standard Commercial Lease,TBD,Included in rent,TBD,0.08,6,36,24,3,No,"12.937091926766023, 77.62145517231399",Independent Leasing Team,Leasing Head - Independent,+91-80-40000000,leasing@independent.com,Independent,KRM,BLR - Managed Office Space Supply 2026.xlsx,TARGET_EXCEL,Target Excel Import (KRM),July 2026,
KRM,Option 26,Independent,IndiQube - IndiQube Sunshine,Koramangala 6th Block,Available on Request / Document Image,Grade A Commercial Space - Unspecified,B+G+3,As per master plan,"4,500 Sft",80% (+/- 2%),1 KVA per 100 Sq. Ft.,1,Flexible Sq. Ft.,Available on Request,TBD,Pre-Furnished,Unspecified,Immediate,"1:1,000 Sft",Standard Commercial Lease,TBD,Included in rent,TBD,0.08,6,36,24,3,No,"12.936690865572867, 77.62136008685559",Independent Leasing Team,Leasing Head - Independent,+91-80-40000000,leasing@independent.com,Independent,KRM,BLR - Managed Office Space Supply 2026.xlsx,TARGET_EXCEL,Target Excel Import (KRM),July 2026,
KRM,Option 27,Independent,IndiQube - IndiQube Octagon,Koramangala 4th Block,Available on Request / Document Image,Grade A Commercial Space - Unspecified,B+G+4,As per master plan,"4,200 Sft",80% (+/- 2%),1 KVA per 100 Sq. Ft.,1,80.0 Sq. Ft.,80,TBD,Pre-Furnished,Unspecified,Immediate,"1:1,000 Sft",Standard Commercial Lease,TBD,Included in rent,TBD,0.08,6,36,24,3,No,"12.934196433165987, 77.63003885247528",Independent Leasing Team,Leasing Head - Independent,+91-80-40000000,leasing@independent.com,Independent,KRM,BLR - Managed Office Space Supply 2026.xlsx,TARGET_EXCEL,Target Excel Import (KRM),July 2026,
KRM,Option 28,Independent,IndiQube - IndiQube Sigma,Koramangala 1A Block,Available on Request / Document Image,Grade A Commercial Space - Unspecified,B+G+4,As per master plan,"10,600 Sft",80% (+/- 2%),1 KVA per 100 Sq. Ft.,1,60.0 Sq. Ft.,60,TBD,Pre-Furnished,Unspecified,Immediate,"1:1,000 Sft",Standard Commercial Lease,TBD,Included in rent,TBD,0.08,6,36,24,3,No,"12.925432721070015, 77.63154851715198",Independent Leasing Team,Leasing Head - Independent,+91-80-40000000,leasing@independent.com,Independent,KRM,BLR - Managed Office Space Supply 2026.xlsx,TARGET_EXCEL,Target Excel Import (KRM),July 2026,
KRM,Option 29,Sattva Group,IndiQube - IndiQube Techpoint - Sattva  Techpoint,Koramangala / Srinivagilu,Available on Request / Document Image,Grade A Commercial Space - Unspecified,B+G+7,As per master plan,"36,000 Sft",80% (+/- 2%),1 KVA per 100 Sq. Ft.,1,Flexible Sq. Ft.,Available on Request,7F,Pre-Furnished,Unspecified,Immediate,"1:1,000 Sft",Standard Commercial Lease,TBD,Included in rent,TBD,0.08,6,36,24,3,Yes,"12.937581006748283, 77.62756354137285",Sattva Group Leasing Team,Leasing Head - Sattva Group,+91-80-40000000,leasing@sattvagroup.com,Sattva Group,KRM,BLR - Managed Office Space Supply 2026.xlsx,TARGET_EXCEL,Target Excel Import (KRM),July 2026,
KRM,Option 30,Prestige Group,IndiQube - IndiQube Lexington Tower,Tavarekere / Near Koramangala,Available on Request / Document Image,Grade A Commercial Space - Unspecified,2B+G+8,As per master plan,"23,514 Sft",80% (+/- 2%),1 KVA per 100 Sq. Ft.,1,Flexible Sq. Ft.,Available on Request,TBD,Pre-Furnished,Unspecified,Immediate,"1:1,000 Sft",Standard Commercial Lease,TBD,Included in rent,TBD,0.08,6,36,24,3,Yes,"12.930851109171677, 77.610220750622",Prestige Group Leasing Team,Leasing Head - Prestige Group,+91-80-40000000,leasing@prestigegroup.com,Prestige Group,KRM,BLR - Managed Office Space Supply 2026.xlsx,TARGET_EXCEL,Target Excel Import (KRM),July 2026,
KRM,Option 31,Independent,IndiQube - IndiQube Prism,Koramangala Industrial Layout,Available on Request / Document Image,Grade A Commercial Space - Unspecified,B+G+3+Terrace,As per master plan,"6,400 Sft",80% (+/- 2%),1 KVA per 100 Sq. Ft.,1,Flexible Sq. Ft.,Available on Request,TBD,Pre-Furnished,Unspecified,Immediate,"1:1,000 Sft",Standard Commercial Lease,TBD,Included in rent,TBD,0.08,6,36,24,3,No,"12.935377475494452, 77.6141394641135",Independent Leasing Team,Leasing Head - Independent,+91-80-40000000,leasing@independent.com,Independent,KRM,BLR - Managed Office Space Supply 2026.xlsx,TARGET_EXCEL,Target Excel Import (KRM),July 2026,
KRM,Option 32,Independent,IndiQube - IndiQube Royal,Koramangala Industrial Layout,Available on Request / Document Image,Grade A Commercial Space - Unspecified,B+G+4,As per master plan,"4,250–4,607 Sft",80% (+/- 2%),1 KVA per 100 Sq. Ft.,1,55.0 Sq. Ft.,55,TBD,Pre-Furnished,Unspecified,Immediate,"1:1,000 Sft",Standard Commercial Lease,TBD,Included in rent,TBD,0.08,6,36,24,3,No,"12.935462526669745, 77.61454976980427",Independent Leasing Team,Leasing Head - Independent,+91-80-40000000,leasing@independent.com,Independent,KRM,BLR - Managed Office Space Supply 2026.xlsx,TARGET_EXCEL,Target Excel Import (KRM),July 2026,
KRM,Option 33,RRBC Group,IndiQube - IndiQube Landmark - Penta Square,Ejipura / Near Koramangala,Available on Request / Document Image,Grade A Commercial Space - Unspecified,B+G+4,As per master plan,"17,700 Sft",80% (+/- 2%),1 KVA per 100 Sq. Ft.,1,Flexible Sq. Ft.,Available on Request,TBD,Pre-Furnished,Unspecified,Immediate,"1:1,000 Sft",Standard Commercial Lease,TBD,Included in rent,TBD,0.08,6,36,24,3,No,"12.938493803398627, 77.6313850794583",RRBC Group Leasing Team,Leasing Head - RRBC Group,+91-80-40000000,leasing@rrbcgroup.com,RRBC Group,KRM,BLR - Managed Office Space Supply 2026.xlsx,TARGET_EXCEL,Target Excel Import (KRM),July 2026,
KRM,Option 34,SJR Prime Corporation Pvt. Ltd,IndiQube - IndiQube Cyberscape - SJR Cyber,SJR Cyber -Adugodi / Koramangala / Hosur Road,Available on Request / Document Image,Grade A Commercial Space - Unspecified,2B+G+7+Terrace,As per master plan,"11,000 Sft",80% (+/- 2%),1 KVA per 100 Sq. Ft.,1,Flexible Sq. Ft.,Available on Request,TBD,Pre-Furnished,Unspecified,Immediate,"1:1,000 Sft",Standard Commercial Lease,TBD,Included in rent,TBD,0.08,6,36,24,3,No,"12.939064338989292, 77.60958325978035",SJR Prime Corporation Pvt. Ltd Leasing Team,Leasing Head - SJR Prime Corporation Pvt. Ltd,+91-80-40000000,leasing@sjrprimecorporationpvt.ltd.com,SJR Prime Corporation Pvt. Ltd,KRM,BLR - Managed Office Space Supply 2026.xlsx,TARGET_EXCEL,Target Excel Import (KRM),July 2026,
KRM,Option 35,Independent,IndiQube - IndiQube Ozone,Koramangala / HSR Layout (SBD),Data Not found,Grade A Commercial Space - Unspecified,G + Upper Floors,As per master plan,Flexible floor plates,80% (+/- 2%),1 KVA per 100 Sq. Ft.,1,Flexible Sq. Ft.,Available on Request,TBD,Pre-Furnished,Unspecified,Immediate,"1:1,000 Sft",Standard Commercial Lease,TBD,Included in rent,TBD,0.08,6,36,24,3,No,"12.917551844519615, 77.62832698267775",Independent Leasing Team,Leasing Head - Independent,+91-80-40000000,leasing@independent.com,Independent,KRM,BLR - Managed Office Space Supply 2026.xlsx,TARGET_EXCEL,Target Excel Import (KRM),July 2026,
KRM,Option 36,HM Group,IndiQube - IndiQube Vibha,HM Vibha Towers - Adugodi / Koramangala,Available on Request / Document Image,Grade A Commercial Space - Unspecified,2B+G+7,As per master plan,"32,000 Sft",80% (+/- 2%),1 KVA per 100 Sq. Ft.,1,Flexible Sq. Ft.,Available on Request,TBD,Pre-Furnished,Unspecified,Immediate,"1:1,000 Sft",Standard Commercial Lease,TBD,Included in rent,TBD,0.08,6,36,24,3,No,"12.936933759134671, 77.61052198497946",HM Group Leasing Team,Leasing Head - HM Group,+91-80-40000000,leasing@hmgroup.com,HM Group,KRM,BLR - Managed Office Space Supply 2026.xlsx,TARGET_EXCEL,Target Excel Import (KRM),July 2026,
KRM,Option 37,Independent,IndiQube - IndiQube Infinia - JB Infinitia,kendriya sadan koramangala,Available on Request / Document Image,Grade A Commercial Space - Unspecified,B+G+2,As per master plan,"8,800–9,000 Sft",80% (+/- 2%),1 KVA per 100 Sq. Ft.,1,Flexible Sq. Ft.,Available on Request,TBD,Pre-Furnished,Unspecified,Immediate,"1:1,000 Sft",Standard Commercial Lease,TBD,Included in rent,TBD,0.08,6,36,24,3,No,"12.9250468714857, 77.61975855247515",Independent Leasing Team,Leasing Head - Independent,+91-80-40000000,leasing@independent.com,Independent,KRM,BLR - Managed Office Space Supply 2026.xlsx,TARGET_EXCEL,Target Excel Import (KRM),July 2026,
KRM,Option 38,HM Group,Obeya - Obeya Grace,Koramangala 7th Block,Temporarily closed,Temporarily closed,2B+G+7,As per master plan,"32,000 Sft",80% (+/- 2%),1 KVA per 100 Sq. Ft.,1,Flexible Sq. Ft.,Available on Request,2F,Pre-Furnished,Unspecified,Immediate,"1:1,000 Sft",Standard Commercial Lease,Temporarily closed,Included in rent,TBD,0.08,6,36,24,3,No,"12.936975797643427, 77.61049381054825",HM Group Leasing Team,Leasing Head - HM Group,+91-80-40000000,leasing@hmgroup.com,HM Group,KRM,BLR - Managed Office Space Supply 2026.xlsx,TARGET_EXCEL,Target Excel Import (KRM),July 2026,
KRM,Option 39,Independent,Obeya - Obeya Elan - SSS Complex,Koramangala 80ft Road,Available on Request / Document Image,Grade A Commercial Space - Unspecified,G+5,As per master plan,"3,800 - 4,100 Sft",80% (+/- 2%),1 KVA per 100 Sq. Ft.,1,12.0 Sq. Ft.,12,1F,Pre-Furnished,Unspecified,Immediate,"1:1,000 Sft",Standard Commercial Lease,9500.0,Included in rent,TBD,0.08,6,36,24,3,No,"12.933854106903782, 77.63014315247524",Independent Leasing Team,Leasing Head - Independent,+91-80-40000000,leasing@independent.com,Independent,KRM,BLR - Managed Office Space Supply 2026.xlsx,TARGET_EXCEL,Target Excel Import (KRM),July 2026,
KRM,Option 40,Independent,Obeya - Obeya Tulip - Regent Insignia,Koramangala 4th Block,Available on Request / Document Image,Grade A Commercial Space - Unspecified,B+G+M+3,As per master plan,"11,200 Sft",80% (+/- 2%),1 KVA per 100 Sq. Ft.,1,16.0 Sq. Ft.,16,2F+4F,Pre-Furnished,Unspecified,Immediate,"1:1,000 Sft",Standard Commercial Lease,9500.0,Included in rent,TBD,0.08,6,36,24,3,No,"12.934140706687273, 77.62370893898387",Independent Leasing Team,Leasing Head - Independent,+91-80-40000000,leasing@independent.com,Independent,KRM,BLR - Managed Office Space Supply 2026.xlsx,TARGET_EXCEL,Target Excel Import (KRM),July 2026,
KRM,Option 41,Independent,Obeya - Obeya Treepack - Kabra Excelsior,Koramangala 3rd Block,Available on Request / Document Image,Grade A Commercial Space - Unspecified,B+G+5,As per master plan,"13,000 Sft",80% (+/- 2%),1 KVA per 100 Sq. Ft.,1,Flexible Sq. Ft.,Available on Request,4F,Pre-Furnished,Unspecified,Immediate,"1:1,000 Sft",Standard Commercial Lease,TBD,Included in rent,TBD,0.08,6,36,24,3,No,"12.928107409390902, 77.63298599594414",Independent Leasing Team,Leasing Head - Independent,+91-80-40000000,leasing@independent.com,Independent,KRM,BLR - Managed Office Space Supply 2026.xlsx,TARGET_EXCEL,Target Excel Import (KRM),July 2026,
KRM,Option 42,Independent,Obeya - Obeya Corner Woods,kendriya sadan koramangala,Available on Request / Document Image,Grade A Commercial Space - Unspecified,G+5,As per master plan,"6,500 Sft",80% (+/- 2%),1 KVA per 100 Sq. Ft.,1,Flexible Sq. Ft.,Available on Request,TBD,Pre-Furnished,Unspecified,Immediate,"1:1,000 Sft",Standard Commercial Lease,TBD,Included in rent,TBD,0.08,6,36,24,3,No,"12.925453557424873, 77.61940994038436",Independent Leasing Team,Leasing Head - Independent,+91-80-40000000,leasing@independent.com,Independent,KRM,BLR - Managed Office Space Supply 2026.xlsx,TARGET_EXCEL,Target Excel Import (KRM),July 2026,
KRM,Option 43,Global Tech Park Pvt. Ltd.,Smartworks - Global Tech Park,Koramangala - Opp Christ University,Available on Request / Document Image,Grade A Commercial Space - Unspecified,B+G+3,As per master plan,"B1 - 13,574, B2 - 19,487, B3 - 12,997 Sft",80% (+/- 2%),1 KVA per 100 Sq. Ft.,1,82.0 Sq. Ft.,82,"Block A - 3F, Block B 1F+2F+3F",Pre-Furnished,Unspecified,Immediate,"1:1,000 Sft",Standard Commercial Lease,Warmshell,Included in rent,TBD,0.08,6,36,24,3,Yes,"12.93727550877445, 77.60639770073003",Global Tech Park Pvt. Ltd. Leasing Team,Leasing Head - Global Tech Park Pvt. Ltd.,+91-80-40000000,leasing@globaltechparkpvt.ltd..com,Global Tech Park Pvt. Ltd.,KRM,BLR - Managed Office Space Supply 2026.xlsx,TARGET_EXCEL,Target Excel Import (KRM),July 2026,
KRM,Option 44,Bren Corporation Pvt. Ltd.,Table Space - TS Bren Optimus,Koramangala - Opp Christ University,Available on Request / Document Image,Grade A Commercial Space - Unspecified,2B+G+7,As per master plan,"32,000–35,000 Sft",80% (+/- 2%),1 KVA per 100 Sq. Ft.,1,Flexible Sq. Ft.,Available on Request,1F+3F,Pre-Furnished,Unspecified,Immediate,"1:1,000 Sft",Standard Commercial Lease,TBD,Included in rent,TBD,0.08,6,36,24,3,Yes,"12.936966029663212, 77.60673618748247",Bren Corporation Pvt. Ltd. Leasing Team,Leasing Head - Bren Corporation Pvt. Ltd.,+91-80-40000000,leasing@brencorporationpvt.ltd..com,Bren Corporation Pvt. Ltd.,KRM,BLR - Managed Office Space Supply 2026.xlsx,TARGET_EXCEL,Target Excel Import (KRM),July 2026,
KRM,Option 45,SJR Prime Corporation Pvt. Ltd,Urban Vault - Urban Vault – SJR Primus,Koramangala 7th Block,Available on Request / Document Image,Grade A Commercial Space - Unspecified,B+G+8,As per master plan,"8,000 Sft",80% (+/- 2%),1 KVA per 100 Sq. Ft.,1,Flexible Sq. Ft.,Available on Request,TBD,Pre-Furnished,Unspecified,Immediate,"1:1,000 Sft",Standard Commercial Lease,TBD,Included in rent,TBD,0.08,6,36,24,3,Yes,"12.934408501463219, 77.61283781253618",SJR Prime Corporation Pvt. Ltd Leasing Team,Leasing Head - SJR Prime Corporation Pvt. Ltd,+91-80-40000000,leasing@sjrprimecorporationpvt.ltd.com,SJR Prime Corporation Pvt. Ltd,KRM,BLR - Managed Office Space Supply 2026.xlsx,TARGET_EXCEL,Target Excel Import (KRM),July 2026,
KRM,Option 46,Independent,Urban Vault - Urban Vault – Royal Arcade,Ganapathi Temple Road,Available on Request / Document Image,Grade A Commercial Space - Unspecified,B+G+4,As per master plan,"4,250–4,607 Sft",80% (+/- 2%),1 KVA per 100 Sq. Ft.,1,Flexible Sq. Ft.,Available on Request,TBD,Pre-Furnished,Unspecified,Immediate,"1:1,000 Sft",Standard Commercial Lease,TBD,Included in rent,TBD,0.08,6,36,24,3,No,"12.935140882126426, 77.6145559285168",Independent Leasing Team,Leasing Head - Independent,+91-80-40000000,leasing@independent.com,Independent,KRM,BLR - Managed Office Space Supply 2026.xlsx,TARGET_EXCEL,Target Excel Import (KRM),July 2026,
KRM,Option 47,Independent,Urban Vault - Urban Vault – 57,Koramangala 6th Block,Available on Request / Document Image,Grade A Commercial Space - Unspecified,B+G+4,As per master plan,"5,000–6,000 Sft",80% (+/- 2%),1 KVA per 100 Sq. Ft.,1,175.0 Sq. Ft.,175,3F,Pre-Furnished,Unspecified,Immediate,"1:1,000 Sft",Standard Commercial Lease,10000.0,Included in rent,TBD,0.08,6,36,24,3,No,"12.936768291660176, 77.6208920794583",Independent Leasing Team,Leasing Head - Independent,+91-80-40000000,leasing@independent.com,Independent,KRM,BLR - Managed Office Space Supply 2026.xlsx,TARGET_EXCEL,Target Excel Import (KRM),July 2026,
KRM,Option 48,Independent,Urban Vault - Urban Vault – 22 - Esares Building,Koramangala 80ft Road,Available on Request / Document Image,Grade A Commercial Space - Unspecified,G+3,As per master plan,"5,250 Sft",80% (+/- 2%),1 KVA per 100 Sq. Ft.,1,Flexible Sq. Ft.,Available on Request,TBD,Pre-Furnished,Unspecified,Immediate,"1:1,000 Sft",Standard Commercial Lease,TBD,Included in rent,TBD,0.08,6,36,24,3,No,"12.932833650988316, 77.63172789480298",Independent Leasing Team,Leasing Head - Independent,+91-80-40000000,leasing@independent.com,Independent,KRM,BLR - Managed Office Space Supply 2026.xlsx,TARGET_EXCEL,Target Excel Import (KRM),July 2026,
KRM,Option 49,Independent,Urban Vault - Urban Vault – 387,Koramangala 80ft Road,Available on Request / Document Image,Grade A Commercial Space - Unspecified,B+G+4,As per master plan,"4,500 - 5,500 Sft",80% (+/- 2%),1 KVA per 100 Sq. Ft.,1,Flexible Sq. Ft.,Available on Request,TBD,Pre-Furnished,Unspecified,Immediate,"1:1,000 Sft",Standard Commercial Lease,TBD,Included in rent,TBD,0.08,6,36,24,3,No,"12.93037790907937, 77.63297663302984",Independent Leasing Team,Leasing Head - Independent,+91-80-40000000,leasing@independent.com,Independent,KRM,BLR - Managed Office Space Supply 2026.xlsx,TARGET_EXCEL,Target Excel Import (KRM),July 2026,
KRM,Option 50,Independent,Urban Vault - Urban Vault 107,Koramangala 80ft Road,Available on Request / Document Image,Grade A Commercial Space - Unspecified,G+4,As per master plan,"2,600 Sft",80% (+/- 2%),1 KVA per 100 Sq. Ft.,1,Flexible Sq. Ft.,Available on Request,TBD,Pre-Furnished,Unspecified,Immediate,"1:1,000 Sft",Standard Commercial Lease,TBD,Included in rent,TBD,0.08,6,36,24,3,No,"12.935769692330862, 77.6282059659668",Independent Leasing Team,Leasing Head - Independent,+91-80-40000000,leasing@independent.com,Independent,KRM,BLR - Managed Office Space Supply 2026.xlsx,TARGET_EXCEL,Target Excel Import (KRM),July 2026,
KRM,Option 51,Prestige Group,Wework - Prestige Cube,Koramangala - Adugodi / Koramangala,Available on Request / Document Image,Grade A Commercial Space - Unspecified,B+G+1,As per master plan,"25,000 Sft",80% (+/- 2%),1 KVA per 100 Sq. Ft.,1,167.0 Sq. Ft.,167,TBD,Pre-Furnished,Unspecified,Immediate,"1:1,000 Sft",Standard Commercial Lease,TBD,Included in rent,TBD,0.08,6,36,24,3,Yes,"12.936559030985096, 77.61097653713064",Prestige Group Leasing Team,Leasing Head - Prestige Group,+91-80-40000000,leasing@prestigegroup.com,Prestige Group,KRM,BLR - Managed Office Space Supply 2026.xlsx,TARGET_EXCEL,Target Excel Import (KRM),July 2026,
KRM,Option 52,Prestige Group,Wework - Prestige Atlanta,Koramanagala Wipro Park,Available on Request / Document Image,Grade A Commercial Space - Unspecified,B+G+4,As per master plan,"9,000–11,000 Sft",80% (+/- 2%),1 KVA per 100 Sq. Ft.,1,143.0 Sq. Ft.,143,TBD,Pre-Furnished,Unspecified,Immediate,"1:1,000 Sft",Standard Commercial Lease,TBD,Included in rent,TBD,0.08,6,36,24,3,Yes,"12.929045149760373, 77.6328036935602",Prestige Group Leasing Team,Leasing Head - Prestige Group,+91-80-40000000,leasing@prestigegroup.com,Prestige Group,KRM,BLR - Managed Office Space Supply 2026.xlsx,TARGET_EXCEL,Target Excel Import (KRM),July 2026,
KRM,Option 53,Independent,Workshaala - Workshaala Avenor,"Opp Mantri Avenue, 80ft Rd KRM",Available on Request / Document Image,Grade A Commercial Space - Unspecified,B+G+3,As per master plan,"9,000–10,000 Sft",80% (+/- 2%),1 KVA per 100 Sq. Ft.,1,700.0 Sq. Ft.,700,TBD,Pre-Furnished,Unspecified,Immediate,"1:1,000 Sft",Standard Commercial Lease,9000.0,Included in rent,TBD,0.08,6,36,24,3,No,"12.944741567184478, 77.6201338868713",Independent Leasing Team,Leasing Head - Independent,+91-80-40000000,leasing@independent.com,Independent,KRM,BLR - Managed Office Space Supply 2026.xlsx,TARGET_EXCEL,Target Excel Import (KRM),July 2026,
KRM,Option 54,Independent,Workshaala - Workshaala Athena,"80 Feet Rd, KHB Colony Koramangala",Available on Request / Document Image,Grade A Commercial Space - Unspecified,B+G+M+3,As per master plan,"4,000 Sft",80% (+/- 2%),1 KVA per 100 Sq. Ft.,1,Flexible Sq. Ft.,Available on Request,TBD,Pre-Furnished,Unspecified,Immediate,"1:1,000 Sft",Standard Commercial Lease,TBD,Included in rent,TBD,0.08,6,36,24,3,Yes,"12.935641921209992, 77.61476114030236",Independent Leasing Team,Leasing Head - Independent,+91-80-40000000,leasing@independent.com,Independent,KRM,BLR - Managed Office Space Supply 2026.xlsx,TARGET_EXCEL,Target Excel Import (KRM),July 2026,
KRM,Option 55,Independent,Workshaala - Workshaala Xenon,"100 Feet Rd, Ejipura",Available on Request / Document Image,Grade A Commercial Space - Unspecified,G+4+Terrace,As per master plan,"12,000 - 14,000 Sft",80% (+/- 2%),1 KVA per 100 Sq. Ft.,1,Flexible Sq. Ft.,Available on Request,TBD,Pre-Furnished,Unspecified,Immediate,"1:1,000 Sft",Standard Commercial Lease,TBD,Included in rent,TBD,0.08,6,36,24,3,Yes,"12.938432885708826, 77.62946957945826",Independent Leasing Team,Leasing Head - Independent,+91-80-40000000,leasing@independent.com,Independent,KRM,BLR - Managed Office Space Supply 2026.xlsx,TARGET_EXCEL,Target Excel Import (KRM),July 2026,
HSR Layout,Option 1,Independent,2gethr - 2gethr @ HSR,"14th Main Road,HSR Sector 5",Available on Request / Document Image,Grade A Commercial Space - Unspecified,G+4,As per master plan,"5,000 Sft",80% (+/- 2%),1 KVA per 100 Sq. Ft.,1,Flexible Sq. Ft.,Available on Request,TBD,Pre-Furnished,Unspecified,Immediate,"1:1,000 Sft",Standard Commercial Lease,TBD,Included in rent,TBD,0.08,6,36,24,3,Yes,"12.918033677310754, 77.63807243713032",Independent Leasing Team,Leasing Head - Independent,+91-80-40000000,leasing@independent.com,Independent,HSR Layout,BLR - Managed Office Space Supply 2026.xlsx,TARGET_EXCEL,Target Excel Import (HSR Layout),July 2026,
HSR Layout,Option 2,Independent,315Work Avenue - HSR - 1,HSR Sector 4,Available on Request / Document Image,Grade A Commercial Space - Unspecified,B+G+4,As per master plan,"3,800 Sft",80% (+/- 2%),1 KVA per 100 Sq. Ft.,1,70.0 Sq. Ft.,70,G+1+2+3,Pre-Furnished,Unspecified,Immediate,"1:1,000 Sft",Standard Commercial Lease,7500.0,Included in rent,TBD,0.08,6,36,24,3,Yes,"12.91260292721607, 77.6391968975099",Independent Leasing Team,Leasing Head - Independent,+91-80-40000000,leasing@independent.com,Independent,HSR Layout,BLR - Managed Office Space Supply 2026.xlsx,TARGET_EXCEL,Target Excel Import (HSR Layout),July 2026,
HSR Layout,Option 3,Independent,315Work Avenue - HSR - 2,HSR Sector 6,Available on Request / Document Image,Grade A Commercial Space - Unspecified,B+G+4,As per master plan,"3,800 Sft",80% (+/- 2%),1 KVA per 100 Sq. Ft.,1,50.0 Sq. Ft.,50,1F + 4F,Pre-Furnished,Unspecified,Immediate,"1:1,000 Sft",Standard Commercial Lease,7500.0,Included in rent,TBD,0.08,6,36,24,3,Yes,"12.913063057924857, 77.63254501907815",Independent Leasing Team,Leasing Head - Independent,+91-80-40000000,leasing@independent.com,Independent,HSR Layout,BLR - Managed Office Space Supply 2026.xlsx,TARGET_EXCEL,Target Excel Import (HSR Layout),July 2026,
HSR Layout,Option 4,Independent,Attic Space - Attic Space - Advaith,HSR Sector 1,Available on Request / Document Image,Grade A Commercial Space - Unspecified,B+G+3,As per master plan,"3,500–4,500",80% (+/- 2%),1 KVA per 100 Sq. Ft.,1,Flexible Sq. Ft.,Available on Request,2F + 3F,Pre-Furnished,Unspecified,Immediate,"1:1,000 Sft",Standard Commercial Lease,TBD,Included in rent,TBD,0.08,6,36,24,3,Yes,"12.914089794237169, 77.64483757945791",Independent Leasing Team,Leasing Head - Independent,+91-80-40000000,leasing@independent.com,Independent,HSR Layout,BLR - Managed Office Space Supply 2026.xlsx,TARGET_EXCEL,Target Excel Import (HSR Layout),July 2026,
HSR Layout,Option 5,Pacifica Group,Bhive - BHIVE Platinum - Hamilton Tower,HSR Silk Board - Campus,Available on Request / Document Image,Grade A Commercial Space - Unspecified,2B+G+12,As per master plan,"18,000 Sft",80% (+/- 2%),1 KVA per 100 Sq. Ft.,1,4300.0 Sq. Ft.,4300,TBD,Pre-Furnished,Unspecified,Immediate,"1:1,000 Sft",Standard Commercial Lease,10600.0,Included in rent,TBD,0.08,6,36,24,3,Yes,"12.918203198885037, 77.62575261787539",Pacifica Group Leasing Team,Leasing Head - Pacifica Group,+91-80-40000000,leasing@pacificagroup.com,Pacifica Group,HSR Layout,BLR - Managed Office Space Supply 2026.xlsx,TARGET_EXCEL,Target Excel Import (HSR Layout),July 2026,
HSR Layout,Option 6,AKR Developers,Bhive - BHIVE Premium,Kudlu - HSR - Campus (AKR Tech Park),Available on Request / Document Image,Grade A Commercial Space - Unspecified,B+G+3,As per master plan,"20,250 Sft",80% (+/- 2%),1 KVA per 100 Sq. Ft.,1,740.0 Sq. Ft.,740,TBD,Pre-Furnished,Unspecified,Immediate,"1:1,000 Sft",Standard Commercial Lease,8400.0,Included in rent,TBD,0.08,6,36,24,3,Yes,"12.892701811542159, 77.64173343401157",AKR Developers Leasing Team,Leasing Head - AKR Developers,+91-80-40000000,leasing@akrdevelopers.com,AKR Developers,HSR Layout,BLR - Managed Office Space Supply 2026.xlsx,TARGET_EXCEL,Target Excel Import (HSR Layout),July 2026,
HSR Layout,Option 7,Independent,Bhive - BHIVE Premium,HSR Sector 6,Available on Request / Document Image,Grade A Commercial Space - Unspecified,B+G+4,As per master plan,"3,500–4,500",80% (+/- 2%),1 KVA per 100 Sq. Ft.,1,98.0 Sq. Ft.,98,TBD,Pre-Furnished,Unspecified,Immediate,"1:1,000 Sft",Standard Commercial Lease,7700.0,Included in rent,TBD,0.08,6,36,24,3,Yes,"12.915306426874825, 77.63204966250844",Independent Leasing Team,Leasing Head - Independent,+91-80-40000000,leasing@independent.com,Independent,HSR Layout,BLR - Managed Office Space Supply 2026.xlsx,TARGET_EXCEL,Target Excel Import (HSR Layout),July 2026,
HSR Layout,Option 8,Independent,Bhive - BHIVE Workspace,HSR 27th Main,Available on Request / Document Image,Grade A Commercial Space - Unspecified,G+1,As per master plan,"7,000–9,000 Sft",80% (+/- 2%),1 KVA per 100 Sq. Ft.,1,200.0 Sq. Ft.,200,TBD,Pre-Furnished,Unspecified,Immediate,"1:1,000 Sft",Standard Commercial Lease,9500.0,Included in rent,TBD,0.08,6,36,24,3,Yes,"12.90089111919561, 77.65046344757995",Independent Leasing Team,Leasing Head - Independent,+91-80-40000000,leasing@independent.com,Independent,HSR Layout,BLR - Managed Office Space Supply 2026.xlsx,TARGET_EXCEL,Target Excel Import (HSR Layout),July 2026,
HSR Layout,Option 9,Independent,Bhive - BHIVE Workspace,HSR Silk Board - Campus,Available on Request / Document Image,Grade A Commercial Space - Unspecified,B+G+2,As per master plan,"2,527 Sft",80% (+/- 2%),1 KVA per 100 Sq. Ft.,1,230.0 Sq. Ft.,230,TBD,Pre-Furnished,Unspecified,Immediate,"1:1,000 Sft",Standard Commercial Lease,6600.0,Included in rent,TBD,0.08,6,36,24,3,Yes,"12.918096989626422, 77.62474510092555",Independent Leasing Team,Leasing Head - Independent,+91-80-40000000,leasing@independent.com,Independent,HSR Layout,BLR - Managed Office Space Supply 2026.xlsx,TARGET_EXCEL,Target Excel Import (HSR Layout),July 2026,
HSR Layout,Option 10,Garuda Group,Bhive - Garuda BHIVE Workspace,BTM - Silk Board,Available on Request / Document Image,Grade A Commercial Space - Unspecified,G+4,As per master plan,"62,670 Sft",80% (+/- 2%),1 KVA per 100 Sq. Ft.,1,730.0 Sq. Ft.,730,TBD,Pre-Furnished,Unspecified,Immediate,"1:1,000 Sft",Standard Commercial Lease,9600.0,Included in rent,TBD,0.08,6,36,24,3,Yes,"12.916033203043352, 77.61657479898278",Garuda Group Leasing Team,Leasing Head - Garuda Group,+91-80-40000000,leasing@garudagroup.com,Garuda Group,HSR Layout,BLR - Managed Office Space Supply 2026.xlsx,TARGET_EXCEL,Target Excel Import (HSR Layout),July 2026,
HSR Layout,Option 11,Independent,CRE - CRE Spacez – HSR,"14th Main Road, Sector 5",Available on Request / Document Image,Grade A Commercial Space - Unspecified,B+G+3,As per master plan,"6,000 Sft",80% (+/- 2%),1 KVA per 100 Sq. Ft.,1,90.0 Sq. Ft.,90,2F,Pre-Furnished,Unspecified,Immediate,"1:1,000 Sft",Standard Commercial Lease,6900.0,Included in rent,TBD,0.08,6,36,24,3,Yes,"12.916612034651124, 77.63795227945792",Independent Leasing Team,Leasing Head - Independent,+91-80-40000000,leasing@independent.com,Independent,HSR Layout,BLR - Managed Office Space Supply 2026.xlsx,TARGET_EXCEL,Target Excel Import (HSR Layout),July 2026,
HSR Layout,Option 12,Independent,Incubex - Incubex SLK,Silk Board - HSR,Available on Request / Document Image,Grade A Commercial Space - Unspecified,B+G+5,As per master plan,"18,000–22,000 Sft",80% (+/- 2%),1 KVA per 100 Sq. Ft.,1,155.0 Sq. Ft.,155,Ready for Fitouts,Pre-Furnished,Unspecified,Immediate,"1:1,000 Sft",Standard Commercial Lease,7000.0,Included in rent,TBD,0.08,8,36,24,3,Yes,"12.914478093884906, 77.62398656603939",Independent Leasing Team,Leasing Head - Independent,+91-80-40000000,leasing@independent.com,Independent,HSR Layout,BLR - Managed Office Space Supply 2026.xlsx,TARGET_EXCEL,Target Excel Import (HSR Layout),July 2026,
HSR Layout,Option 13,Independent,Incubex - Incubex HSROHQ,HSR 14th B Cross Road,Available on Request / Document Image,Grade A Commercial Space - Unspecified,B+G+5,As per master plan,"3,600–4,000 Sft",80% (+/- 2%),1 KVA per 100 Sq. Ft.,1,55.0 Sq. Ft.,55,Ready to Move In,Pre-Furnished,Unspecified,Immediate,"1:1,000 Sft",Standard Commercial Lease,7000.0,Included in rent,TBD,0.08,8,36,24,3,Yes,"12.914932420965531, 77.6331016",Independent Leasing Team,Leasing Head - Independent,+91-80-40000000,leasing@independent.com,Independent,HSR Layout,BLR - Managed Office Space Supply 2026.xlsx,TARGET_EXCEL,Target Excel Import (HSR Layout),July 2026,
HSR Layout,Option 14,Independent,Incubex - Incubex HSR16,HSR 9th Main Road,Available on Request / Document Image,Grade A Commercial Space - Unspecified,B+G+4+Terrace,As per master plan,"4,000 - 4,500 Sft",80% (+/- 2%),1 KVA per 100 Sq. Ft.,1,200.0 Sq. Ft.,200,Ready to Move In,Pre-Furnished,Unspecified,Immediate,"1:1,000 Sft",Standard Commercial Lease,7000.0,Included in rent,TBD,0.08,8,36,24,3,Yes,"12.915634205472966, 77.63461214418075",Independent Leasing Team,Leasing Head - Independent,+91-80-40000000,leasing@independent.com,Independent,HSR Layout,BLR - Managed Office Space Supply 2026.xlsx,TARGET_EXCEL,Target Excel Import (HSR Layout),July 2026,
HSR Layout,Option 15,Independent,Incubex - Incubex HSR17,HSR 15th Cross Road,Available on Request / Document Image,Grade A Commercial Space - Unspecified,B+G+3+Terrace,As per master plan,"3,400 Sft",80% (+/- 2%),1 KVA per 100 Sq. Ft.,1,85.0 Sq. Ft.,85,Ready to Move In,Pre-Furnished,Unspecified,Immediate,"1:1,000 Sft",Standard Commercial Lease,7000.0,Included in rent,TBD,0.08,8,36,24,3,Yes,"12.9141406659676, 77.63022359270765",Independent Leasing Team,Leasing Head - Independent,+91-80-40000000,leasing@independent.com,Independent,HSR Layout,BLR - Managed Office Space Supply 2026.xlsx,TARGET_EXCEL,Target Excel Import (HSR Layout),July 2026,
HSR Layout,Option 16,Independent,Incubex - Incubex HSR22,HSR 17th Cross Road,Available on Request / Document Image,Grade A Commercial Space - Unspecified,B+G+3+Terrace,As per master plan,"3,600 Sft",80% (+/- 2%),1 KVA per 100 Sq. Ft.,1,85.0 Sq. Ft.,85,Ready to Move In,Pre-Furnished,Unspecified,Immediate,"1:1,000 Sft",Standard Commercial Lease,7000.0,Included in rent,TBD,0.08,8,36,24,3,Yes,"12.912714437917018, 77.63860277945787",Independent Leasing Team,Leasing Head - Independent,+91-80-40000000,leasing@independent.com,Independent,HSR Layout,BLR - Managed Office Space Supply 2026.xlsx,TARGET_EXCEL,Target Excel Import (HSR Layout),July 2026,
HSR Layout,Option 17,Independent,Incubex - Incubex HSR29,HSR 1st Main Road,Available on Request / Document Image,Grade A Commercial Space - Unspecified,B+G+4+Terrace,As per master plan,"3,600 Sft",80% (+/- 2%),1 KVA per 100 Sq. Ft.,1,228.0 Sq. Ft.,228,Ready to Move In,Pre-Furnished,Unspecified,Immediate,"1:1,000 Sft",Standard Commercial Lease,7000.0,Included in rent,TBD,0.08,8,36,24,3,Yes,"12.917076878352972, 77.62469699480266",Independent Leasing Team,Leasing Head - Independent,+91-80-40000000,leasing@independent.com,Independent,HSR Layout,BLR - Managed Office Space Supply 2026.xlsx,TARGET_EXCEL,Target Excel Import (HSR Layout),July 2026,
HSR Layout,Option 18,Independent,Incubex - Incubex HSR30,HSR 1st Main Road,Available on Request / Document Image,Grade A Commercial Space - Unspecified,B+G+4,As per master plan,"4,300 Sft",80% (+/- 2%),1 KVA per 100 Sq. Ft.,1,450.0 Sq. Ft.,450,Under Construction,Pre-Furnished,Unspecified,Immediate,"1:1,000 Sft",Standard Commercial Lease,7000.0,Included in rent,TBD,0.08,8,36,24,3,Yes,"12.916621434075736, 77.62476381349155",Independent Leasing Team,Leasing Head - Independent,+91-80-40000000,leasing@independent.com,Independent,HSR Layout,BLR - Managed Office Space Supply 2026.xlsx,TARGET_EXCEL,Target Excel Import (HSR Layout),July 2026,
HSR Layout,Option 19,Independent,Incubex - Incubex HSR31,HSR 5th Main Road,Available on Request / Document Image,Grade A Commercial Space - Unspecified,B+G+4+Terrace,As per master plan,"3,100 Sft",80% (+/- 2%),1 KVA per 100 Sq. Ft.,1,450.0 Sq. Ft.,450,Ready for Fitouts,Pre-Furnished,Unspecified,Immediate,"1:1,000 Sft",Standard Commercial Lease,7000.0,Included in rent,TBD,0.08,8,36,24,3,Yes,"12.908582780860044, 77.63266162698307",Independent Leasing Team,Leasing Head - Independent,+91-80-40000000,leasing@independent.com,Independent,HSR Layout,BLR - Managed Office Space Supply 2026.xlsx,TARGET_EXCEL,Target Excel Import (HSR Layout),July 2026,
HSR Layout,Option 20,Independent,Incubex - Incubex HSR34,HSR 17th Cross Road,Available on Request / Document Image,Grade A Commercial Space - Unspecified,B+G+4+Terrace,As per master plan,3760 Sft,80% (+/- 2%),1 KVA per 100 Sq. Ft.,1,450.0 Sq. Ft.,450,Under Construction,Pre-Furnished,Unspecified,Immediate,"1:1,000 Sft",Standard Commercial Lease,7000.0,Included in rent,TBD,0.08,8,36,24,3,Yes,"12.912563438321458, 77.64360135581924",Independent Leasing Team,Leasing Head - Independent,+91-80-40000000,leasing@independent.com,Independent,HSR Layout,BLR - Managed Office Space Supply 2026.xlsx,TARGET_EXCEL,Target Excel Import (HSR Layout),July 2026,
HSR Layout,Option 21,Independent,Incubex - Incubex HSR35,HSR 14th Cross Road,Available on Request / Document Image,Grade A Commercial Space - Unspecified,B+G+4+Terrace,As per master plan,"3,860 Sft",80% (+/- 2%),1 KVA per 100 Sq. Ft.,1,510.0 Sq. Ft.,510,Under Construction,Pre-Furnished,Unspecified,Immediate,"1:1,000 Sft",Standard Commercial Lease,7000.0,Included in rent,TBD,0.08,8,36,24,3,Yes,"12.915218113990262, 77.63642095551366",Independent Leasing Team,Leasing Head - Independent,+91-80-40000000,leasing@independent.com,Independent,HSR Layout,BLR - Managed Office Space Supply 2026.xlsx,TARGET_EXCEL,Target Excel Import (HSR Layout),July 2026,
HSR Layout,Option 22,Independent,Incubex - Incubex HSR36,HSR 9th Main Road,Available on Request / Document Image,Grade A Commercial Space - Unspecified,B+G+4+Terrace,As per master plan,"4,200 Sft",80% (+/- 2%),1 KVA per 100 Sq. Ft.,1,490.0 Sq. Ft.,490,Ready for Fitouts,Pre-Furnished,Unspecified,60 Days,"1:1,000 Sft",Standard Commercial Lease,7000.0,Included in rent,TBD,0.08,8,36,24,3,Yes,"12.915898035249489, 77.63613287945792",Independent Leasing Team,Leasing Head - Independent,+91-80-40000000,leasing@independent.com,Independent,HSR Layout,BLR - Managed Office Space Supply 2026.xlsx,TARGET_EXCEL,Target Excel Import (HSR Layout),July 2026,
HSR Layout,Option 23,Independent,Incubex - Incubex HSR37,HSR 14th Cross Road,Available on Request / Document Image,Grade A Commercial Space - Unspecified,B+G+3+Terrace,As per master plan,"2,800 Sft",80% (+/- 2%),1 KVA per 100 Sq. Ft.,1,220.0 Sq. Ft.,220,Under Construction,Pre-Furnished,Unspecified,Immediate,"1:1,000 Sft",Standard Commercial Lease,7000.0,Included in rent,TBD,0.08,8,36,24,3,Yes,"12.915206389760488, 77.63576063178627",Independent Leasing Team,Leasing Head - Independent,+91-80-40000000,leasing@independent.com,Independent,HSR Layout,BLR - Managed Office Space Supply 2026.xlsx,TARGET_EXCEL,Target Excel Import (HSR Layout),July 2026,
HSR Layout,Option 24,Independent,Incubex - Incubex HSR38,HSR 14th Cross Road,Available on Request / Document Image,Grade A Commercial Space - Unspecified,B+G+3+Terrace,As per master plan,"4,250 Sft",80% (+/- 2%),1 KVA per 100 Sq. Ft.,1,400.0 Sq. Ft.,400,Under Construction,Pre-Furnished,Unspecified,Immediate,"1:1,000 Sft",Standard Commercial Lease,7000.0,Included in rent,TBD,0.08,8,36,24,3,Yes,"12.91547639243513, 77.63575839782925",Independent Leasing Team,Leasing Head - Independent,+91-80-40000000,leasing@independent.com,Independent,HSR Layout,BLR - Managed Office Space Supply 2026.xlsx,TARGET_EXCEL,Target Excel Import (HSR Layout),July 2026,
HSR Layout,Option 25,Independent,Incubex - Incubex HSR39,HSR 5th Main Road,Available on Request / Document Image,Grade A Commercial Space - Unspecified,B+G+3+Terrace,As per master plan,"8,000 Sft",80% (+/- 2%),1 KVA per 100 Sq. Ft.,1,30000.0 Sq. Ft.,30000,Under Construction,Pre-Furnished,Unspecified,Immediate,"1:1,000 Sft",Standard Commercial Lease,7000.0,Included in rent,TBD,0.08,8,36,24,3,Yes,"12.910230525490702, 77.63245135581923",Independent Leasing Team,Leasing Head - Independent,+91-80-40000000,leasing@independent.com,Independent,HSR Layout,BLR - Managed Office Space Supply 2026.xlsx,TARGET_EXCEL,Target Excel Import (HSR Layout),July 2026,
HSR Layout,Option 26,Independent,Incubex - Incubex HSR Shree Tech Park,HSR 1st Main Road,Available on Request / Document Image,Grade A Commercial Space - Unspecified,G+3+Terrace,As per master plan,"25,000 Sft",80% (+/- 2%),1 KVA per 100 Sq. Ft.,1,100000.0 Sq. Ft.,100000,Under Construction,Pre-Furnished,Unspecified,Immediate,"1:1,000 Sft",Standard Commercial Lease,7000.0,Included in rent,TBD,0.08,8,36,24,3,Yes,"12.915639605468233, 77.62536800000001",Independent Leasing Team,Leasing Head - Independent,+91-80-40000000,leasing@independent.com,Independent,HSR Layout,BLR - Managed Office Space Supply 2026.xlsx,TARGET_EXCEL,Target Excel Import (HSR Layout),July 2026,
HSR Layout,Option 27,Independent,IndiQube - IndiQube Orion,24th Main Road,Available on Request / Document Image,Grade A Commercial Space - Unspecified,G+3,As per master plan,"22,500 Sft",80% (+/- 2%),1 KVA per 100 Sq. Ft.,1,Flexible Sq. Ft.,Available on Request,TBD,Pre-Furnished,Unspecified,Immediate,"1:1,000 Sft",Standard Commercial Lease,TBD,Included in rent,TBD,0.08,6,36,24,3,Yes,"12.904205939853602, 77.64865776596629",Independent Leasing Team,Leasing Head - Independent,+91-80-40000000,leasing@independent.com,Independent,HSR Layout,BLR - Managed Office Space Supply 2026.xlsx,TARGET_EXCEL,Target Excel Import (HSR Layout),July 2026,
HSR Layout,Option 28,Independent,IndiQube - IndiQube Serenity,Near Krimson Squre,Available on Request / Document Image,Grade A Commercial Space - Unspecified,B+G+4,As per master plan,"12,500 Sft",80% (+/- 2%),1 KVA per 100 Sq. Ft.,1,Flexible Sq. Ft.,Available on Request,TBD,Pre-Furnished,Unspecified,Immediate,"1:1,000 Sft",Standard Commercial Lease,TBD,Included in rent,TBD,0.08,6,36,24,3,Yes,"12.913899407006737, 77.62509456596644",Independent Leasing Team,Leasing Head - Independent,+91-80-40000000,leasing@independent.com,Independent,HSR Layout,BLR - Managed Office Space Supply 2026.xlsx,TARGET_EXCEL,Target Excel Import (HSR Layout),July 2026,
HSR Layout,Option 29,Independent,IndiQube - IndiQube Aura,"IBIS Hotel, Near Oxford College",Available on Request / Document Image,Grade A Commercial Space - Unspecified,2B+G+11,As per master plan,"9,000 Sft",80% (+/- 2%),1 KVA per 100 Sq. Ft.,1,Flexible Sq. Ft.,Available on Request,TBD,Pre-Furnished,Unspecified,Immediate,"1:1,000 Sft",Standard Commercial Lease,TBD,Included in rent,TBD,0.08,6,36,24,3,Yes,"12.900979005765498, 77.63207259294916",Independent Leasing Team,Leasing Head - Independent,+91-80-40000000,leasing@independent.com,Independent,HSR Layout,BLR - Managed Office Space Supply 2026.xlsx,TARGET_EXCEL,Target Excel Import (HSR Layout),July 2026,
HSR Layout,Option 30,Independent,IndiQube - IndiQube AMR,"AMR Tech Park, HSR - Garvebhavi Palya",Available on Request / Document Image,Grade A Commercial Space - Unspecified,B+G+4,As per master plan,"20,400 Sft",80% (+/- 2%),1 KVA per 100 Sq. Ft.,1,Flexible Sq. Ft.,Available on Request,TBD,Pre-Furnished,Unspecified,Immediate,"1:1,000 Sft",Standard Commercial Lease,TBD,Included in rent,TBD,0.08,6,36,24,3,Yes,"12.898803845046698, 77.63099784582634",Independent Leasing Team,Leasing Head - Independent,+91-80-40000000,leasing@independent.com,Independent,HSR Layout,BLR - Managed Office Space Supply 2026.xlsx,TARGET_EXCEL,Target Excel Import (HSR Layout),July 2026,
HSR Layout,Option 31,Independent,IndiQube - IndiQube AMR Tower 2,"AMR Tech Park, HSR - Garvebhavi Palya",Available on Request / Document Image,Grade A Commercial Space - Unspecified,B+G+4,As per master plan,"16,800 Sft",80% (+/- 2%),1 KVA per 100 Sq. Ft.,1,Flexible Sq. Ft.,Available on Request,TBD,Pre-Furnished,Unspecified,Immediate,"1:1,000 Sft",Standard Commercial Lease,TBD,Included in rent,TBD,0.08,6,36,24,3,Yes,"12.898683854644313, 77.63052304459639",Independent Leasing Team,Leasing Head - Independent,+91-80-40000000,leasing@independent.com,Independent,HSR Layout,BLR - Managed Office Space Supply 2026.xlsx,TARGET_EXCEL,Target Excel Import (HSR Layout),July 2026,
HSR Layout,Option 32,Independent,IndiQube - IndiQube AMR Tower 3,"AMR Tech Park, HSR - Garvebhavi Palya",Available on Request / Document Image,Grade A Commercial Space - Unspecified,B+G+4,As per master plan,"4,600 Sft",80% (+/- 2%),1 KVA per 100 Sq. Ft.,1,180.0 Sq. Ft.,180,2F,Pre-Furnished,Unspecified,Immediate,"1:1,000 Sft",Standard Commercial Lease,TBD,Included in rent,TBD,0.08,6,36,24,3,Yes,"12.899135246811504, 77.63094509013412",Independent Leasing Team,Leasing Head - Independent,+91-80-40000000,leasing@independent.com,Independent,HSR Layout,BLR - Managed Office Space Supply 2026.xlsx,TARGET_EXCEL,Target Excel Import (HSR Layout),July 2026,
HSR Layout,Option 33,Independent,IndiQube - IndiQube AMR Tower 4,"AMR Tech Park, HSR - Garvebhavi Palya",Available on Request / Document Image,Grade A Commercial Space - Unspecified,B+G+4,As per master plan,"16,800 Sft",80% (+/- 2%),1 KVA per 100 Sq. Ft.,1,Flexible Sq. Ft.,Available on Request,TBD,Pre-Furnished,Unspecified,Immediate,"1:1,000 Sft",Standard Commercial Lease,TBD,Included in rent,TBD,0.08,6,36,24,3,Yes,"12.89876420633819, 77.6309903898118",Independent Leasing Team,Leasing Head - Independent,+91-80-40000000,leasing@independent.com,Independent,HSR Layout,BLR - Managed Office Space Supply 2026.xlsx,TARGET_EXCEL,Target Excel Import (HSR Layout),July 2026,
HSR Layout,Option 34,Independent,Novel - Novel Tech Park,Kudlu - HSR,Available on Request / Document Image,Grade A Commercial Space - Unspecified,B+G+5,As per master plan,"38,200 Sft",80% (+/- 2%),1 KVA per 100 Sq. Ft.,1,700.0 Sq. Ft.,700,G+4,Pre-Furnished,Unspecified,Immediate,"1:1,000 Sft",Standard Commercial Lease,5990.0,Included in rent,TBD,0.08,6,36,24,3,Yes,"12.891673055531363, 77.64147486596607",Independent Leasing Team,Leasing Head - Independent,+91-80-40000000,leasing@independent.com,Independent,HSR Layout,BLR - Managed Office Space Supply 2026.xlsx,TARGET_EXCEL,Target Excel Import (HSR Layout),July 2026,
HSR Layout,Option 35,Independent,Obeya - Obeya Silk,Behind Bommanahalli Metro Stations,Available on Request / Document Image,Grade A Commercial Space - Unspecified,B+G+3,As per master plan,"4,500–6,000 Sft",80% (+/- 2%),1 KVA per 100 Sq. Ft.,1,100.0 Sq. Ft.,100,3F,Pre-Furnished,Unspecified,Immediate,"1:1,000 Sft",Standard Commercial Lease,7000.0,Included in rent,TBD,0.08,6,36,24,3,Yes,"12.908799714279132, 77.62629433713012",Independent Leasing Team,Leasing Head - Independent,+91-80-40000000,leasing@independent.com,Independent,HSR Layout,BLR - Managed Office Space Supply 2026.xlsx,TARGET_EXCEL,Target Excel Import (HSR Layout),July 2026,
HSR Layout,Option 36,Independent,Obeya - Obeya Verve,HSR Sector 6,Available on Request / Document Image,Grade A Commercial Space - Unspecified,B+G+4,As per master plan,"4,750 Sft",80% (+/- 2%),1 KVA per 100 Sq. Ft.,1,70.0 Sq. Ft.,70,1F+3F,Pre-Furnished,Unspecified,Immediate,"1:1,000 Sft",Standard Commercial Lease,7000.0,Included in rent,TBD,0.08,6,36,24,3,Yes,"12.914544621477932, 77.63247990829412",Independent Leasing Team,Leasing Head - Independent,+91-80-40000000,leasing@independent.com,Independent,HSR Layout,BLR - Managed Office Space Supply 2026.xlsx,TARGET_EXCEL,Target Excel Import (HSR Layout),July 2026,
HSR Layout,Option 37,Independent,Obeya - Obeya Nest,HSR Sector 7,Available on Request / Document Image,Grade A Commercial Space - Unspecified,B+G+4,As per master plan,"4,500 Sft",80% (+/- 2%),1 KVA per 100 Sq. Ft.,1,70.0 Sq. Ft.,70,2F,Pre-Furnished,Unspecified,Immediate,"1:1,000 Sft",Standard Commercial Lease,7000.0,Included in rent,TBD,0.08,6,36,24,3,Yes,"12.91219412611642, 77.63499497945787",Independent Leasing Team,Leasing Head - Independent,+91-80-40000000,leasing@independent.com,Independent,HSR Layout,BLR - Managed Office Space Supply 2026.xlsx,TARGET_EXCEL,Target Excel Import (HSR Layout),July 2026,
HSR Layout,Option 38,Independent,Obeya - Obeya Brio - SMR Arcade,HSR Sector 1,Available on Request / Document Image,Grade A Commercial Space - Unspecified,B+G+3+Terrace,As per master plan,"5,000–5,500 Sft",80% (+/- 2%),1 KVA per 100 Sq. Ft.,1,Flexible Sq. Ft.,Available on Request,TBD,Pre-Furnished,Unspecified,Immediate,"1:1,000 Sft",Standard Commercial Lease,TBD,Included in rent,TBD,0.08,6,36,24,3,Yes,"12.919985978193386, 77.64523127734887",Independent Leasing Team,Leasing Head - Independent,+91-80-40000000,leasing@independent.com,Independent,HSR Layout,BLR - Managed Office Space Supply 2026.xlsx,TARGET_EXCEL,Target Excel Import (HSR Layout),July 2026,
HSR Layout,Option 39,Independent,Obeya - Obeya Gusto,HSR Sector 6,Available on Request / Document Image,Grade A Commercial Space - Unspecified,B+G+3+Terrace,As per master plan,"4,500–5,500 Sft",80% (+/- 2%),1 KVA per 100 Sq. Ft.,1,Flexible Sq. Ft.,Available on Request,TBD,Pre-Furnished,Unspecified,Immediate,"1:1,000 Sft",Standard Commercial Lease,TBD,Included in rent,TBD,0.08,6,36,24,3,Yes,"12.916080877707518, 77.63253059480263",Independent Leasing Team,Leasing Head - Independent,+91-80-40000000,leasing@independent.com,Independent,HSR Layout,BLR - Managed Office Space Supply 2026.xlsx,TARGET_EXCEL,Target Excel Import (HSR Layout),July 2026,
HSR Layout,Option 40,Independent,Obeya - Obeya Milan - Gangothri Tower,HSR Sector 6,Available on Request / Document Image,Grade A Commercial Space - Unspecified,B+G+3+Terrace,As per master plan,"4,000 Sft",80% (+/- 2%),1 KVA per 100 Sq. Ft.,1,Flexible Sq. Ft.,Available on Request,TBD,Pre-Furnished,Unspecified,Immediate,"1:1,000 Sft",Standard Commercial Lease,TBD,Included in rent,TBD,0.08,6,36,24,3,Yes,"12.914239994105042, 77.63213037945785",Independent Leasing Team,Leasing Head - Independent,+91-80-40000000,leasing@independent.com,Independent,HSR Layout,BLR - Managed Office Space Supply 2026.xlsx,TARGET_EXCEL,Target Excel Import (HSR Layout),July 2026,
HSR Layout,Option 41,Independent,Obeya - Obeya Roses,HSR Sector 6,Available on Request / Document Image,Grade A Commercial Space - Unspecified,B+G+3+Terrace,As per master plan,"3,500 Sft",80% (+/- 2%),1 KVA per 100 Sq. Ft.,1,Flexible Sq. Ft.,Available on Request,TBD,Pre-Furnished,Unspecified,Immediate,"1:1,000 Sft",Standard Commercial Lease,TBD,Included in rent,TBD,0.08,6,36,24,3,Yes,"12.912945537723393, 77.63630056596641",Independent Leasing Team,Leasing Head - Independent,+91-80-40000000,leasing@independent.com,Independent,HSR Layout,BLR - Managed Office Space Supply 2026.xlsx,TARGET_EXCEL,Target Excel Import (HSR Layout),July 2026,
HSR Layout,Option 42,Independent,Obeya - Obeya Zen,HSR Sector 6,Available on Request / Document Image,Grade A Commercial Space - Unspecified,B+G+2,As per master plan,"3,500 Sft",80% (+/- 2%),1 KVA per 100 Sq. Ft.,1,Flexible Sq. Ft.,Available on Request,TBD,Pre-Furnished,Unspecified,Immediate,"1:1,000 Sft",Standard Commercial Lease,TBD,Included in rent,TBD,0.08,6,36,24,3,Yes,"12.914557978919913, 77.63668476411316",Independent Leasing Team,Leasing Head - Independent,+91-80-40000000,leasing@independent.com,Independent,HSR Layout,BLR - Managed Office Space Supply 2026.xlsx,TARGET_EXCEL,Target Excel Import (HSR Layout),July 2026,
HSR Layout,Option 43,Independent,Obeya - Obeya Vibes,"2343, 17th Cross Road, Vanganahalli / AJ Forte",Available on Request / Document Image,Grade A Commercial Space - Unspecified,B+G+3+Terrace,As per master plan,"3,100 Sft",80% (+/- 2%),1 KVA per 100 Sq. Ft.,1,Flexible Sq. Ft.,Available on Request,TBD,Pre-Furnished,Unspecified,Immediate,"1:1,000 Sft",Standard Commercial Lease,TBD,Included in rent,TBD,0.08,6,36,24,3,Yes,"12.912290141116321, 77.6473441929493",Independent Leasing Team,Leasing Head - Independent,+91-80-40000000,leasing@independent.com,Independent,HSR Layout,BLR - Managed Office Space Supply 2026.xlsx,TARGET_EXCEL,Target Excel Import (HSR Layout),July 2026,
HSR Layout,Option 44,Independent,Obeya - Obeya Tranquil,HSR Sector 7,Available on Request / Document Image,Grade A Commercial Space - Unspecified,B+G+3+Terrace,As per master plan,"3,100 Sft",80% (+/- 2%),1 KVA per 100 Sq. Ft.,1,Flexible Sq. Ft.,Available on Request,TBD,Pre-Furnished,Unspecified,Immediate,"1:1,000 Sft",Standard Commercial Lease,TBD,Included in rent,TBD,0.08,6,36,24,3,Yes,"12.910539282118588, 77.63231936596635",Independent Leasing Team,Leasing Head - Independent,+91-80-40000000,leasing@independent.com,Independent,HSR Layout,BLR - Managed Office Space Supply 2026.xlsx,TARGET_EXCEL,Target Excel Import (HSR Layout),July 2026,
HSR Layout,Option 45,Independent,Workshaala - Workshaala Vista,HSR Sector 4,Available on Request / Document Image,Grade A Commercial Space - Unspecified,B+G+3,As per master plan,"3,400 Sft",80% (+/- 2%),1 KVA per 100 Sq. Ft.,1,40.0 Sq. Ft.,40,1F+2F,Pre-Furnished,Unspecified,Immediate,"1:1,000 Sft",Standard Commercial Lease,6499.0,Included in rent,TBD,0.08,6,36,24,3,Yes,"12.912518938080817, 77.64437622178548",Independent Leasing Team,Leasing Head - Independent,+91-80-40000000,leasing@independent.com,Independent,HSR Layout,BLR - Managed Office Space Supply 2026.xlsx,TARGET_EXCEL,Target Excel Import (HSR Layout),July 2026,
HSR Layout,Option 46,Independent,Workshaala - Workshaala Neo,HSR Sector 3,Available on Request / Document Image,Grade A Commercial Space - Unspecified,B+G+3+Terrace,As per master plan,"3,100 Sft",80% (+/- 2%),1 KVA per 100 Sq. Ft.,1,150.0 Sq. Ft.,150,2F+4F,Pre-Furnished,Unspecified,Immediate,"1:1,000 Sft",Standard Commercial Lease,6499.0,Included in rent,TBD,0.08,6,36,24,3,Yes,"12.911824787968389, 77.64379644364615",Independent Leasing Team,Leasing Head - Independent,+91-80-40000000,leasing@independent.com,Independent,HSR Layout,BLR - Managed Office Space Supply 2026.xlsx,TARGET_EXCEL,Target Excel Import (HSR Layout),July 2026,
HSR Layout,Option 47,Independent,Workshaala - Workshaala Plush,"57, 12th Main Rd, Sector 6, HSR Layout",Available on Request / Document Image,Grade A Commercial Space - Unspecified,B+G+4,As per master plan,"2,800 Sft",80% (+/- 2%),1 KVA per 100 Sq. Ft.,1,Flexible Sq. Ft.,Available on Request,TBD,Pre-Furnished,Unspecified,Immediate,"1:1,000 Sft",Standard Commercial Lease,TBD,Included in rent,TBD,0.08,6,36,24,3,Yes,"12.913036437647218, 77.63667836596642",Independent Leasing Team,Leasing Head - Independent,+91-80-40000000,leasing@independent.com,Independent,HSR Layout,BLR - Managed Office Space Supply 2026.xlsx,TARGET_EXCEL,Target Excel Import (HSR Layout),July 2026,
HSR Layout,Option 48,Independent,Workshaala - Workshaala Delta,"No 154, next to Devi Eye Hospital, Sector 5,",Available on Request / Document Image,Grade A Commercial Space - Unspecified,B+G+3,As per master plan,"2,800 Sft",80% (+/- 2%),1 KVA per 100 Sq. Ft.,1,Flexible Sq. Ft.,Available on Request,TBD,Pre-Furnished,Unspecified,Immediate,"1:1,000 Sft",Standard Commercial Lease,TBD,Included in rent,TBD,0.08,6,36,24,3,Yes,"12.916397112679254, 77.63683927645026",Independent Leasing Team,Leasing Head - Independent,+91-80-40000000,leasing@independent.com,Independent,HSR Layout,BLR - Managed Office Space Supply 2026.xlsx,TARGET_EXCEL,Target Excel Import (HSR Layout),July 2026,
HSR Layout,Option 49,Ozone Group,Workshaala Ozone -  Ozone Manay Tech Park,Kudlu - HSR,Available on Request / Document Image,Grade A Commercial Space - Unspecified,"A Block - B+G+6 , B Block - B+G+9",As per master plan,"A Block - 18,528 Sft, B Block - 31,493 Sft",80% (+/- 2%),1 KVA per 100 Sq. Ft.,1,1500.0 Sq. Ft.,1500,GF-2F,Pre-Furnished,Unspecified,Immediate,"1:1,000 Sft",Standard Commercial Lease,7500.0,Included in rent,TBD,0.08,6,36,24,3,Yes,"12.89168369711353, 77.63782947945751",Ozone Group Leasing Team,Leasing Head - Ozone Group,+91-80-40000000,leasing@ozonegroup.com,Ozone Group,HSR Layout,BLR - Managed Office Space Supply 2026.xlsx,TARGET_EXCEL,Target Excel Import (HSR Layout),July 2026,
HSR Layout,Option 50,Independent,Urban Vault - UV 19,HSR,Available on Request / Document Image,Grade A Commercial Space - Unspecified,B+G+4+Terrace,As per master plan,"2,000–2,500 Sft",80% (+/- 2%),1 KVA per 100 Sq. Ft.,1,135.0 Sq. Ft.,135,1F+Terrace,Pre-Furnished,Unspecified,Immediate,"1:1,000 Sft",Standard Commercial Lease,TBD,Included in rent,TBD,0.08,6,36,24,3,Yes,"12.912189738356574, 77.63542463713023",Independent Leasing Team,Leasing Head - Independent,+91-80-40000000,leasing@independent.com,Independent,HSR Layout,BLR - Managed Office Space Supply 2026.xlsx,TARGET_EXCEL,Target Excel Import (HSR Layout),July 2026,
HSR Layout,Option 51,Independent,Urban Vault - UV Quinnbay,HSR,Data Not Found,Grade A Commercial Space - Unspecified,G + Upper Floors,As per master plan,Flexible floor plates,80% (+/- 2%),1 KVA per 100 Sq. Ft.,1,130.0 Sq. Ft.,130,1F(Half Floor) - 60 Days,Pre-Furnished,Unspecified,Immediate,"1:1,000 Sft",Standard Commercial Lease,TBD,Included in rent,TBD,0.08,6,36,24,3,Yes,https://maps.google.com/?q=Urban+Vault+-+UV+Quinnbay+Bangalore,Independent Leasing Team,Leasing Head - Independent,+91-80-40000000,leasing@independent.com,Independent,HSR Layout,BLR - Managed Office Space Supply 2026.xlsx,TARGET_EXCEL,Target Excel Import (HSR Layout),July 2026,
HSR Layout,Option 52,Independent,Urban Vault - UV 348,HSR,Available on Request / Document Image,Grade A Commercial Space - Unspecified,B+G+4+Terrace,As per master plan,"2,400 Sft",80% (+/- 2%),1 KVA per 100 Sq. Ft.,1,135.0 Sq. Ft.,135,4F,Pre-Furnished,Unspecified,Immediate,"1:1,000 Sft",Standard Commercial Lease,TBD,Included in rent,TBD,0.08,6,36,24,3,Yes,"12.914508720068941, 77.64228852906129",Independent Leasing Team,Leasing Head - Independent,+91-80-40000000,leasing@independent.com,Independent,HSR Layout,BLR - Managed Office Space Supply 2026.xlsx,TARGET_EXCEL,Target Excel Import (HSR Layout),July 2026,
HSR Layout,Option 53,Independent,Urban Vault - UV 1319,HSR,Available on Request / Document Image,Grade A Commercial Space - Unspecified,B+G+4,As per master plan,"2,200 Sft",80% (+/- 2%),1 KVA per 100 Sq. Ft.,1,40.0 Sq. Ft.,40,3F,Pre-Furnished,Unspecified,Immediate,"1:1,000 Sft",Standard Commercial Lease,TBD,Included in rent,TBD,0.08,6,36,24,3,Yes,"12.905244084993297, 77.64898986835209",Independent Leasing Team,Leasing Head - Independent,+91-80-40000000,leasing@independent.com,Independent,HSR Layout,BLR - Managed Office Space Supply 2026.xlsx,TARGET_EXCEL,Target Excel Import (HSR Layout),July 2026,
HSR Layout,Option 54,Independent,Urban Vault - UV 1515,HSR,Available on Request / Document Image,Grade A Commercial Space - Unspecified,B+G+4,As per master plan,"2,200 Sft",80% (+/- 2%),1 KVA per 100 Sq. Ft.,1,100.0 Sq. Ft.,100,GF+3F,Pre-Furnished,Unspecified,Immediate,"1:1,000 Sft",Standard Commercial Lease,TBD,Included in rent,TBD,0.08,6,36,24,3,Yes,"12.916100307243488, 77.6450715143875",Independent Leasing Team,Leasing Head - Independent,+91-80-40000000,leasing@independent.com,Independent,HSR Layout,BLR - Managed Office Space Supply 2026.xlsx,TARGET_EXCEL,Target Excel Import (HSR Layout),July 2026,
HSR Layout,Option 55,Independent,Urban Vault - UV 1498,HSR,Available on Request / Document Image,Grade A Commercial Space - Unspecified,B+G+4,As per master plan,"2,200 Sft",80% (+/- 2%),1 KVA per 100 Sq. Ft.,1,100.0 Sq. Ft.,100,GF,Pre-Furnished,Unspecified,Immediate,"1:1,000 Sft",Standard Commercial Lease,TBD,Included in rent,TBD,0.08,6,36,24,3,Yes,"12.918564633014661, 77.64524382363885",Independent Leasing Team,Leasing Head - Independent,+91-80-40000000,leasing@independent.com,Independent,HSR Layout,BLR - Managed Office Space Supply 2026.xlsx,TARGET_EXCEL,Target Excel Import (HSR Layout),July 2026,
HSR Layout,Option 56,Independent,Urban Vault - UV 1497,HSR,Available on Request / Document Image,Grade A Commercial Space - Unspecified,B+G+4,As per master plan,"2,200 Sft",80% (+/- 2%),1 KVA per 100 Sq. Ft.,1,115.0 Sq. Ft.,115,3F+1F+2F,Pre-Furnished,Unspecified,Immediate,"1:1,000 Sft",Standard Commercial Lease,TBD,Included in rent,TBD,0.08,6,36,24,3,Yes,"12.918653046539609, 77.64508055062181",Independent Leasing Team,Leasing Head - Independent,+91-80-40000000,leasing@independent.com,Independent,HSR Layout,BLR - Managed Office Space Supply 2026.xlsx,TARGET_EXCEL,Target Excel Import (HSR Layout),July 2026,
HSR Layout,Option 57,Independent,Urban Vault - UV 468,HSR,Available on Request / Document Image,Grade A Commercial Space - Unspecified,B+G+5,As per master plan,"2,250 - 2,800 Sft",80% (+/- 2%),1 KVA per 100 Sq. Ft.,1,107.0 Sq. Ft.,107,1F,Pre-Furnished,Unspecified,Immediate,"1:1,000 Sft",Standard Commercial Lease,TBD,Included in rent,TBD,0.08,6,36,24,3,Yes,"12.91160412369543, 77.64958402363877",Independent Leasing Team,Leasing Head - Independent,+91-80-40000000,leasing@independent.com,Independent,HSR Layout,BLR - Managed Office Space Supply 2026.xlsx,TARGET_EXCEL,Target Excel Import (HSR Layout),July 2026,
HSR Layout,Option 58,Independent,Urban Vault - UV 17F,HSR,Data Not Found,Grade A Commercial Space - Unspecified,G + Upper Floors,As per master plan,Flexible floor plates,80% (+/- 2%),1 KVA per 100 Sq. Ft.,1,310.0 Sq. Ft.,310,GF+1F+2F - 60 Days,Pre-Furnished,Unspecified,Immediate,"1:1,000 Sft",Standard Commercial Lease,TBD,Included in rent,TBD,0.08,6,36,24,3,Yes,https://maps.google.com/?q=Urban+Vault+-+UV+17F+Bangalore,Independent Leasing Team,Leasing Head - Independent,+91-80-40000000,leasing@independent.com,Independent,HSR Layout,BLR - Managed Office Space Supply 2026.xlsx,TARGET_EXCEL,Target Excel Import (HSR Layout),July 2026,
HSR Layout,Option 59,Independent,Urban Vault - UV 2732,HSR,Data Not Found,Grade A Commercial Space - Unspecified,G+5,As per master plan,"2,167 Sft",80% (+/- 2%),1 KVA per 100 Sq. Ft.,1,65.0 Sq. Ft.,65,2F - 30 Days,Pre-Furnished,Unspecified,Immediate,"1:1,000 Sft",Standard Commercial Lease,TBD,Included in rent,TBD,0.08,6,36,24,3,Yes,"12.912878295302967, 77.65268383713018",Independent Leasing Team,Leasing Head - Independent,+91-80-40000000,leasing@independent.com,Independent,HSR Layout,BLR - Managed Office Space Supply 2026.xlsx,TARGET_EXCEL,Target Excel Import (HSR Layout),July 2026,
HSR Layout,Option 60,Independent,Urban Vault - UV 147,HSR,Available on Request / Document Image,Grade A Commercial Space - Unspecified,B+G+4+Terrace,As per master plan,"2,250 - 2,800 Sft",80% (+/- 2%),1 KVA per 100 Sq. Ft.,1,75.0 Sq. Ft.,75,3F,Pre-Furnished,Unspecified,Immediate,"1:1,000 Sft",Standard Commercial Lease,TBD,Included in rent,TBD,0.08,6,36,24,3,Yes,"12.912454682929624, 77.63554062602523",Independent Leasing Team,Leasing Head - Independent,+91-80-40000000,leasing@independent.com,Independent,HSR Layout,BLR - Managed Office Space Supply 2026.xlsx,TARGET_EXCEL,Target Excel Import (HSR Layout),July 2026,
HSR Layout,Option 61,Ozone Group,Urban Vault - Ozone Manya,Kudlu - HSR,Available on Request / Document Image,Grade A Commercial Space - Unspecified,"A Block - B+G+6 , B Block - B+G+9",As per master plan,"A Block - 18,528 Sft, B Block - 31,493 Sft",80% (+/- 2%),1 KVA per 100 Sq. Ft.,1,926.0 Sq. Ft.,926,5F,Pre-Furnished,Unspecified,Immediate,"1:1,000 Sft",Standard Commercial Lease,TBD,Included in rent,TBD,0.08,6,36,24,3,Yes,"12.89168369711353, 77.63782947945751",Ozone Group Leasing Team,Leasing Head - Ozone Group,+91-80-40000000,leasing@ozonegroup.com,Ozone Group,HSR Layout,BLR - Managed Office Space Supply 2026.xlsx,TARGET_EXCEL,Target Excel Import (HSR Layout),July 2026,
ORR,Option 1,Mantri Developers,2gethr - Mantri Commercio – Tower B,Bellandur / ORR,Available on Request / Document Image,Grade A Commercial Space - Unspecified,1B+G+5,As per master plan,"35,400 Sft",80% (+/- 2%),1 KVA per 100 Sq. Ft.,1,Flexible Sq. Ft.,Available on Request,1F+2F,Pre-Furnished,Unspecified,Immediate,"1:1,000 Sft",Standard Commercial Lease,TBD,Included in rent,TBD,8,6,36,24,3,Yes,"12.933478735975529, 77.6835410413723",Mantri Developers Leasing Team,Leasing Head - Mantri Developers,+91-80-40000000,leasing@mantridevelopers.com,Mantri Developers,ORR,BLR - Managed Office Space Supply 2026.xlsx,TARGET_EXCEL,Target Excel Import (ORR),July 2026,
ORR,Option 2,Kalyani Developers Pvt. Ltd.,91Springboard - Helios Business Park - Tower D - 3F,Kadubeesanahalli - ORR,Available on Request / Document Image,Grade A Commercial Space - Unspecified,4B+G+11,As per master plan,"32,000–53,000 Sft",80% (+/- 2%),1 KVA per 100 Sq. Ft.,1,1300.0 Sq. Ft.,1300,3F,Pre-Furnished,Unspecified,Immediate,"1:1,000 Sft",Standard Commercial Lease,TBD,Included in rent,TBD,8,6,36,24,3,Yes,"12.938506703120153, 77.68926653307638",Kalyani Developers Pvt. Ltd. Leasing Team,Leasing Head - Kalyani Developers Pvt. Ltd.,+91-80-40000000,leasing@kalyanideveloperspvt.ltd..com,Kalyani Developers Pvt. Ltd.,ORR,BLR - Managed Office Space Supply 2026.xlsx,TARGET_EXCEL,Target Excel Import (ORR),July 2026,
ORR,Option 3,Independent,91Springboard - KC Reddy Building,Mahadevapura / ORR,Available on Request / Document Image,Grade A Commercial Space - Unspecified,B+G+4,As per master plan,"6,000 Sft",80% (+/- 2%),1 KVA per 100 Sq. Ft.,1,376.0 Sq. Ft.,376,TBD,Pre-Furnished,Unspecified,Immediate,"1:1,000 Sft",Standard Commercial Lease,TBD,Included in rent,TBD,8,6,36,24,3,Yes,"12.988924146762002, 77.68939823949913",Independent Leasing Team,Leasing Head - Independent,+91-80-40000000,leasing@independent.com,Independent,ORR,BLR - Managed Office Space Supply 2026.xlsx,TARGET_EXCEL,Target Excel Import (ORR),July 2026,
ORR,Option 4,Sattva Group,315Work Avenue - Salarpuria Sattva Supreme,Marathahalli / ORR,Available on Request / Document Image,Grade A Commercial Space - Unspecified,B+G+3,As per master plan,"43,000 Sft",80% (+/- 2%),1 KVA per 100 Sq. Ft.,1,Flexible Sq. Ft.,Available on Request,3F,Pre-Furnished,Unspecified,Immediate,"1:1,000 Sft",Standard Commercial Lease,TBD,Included in rent,TBD,8,6,36,24,3,Yes,"12.952735234267365, 77.69897141005055",Sattva Group Leasing Team,Leasing Head - Sattva Group,+91-80-40000000,leasing@sattvagroup.com,Sattva Group,ORR,BLR - Managed Office Space Supply 2026.xlsx,TARGET_EXCEL,Target Excel Import (ORR),July 2026,
ORR,Option 5,Independent,Attic Space - M Square Legacy,Bellandur / ORR,Available on Request / Document Image,Grade A Commercial Space - Unspecified,B+G+3,As per master plan,"5,888 Sft",80% (+/- 2%),1 KVA per 100 Sq. Ft.,1,Flexible Sq. Ft.,Available on Request,TBD,Pre-Furnished,Unspecified,Immediate,"1:1,000 Sft",Standard Commercial Lease,TBD,Included in rent,TBD,8,6,36,24,3,Yes,"12.924043000202987, 77.67281013713041",Independent Leasing Team,Leasing Head - Independent,+91-80-40000000,leasing@independent.com,Independent,ORR,BLR - Managed Office Space Supply 2026.xlsx,TARGET_EXCEL,Target Excel Import (ORR),July 2026,
ORR,Option 6,Prestige Group,Awfis Elite - Prestige Tech Park - 5 - Venus Block,Marathahalli / ORR,Available on Request / Document Image,Grade A Commercial Space - Unspecified,B+G+9,As per master plan,"40,000 Sft",80% (+/- 2%),1 KVA per 100 Sq. Ft.,1,837.0 Sq. Ft.,837,8F,Pre-Furnished,Unspecified,Immediate,"1:1,000 Sft",Standard Commercial Lease,14999.0,Included in rent,TBD,8,6,36,24,3,Yes,"12.942178935233157, 77.69317981506003",Prestige Group Leasing Team,Leasing Head - Prestige Group,+91-80-40000000,leasing@prestigegroup.com,Prestige Group,ORR,BLR - Managed Office Space Supply 2026.xlsx,TARGET_EXCEL,Target Excel Import (ORR),July 2026,
ORR,Option 7,Prestige Group,Awfis - Prestige Tech Park – 1 - Valence Block,Marathahalli / ORR,Available on Request / Document Image,Grade A Commercial Space - Unspecified,2B+G+9,As per master plan,"39,362 Sft",80% (+/- 2%),1 KVA per 100 Sq. Ft.,1,872.0 Sq. Ft.,872,6F,Pre-Furnished,Unspecified,Immediate,"1:1,000 Sft",Standard Commercial Lease,10000.0,Included in rent,TBD,8,6,36,24,3,Yes,"12.940482327362732, 77.68912233713068",Prestige Group Leasing Team,Leasing Head - Prestige Group,+91-80-40000000,leasing@prestigegroup.com,Prestige Group,ORR,BLR - Managed Office Space Supply 2026.xlsx,TARGET_EXCEL,Target Excel Import (ORR),July 2026,
ORR,Option 8,Prestige Group,Awfis - Prestige Tech Park – 2 - Mercury Block,Kadubeesanahalli - ORR,Available on Request / Document Image,Grade A Commercial Space - Unspecified,B+G+9,As per master plan,"40,000–42,000 Sft",80% (+/- 2%),1 KVA per 100 Sq. Ft.,1,930.0 Sq. Ft.,930,1F+2F,Pre-Furnished,Unspecified,Immediate,"1:1,000 Sft",Standard Commercial Lease,10000.0,Included in rent,TBD,8,6,36,24,3,Yes,"12.942055712393886, 77.6939463499733",Prestige Group Leasing Team,Leasing Head - Prestige Group,+91-80-40000000,leasing@prestigegroup.com,Prestige Group,ORR,BLR - Managed Office Space Supply 2026.xlsx,TARGET_EXCEL,Target Excel Import (ORR),July 2026,
ORR,Option 9,Prestige Group,Awfis - Prestige Tech Park – 3 - Venus Block,Marathahalli / ORR,Available on Request / Document Image,Grade A Commercial Space - Unspecified,B+G+9,As per master plan,"39,000 Sft",80% (+/- 2%),1 KVA per 100 Sq. Ft.,1,751.0 Sq. Ft.,751,9F,Pre-Furnished,Unspecified,Immediate,"1:1,000 Sft",Standard Commercial Lease,9900.0,Included in rent,TBD,8,6,36,24,3,Yes,"12.942400400055101, 77.69308464011321",Prestige Group Leasing Team,Leasing Head - Prestige Group,+91-80-40000000,leasing@prestigegroup.com,Prestige Group,ORR,BLR - Managed Office Space Supply 2026.xlsx,TARGET_EXCEL,Target Excel Import (ORR),July 2026,
ORR,Option 10,Prestige Group,Awfis - Prestige Tech Park – 4 - Jupiter Block,Bellandur / ORR,Available on Request / Document Image,Grade A Commercial Space - Unspecified,B+G+7,As per master plan,"40,000 Sft",80% (+/- 2%),1 KVA per 100 Sq. Ft.,1,847.0 Sq. Ft.,847,7F,Pre-Furnished,Unspecified,Immediate,"1:1,000 Sft",Standard Commercial Lease,9900.0,Included in rent,TBD,8,6,36,24,3,Yes,"12.942403431590426, 77.69504503713068",Prestige Group Leasing Team,Leasing Head - Prestige Group,+91-80-40000000,leasing@prestigegroup.com,Prestige Group,ORR,BLR - Managed Office Space Supply 2026.xlsx,TARGET_EXCEL,Target Excel Import (ORR),July 2026,
ORR,Option 11,Prestige Group,Awfis - Prestige Tech Forest (Upcoming) Varthur Lake Road,Varthur Lake Road,Available on Request / Document Image,Grade A Commercial Space - Unspecified,2B+G+14,As per master plan,"Tower ""A"" - 57,000 Sft, ""B"" - 63,000 Sft, ""C"" - 51,000 Sft",80% (+/- 2%),1 KVA per 100 Sq. Ft.,1,608.0 Sq. Ft.,608,TBD,Pre-Furnished,Unspecified,Immediate,"1:1,000 Sft",Standard Commercial Lease,8000.0,Included in rent,TBD,8,6,36,24,3,Yes,"12.950806726294651, 77.74680457945854",Prestige Group Leasing Team,Leasing Head - Prestige Group,+91-80-40000000,leasing@prestigegroup.com,Prestige Group,ORR,BLR - Managed Office Space Supply 2026.xlsx,TARGET_EXCEL,Target Excel Import (ORR),July 2026,
ORR,Option 12,Vajram Group,Awfis - Vajram Esteva,Devarabisanahalli / ORR,Available on Request / Document Image,Grade A Commercial Space - Unspecified,B+G+2,As per master plan,"35,000–45,000 Sft",80% (+/- 2%),1 KVA per 100 Sq. Ft.,1,996.0 Sq. Ft.,996,GF+1F+2F,Pre-Furnished,Unspecified,Immediate,"1:1,000 Sft",Standard Commercial Lease,8500.0,Included in rent,TBD,8,6,36,24,3,Yes,"12.930461606977426, 77.68627392363908",Vajram Group Leasing Team,Leasing Head - Vajram Group,+91-80-40000000,leasing@vajramgroup.com,Vajram Group,ORR,BLR - Managed Office Space Supply 2026.xlsx,TARGET_EXCEL,Target Excel Import (ORR),July 2026,
ORR,Option 13,Zonasha Estates & Projects Pvt. Ltd,Awfis - Zonasha Frontier,Zonasha IT Building Mahadevapura,Available on Request / Document Image,Grade A Commercial Space - Unspecified,3B+G+7,As per master plan,"61,000–77,227 Sft",80% (+/- 2%),1 KVA per 100 Sq. Ft.,1,881.0 Sq. Ft.,881,TBD,Pre-Furnished,Unspecified,Immediate,"1:1,000 Sft",Standard Commercial Lease,10500.0,Included in rent,TBD,8,6,36,24,3,Yes,"12.980340442022158, 77.69479787941914",Zonasha Estates & Projects Pvt. Ltd Leasing Team,Leasing Head - Zonasha Estates & Projects Pvt. Ltd,+91-80-40000000,leasing@zonashaestates&projectspvt.ltd.com,Zonasha Estates & Projects Pvt. Ltd,ORR,BLR - Managed Office Space Supply 2026.xlsx,TARGET_EXCEL,Target Excel Import (ORR),July 2026,
ORR,Option 14,Sattva Group,Bhive - Premium Bellandur Campus -  Sattva Premia,Kadubeesanahalli - ORR,Available on Request / Document Image,Grade A Commercial Space - Unspecified,2B+G+3,As per master plan,"24,000–27,000 Sft",80% (+/- 2%),1 KVA per 100 Sq. Ft.,1,1490.0 Sq. Ft.,1490,TBD,Pre-Furnished,Unspecified,Immediate,"1:1,000 Sft",Standard Commercial Lease,11000.0,Included in rent,TBD,8,6,36,24,3,Yes,"12.936913378534483, 77.69213110829443",Sattva Group Leasing Team,Leasing Head - Sattva Group,+91-80-40000000,leasing@sattvagroup.com,Sattva Group,ORR,BLR - Managed Office Space Supply 2026.xlsx,TARGET_EXCEL,Target Excel Import (ORR),July 2026,
ORR,Option 15,Sattva Group,ClayWorks  Hallmark,Kadubeesanahalli - ORR,Available on Request / Document Image,Grade A Commercial Space - Unspecified,"Block ""A"" - B+G+3, Block ""B"" - B+G+4+Terrace",As per master plan,"Block ""A"" - 64,040, Block ""B"" - 43,000 Sft",80% (+/- 2%),1 KVA per 100 Sq. Ft.,1,Flexible Sq. Ft.,Available on Request,TBD,Pre-Furnished,Unspecified,Immediate,"1:1,000 Sft",Standard Commercial Lease,TBD,Included in rent,TBD,8,6,36,24,3,Yes,"12.936648205877903, 77.69167284437003",Sattva Group Leasing Team,Leasing Head - Sattva Group,+91-80-40000000,leasing@sattvagroup.com,Sattva Group,ORR,BLR - Managed Office Space Supply 2026.xlsx,TARGET_EXCEL,Target Excel Import (ORR),July 2026,
ORR,Option 16,RMZ Corp,Cowrks - Ecoworld 6A,Bellandur / ORR,Available on Request / Document Image,Grade A Commercial Space - Unspecified,2B+G+10,As per master plan,"47,000–55,000 Sft",80% (+/- 2%),1 KVA per 100 Sq. Ft.,1,403.0 Sq. Ft.,403,GF+1F,Pre-Furnished,Unspecified,Immediate,"1:1,000 Sft",Standard Commercial Lease,TBD,Included in rent,TBD,8,6,36,24,3,Yes,"12.920389917068386, 77.68509253713037",RMZ Corp Leasing Team,Leasing Head - RMZ Corp,+91-80-40000000,leasing@rmzcorp.com,RMZ Corp,ORR,BLR - Managed Office Space Supply 2026.xlsx,TARGET_EXCEL,Target Excel Import (ORR),July 2026,
ORR,Option 17,RMZ Corp,Cowrks - Ecoworld 6B,Bellandur / ORR,Available on Request / Document Image,Grade A Commercial Space - Unspecified,2B+G+10,As per master plan,"47,000–55,000 Sft",80% (+/- 2%),1 KVA per 100 Sq. Ft.,1,Flexible Sq. Ft.,Available on Request,7F,Pre-Furnished,Unspecified,Immediate,"1:1,000 Sft",Standard Commercial Lease,TBD,Included in rent,TBD,8,6,36,24,3,Yes,"12.921749522530956, 77.68408315914486",RMZ Corp Leasing Team,Leasing Head - RMZ Corp,+91-80-40000000,leasing@rmzcorp.com,RMZ Corp,ORR,BLR - Managed Office Space Supply 2026.xlsx,TARGET_EXCEL,Target Excel Import (ORR),July 2026,
ORR,Option 18,RMZ Corp,Cowrks - Ecoworld 4D,Bellandur / ORR,Available on Request / Document Image,Grade A Commercial Space - Unspecified,3B+G+10F,As per master plan,"37,000–68,000 Sft",80% (+/- 2%),1 KVA per 100 Sq. Ft.,1,24.0 Sq. Ft.,24,10F,Pre-Furnished,Unspecified,Immediate,"1:1,000 Sft",Standard Commercial Lease,TBD,Included in rent,TBD,8,6,36,24,3,Yes,"12.92700962593399, 77.68838033713043",RMZ Corp Leasing Team,Leasing Head - RMZ Corp,+91-80-40000000,leasing@rmzcorp.com,RMZ Corp,ORR,BLR - Managed Office Space Supply 2026.xlsx,TARGET_EXCEL,Target Excel Import (ORR),July 2026,
ORR,Option 19,Brookfield Properties,Cowrks - Ecospace 3B,Bellandur / ORR,Available on Request / Document Image,Grade A Commercial Space - Unspecified,B+G+5,As per master plan,"40,000 Sft",80% (+/- 2%),1 KVA per 100 Sq. Ft.,1,379.0 Sq. Ft.,379,1F,Pre-Furnished,Unspecified,Immediate,"1:1,000 Sft",Standard Commercial Lease,TBD,Included in rent,TBD,8,6,36,24,3,Yes,"12.92521076949059, 77.68151225062188",Brookfield Properties Leasing Team,Leasing Head - Brookfield Properties,+91-80-40000000,leasing@brookfieldproperties.com,Brookfield Properties,ORR,BLR - Managed Office Space Supply 2026.xlsx,TARGET_EXCEL,Target Excel Import (ORR),July 2026,
ORR,Option 20,Prestige Groups,GoodWorks - GCC Nexus,Kadubeesanahalli - ORR,Available on Request / Document Image,Grade A Commercial Space - Unspecified,B+G+7,As per master plan,"40,000 Sft",80% (+/- 2%),1 KVA per 100 Sq. Ft.,1,Flexible Sq. Ft.,Available on Request,6F,Pre-Furnished,Unspecified,Immediate,"1:1,000 Sft",Standard Commercial Lease,18000.0,Included in rent,TBD,8,6,36,24,3,Yes,"12.942631175172808, 77.69666835062216",Prestige Groups Leasing Team,Leasing Head - Prestige Groups,+91-80-40000000,leasing@prestigegroups.com,Prestige Groups,ORR,BLR - Managed Office Space Supply 2026.xlsx,TARGET_EXCEL,Target Excel Import (ORR),July 2026,
ORR,Option 21,Umiya Holding Pvt. Ltd.,Incubex - Umiya Business Bay,Kadubeesanahalli - ORR,Available on Request / Document Image,Grade A Commercial Space - Unspecified,2B+G+9,As per master plan,"57,397 Sft",80% (+/- 2%),1 KVA per 100 Sq. Ft.,1,850.0 Sq. Ft.,850,5F - Left Wing,Pre-Furnished,Unspecified,Immediate,"1:1,000 Sft",Standard Commercial Lease,9500.0,Included in rent,TBD,8,6,36,24,3,Yes,"12.934603202863697, 77.6944857443697",Umiya Holding Pvt. Ltd. Leasing Team,Leasing Head - Umiya Holding Pvt. Ltd.,+91-80-40000000,leasing@umiyaholdingpvt.ltd..com,Umiya Holding Pvt. Ltd.,ORR,BLR - Managed Office Space Supply 2026.xlsx,TARGET_EXCEL,Target Excel Import (ORR),July 2026,
ORR,Option 22,Sattva Groups,Incubex -  Sattva Hallmark,Kadubeesanahalli - ORR,Available on Request / Document Image,Grade A Commercial Space - Unspecified,Block A - B+G+3 &  Block B - B+G+4+Terrace,As per master plan,"Block A - 64,040, Block B - 43,000 Sft",80% (+/- 2%),1 KVA per 100 Sq. Ft.,1,2000.0 Sq. Ft.,2000,TBD,Pre-Furnished,Unspecified,Immediate,"1:1,000 Sft",Standard Commercial Lease,8500.0,Included in rent,TBD,8,6,36,24,3,Yes,"12.936716239519026, 77.69167079487934",Sattva Groups Leasing Team,Leasing Head - Sattva Groups,+91-80-40000000,leasing@sattvagroups.com,Sattva Groups,ORR,BLR - Managed Office Space Supply 2026.xlsx,TARGET_EXCEL,Target Excel Import (ORR),July 2026,
ORR,Option 23,Independent,IndiQube - IndiQube Edge,Bellandur / ORR,Available on Request / Document Image,Grade A Commercial Space - Unspecified,G+3,As per master plan,"20,000 Sft",80% (+/- 2%),1 KVA per 100 Sq. Ft.,1,Flexible Sq. Ft.,Available on Request,G+3,Pre-Furnished,Unspecified,Immediate,"1:1,000 Sft",Standard Commercial Lease,TBD,Included in rent,TBD,8,6,36,24,3,Yes,"12.922428201147444, 77.66925730829416",Independent Leasing Team,Leasing Head - Independent,+91-80-40000000,leasing@independent.com,Independent,ORR,BLR - Managed Office Space Supply 2026.xlsx,TARGET_EXCEL,Target Excel Import (ORR),July 2026,
ORR,Option 24,Maithri Developers,IndiQube - IndiQube Elevate - Shilpitha Tech Park,Bellandur / Devarabisanahalli,Available on Request / Document Image,Grade A Commercial Space - Unspecified,3B+G+12,As per master plan,"28,000 Sft",80% (+/- 2%),1 KVA per 100 Sq. Ft.,1,667.0 Sq. Ft.,667,4F+6F+10F & 11F,Pre-Furnished,Unspecified,Immediate,"1:1,000 Sft",Standard Commercial Lease,TBD,Included in rent,TBD,8,6,36,24,3,Yes,"12.931645692748054, 77.68533137863399",Maithri Developers Leasing Team,Leasing Head - Maithri Developers,+91-80-40000000,leasing@maithridevelopers.com,Maithri Developers,ORR,BLR - Managed Office Space Supply 2026.xlsx,TARGET_EXCEL,Target Excel Import (ORR),July 2026,
ORR,Option 25,Independent,IndiQube - IndiQube Alpha,Kadubeesanahalli,Available on Request / Document Image,Grade A Commercial Space - Unspecified,G+5,As per master plan,"26,667 Sft",80% (+/- 2%),1 KVA per 100 Sq. Ft.,1,Flexible Sq. Ft.,Available on Request,TBD,Pre-Furnished,Unspecified,Immediate,"1:1,000 Sft",Standard Commercial Lease,TBD,Included in rent,TBD,8,6,36,24,3,Yes,"12.939455381384732, 77.69561255007974",Independent Leasing Team,Leasing Head - Independent,+91-80-40000000,leasing@independent.com,Independent,ORR,BLR - Managed Office Space Supply 2026.xlsx,TARGET_EXCEL,Target Excel Import (ORR),July 2026,
ORR,Option 26,Independent,IndiQube - IndiQube Gamma,Kadubeesanahalli,Available on Request / Document Image,Grade A Commercial Space - Unspecified,G+5,As per master plan,"32,000 Sft",80% (+/- 2%),1 KVA per 100 Sq. Ft.,1,Flexible Sq. Ft.,Available on Request,TBD,Pre-Furnished,Unspecified,Immediate,"1:1,000 Sft",Standard Commercial Lease,TBD,Included in rent,TBD,8,6,36,24,3,Yes,"12.942373869327911, 77.69709586596692",Independent Leasing Team,Leasing Head - Independent,+91-80-40000000,leasing@independent.com,Independent,ORR,BLR - Managed Office Space Supply 2026.xlsx,TARGET_EXCEL,Target Excel Import (ORR),July 2026,
ORR,Option 27,Independent,IndiQube - IndiQube Lakeside - Sri Venkateswara Tower,Bellandur,Available on Request / Document Image,Grade A Commercial Space - Unspecified,B+G+3,As per master plan,"9,000 Sft",80% (+/- 2%),1 KVA per 100 Sq. Ft.,1,Flexible Sq. Ft.,Available on Request,TBD,Pre-Furnished,Unspecified,Immediate,"1:1,000 Sft",Standard Commercial Lease,TBD,Included in rent,TBD,8,6,36,24,3,Yes,"12.924120943944054, 77.67160093794638",Independent Leasing Team,Leasing Head - Independent,+91-80-40000000,leasing@independent.com,Independent,ORR,BLR - Managed Office Space Supply 2026.xlsx,TARGET_EXCEL,Target Excel Import (ORR),July 2026,
ORR,Option 28,Embassy Group,IndiQube - IndiQube ETV - Zinnia 8C,Kadubeesanahalli,Available on Request / Document Image,Grade A Commercial Space - Unspecified,B+G+10,As per master plan,"45,000 Sft",80% (+/- 2%),1 KVA per 100 Sq. Ft.,1,350.0 Sq. Ft.,350,6F+8F (Warm shell),Pre-Furnished,Unspecified,Immediate,"1:1,000 Sft",Standard Commercial Lease,TBD,Included in rent,TBD,8,6,36,24,3,Yes,"12.929205348885981, 77.68977862152651",Embassy Group Leasing Team,Leasing Head - Embassy Group,+91-80-40000000,leasing@embassygroup.com,Embassy Group,ORR,BLR - Managed Office Space Supply 2026.xlsx,TARGET_EXCEL,Target Excel Import (ORR),July 2026,
ORR,Option 29,RMZ Corp,IndiQube - IndiQube RMZ Ecoworld - Campus 32,Bellandur / RMZ Ecoworld,Available on Request / Document Image,Grade A Commercial Space - Unspecified,3B+G+11,As per master plan,"61,000–1,13,000 Sft",80% (+/- 2%),1 KVA per 100 Sq. Ft.,1,Flexible Sq. Ft.,Available on Request,TBD,Pre-Furnished,Unspecified,Immediate,"1:1,000 Sft",Standard Commercial Lease,TBD,Included in rent,TBD,8,6,36,24,3,Yes,"12.920928545214146, 77.68753089933716",RMZ Corp Leasing Team,Leasing Head - RMZ Corp,+91-80-40000000,leasing@rmzcorp.com,RMZ Corp,ORR,BLR - Managed Office Space Supply 2026.xlsx,TARGET_EXCEL,Target Excel Import (ORR),July 2026,
ORR,Option 30,Kalyani Developers Pvt. Ltd,IndiQube - IndiQube - Helios Business Park - Block E,Bellandur / ORR,Available on Request / Document Image,Grade A Commercial Space - Unspecified,4B+G+11,As per master plan,"35,000–56,000 Sft",80% (+/- 2%),1 KVA per 100 Sq. Ft.,1,Flexible Sq. Ft.,Available on Request,TBD,Pre-Furnished,Unspecified,Immediate,"1:1,000 Sft",Standard Commercial Lease,TBD,Included in rent,TBD,8,6,36,24,3,Yes,"12.939061085102468, 77.690402794803",Kalyani Developers Pvt. Ltd Leasing Team,Leasing Head - Kalyani Developers Pvt. Ltd,+91-80-40000000,leasing@kalyanideveloperspvt.ltd.com,Kalyani Developers Pvt. Ltd,ORR,BLR - Managed Office Space Supply 2026.xlsx,TARGET_EXCEL,Target Excel Import (ORR),July 2026,
ORR,Option 31,Independent,IndiQube - IndiQube Treya,Kadubeesanahalli,Available on Request / Document Image,Grade A Commercial Space - Unspecified,2B+G+6,As per master plan,"35,136 Sft",80% (+/- 2%),1 KVA per 100 Sq. Ft.,1,Flexible Sq. Ft.,Available on Request,TBD,Pre-Furnished,Unspecified,Immediate,"1:1,000 Sft",Standard Commercial Lease,TBD,Included in rent,TBD,8,6,36,24,3,Yes,"12.944103789246183, 77.69855455410787",Independent Leasing Team,Leasing Head - Independent,+91-80-40000000,leasing@independent.com,Independent,ORR,BLR - Managed Office Space Supply 2026.xlsx,TARGET_EXCEL,Target Excel Import (ORR),July 2026,
ORR,Option 32,SBR Group,IndiQube - IndiQube Skyline - SBR Towers,Sarjapur–Marathahalli Road,Available on Request / Document Image,Grade A Commercial Space - Unspecified,2B+G+11,As per master plan,"25,000 Sft",80% (+/- 2%),1 KVA per 100 Sq. Ft.,1,631.0 Sq. Ft.,631,2F+4F+6F (Warm Shell),Pre-Furnished,Unspecified,Immediate,"1:1,000 Sft",Standard Commercial Lease,TBD,Included in rent,TBD,8,6,36,24,3,Yes,"12.920241931608686, 77.66598762178563",SBR Group Leasing Team,Leasing Head - SBR Group,+91-80-40000000,leasing@sbrgroup.com,SBR Group,ORR,BLR - Managed Office Space Supply 2026.xlsx,TARGET_EXCEL,Target Excel Import (ORR),July 2026,
ORR,Option 33,Independent,IndiQube - IndiQube Fore,Kodathi - Sarjapur,Available on Request / Document Image,Grade A Commercial Space - Unspecified,2B+G+8,As per master plan,"19,000 Sft",80% (+/- 2%),1 KVA per 100 Sq. Ft.,1,Flexible Sq. Ft.,Available on Request,TBD,Pre-Furnished,Unspecified,Immediate,"1:1,000 Sft",Standard Commercial Lease,TBD,Included in rent,TBD,8,6,36,24,3,Yes,"12.901846251784828, 77.71072793704995",Independent Leasing Team,Leasing Head - Independent,+91-80-40000000,leasing@independent.com,Independent,ORR,BLR - Managed Office Space Supply 2026.xlsx,TARGET_EXCEL,Target Excel Import (ORR),July 2026,
ORR,Option 34,Bren Corporation Pvt. Ltd,IndiQube - IndiQube Zeta - Bren Mercury,Kaikondrahalli -  Sarjapur,Available on Request / Document Image,Grade A Commercial Space - Unspecified,2B+G+6,As per master plan,"20,000 Sft",80% (+/- 2%),1 KVA per 100 Sq. Ft.,1,Flexible Sq. Ft.,Available on Request,3F,Pre-Furnished,Unspecified,Immediate,"1:1,000 Sft",Standard Commercial Lease,TBD,Included in rent,TBD,8,6,36,24,3,Yes,"12.914653736292188, 77.67725387945791",Bren Corporation Pvt. Ltd Leasing Team,Leasing Head - Bren Corporation Pvt. Ltd,+91-80-40000000,leasing@brencorporationpvt.ltd.com,Bren Corporation Pvt. Ltd,ORR,BLR - Managed Office Space Supply 2026.xlsx,TARGET_EXCEL,Target Excel Import (ORR),July 2026,
ORR,Option 35,RMZ / Arliga Ecoworld Infrastructure,IndiQube - EcoWorld Phase II - Tower 2,Bellandur / ORR,Available on Request / Document Image,Grade A Commercial Space - Unspecified,3B+G+10,As per master plan,"100,000 Sft",80% (+/- 2%),1 KVA per 100 Sq. Ft.,1,200.0 Sq. Ft.,200,2F+3F (Warm Shell),Pre-Furnished,Unspecified,Immediate,"1:1,000 Sft",Standard Commercial Lease,TBD,Included in rent,TBD,8,6,36,24,3,Yes,"12.921378596847092, 77.6873320581613",RMZ / Arliga Ecoworld Infrastructure Leasing Team,Leasing Head - RMZ / Arliga Ecoworld Infrastructure,+91-80-40000000,leasing@rmz/arligaecoworldinfrastructure.com,RMZ / Arliga Ecoworld Infrastructure,ORR,BLR - Managed Office Space Supply 2026.xlsx,TARGET_EXCEL,Target Excel Import (ORR),July 2026,
ORR,Option 36,Sattva Groups,IndiQube - Eminence,Kadubeesanahalli - ORR,Available on Request / Document Image,Grade A Commercial Space - Unspecified,2B+G+9,As per master plan,"25,000 Sft",80% (+/- 2%),1 KVA per 100 Sq. Ft.,1,650.0 Sq. Ft.,650,4F+9F (Warm Shell),Pre-Furnished,Unspecified,Immediate,"1:1,000 Sft",Standard Commercial Lease,TBD,Included in rent,TBD,8,6,36,24,3,Yes,"12.944151423974171, 77.69823645062222",Sattva Groups Leasing Team,Leasing Head - Sattva Groups,+91-80-40000000,leasing@sattvagroups.com,Sattva Groups,ORR,BLR - Managed Office Space Supply 2026.xlsx,TARGET_EXCEL,Target Excel Import (ORR),July 2026,
ORR,Option 37,Innovent Spaces Pvt. Ltd,IndiQube - ETA,Mahadevpura / ORR,Available on Request / Document Image,Grade A Commercial Space - Unspecified,3B+G+6,As per master plan,"10,500–12,300 Sft",80% (+/- 2%),1 KVA per 100 Sq. Ft.,1,154.0 Sq. Ft.,154,1F (Warm Shell),Pre-Furnished,Unspecified,Immediate,"1:1,000 Sft",Standard Commercial Lease,TBD,Included in rent,TBD,8,6,36,24,3,Yes,"12.981111261827177, 77.69430853713142",Innovent Spaces Pvt. Ltd Leasing Team,Leasing Head - Innovent Spaces Pvt. Ltd,+91-80-40000000,leasing@innoventspacespvt.ltd.com,Innovent Spaces Pvt. Ltd,ORR,BLR - Managed Office Space Supply 2026.xlsx,TARGET_EXCEL,Target Excel Import (ORR),July 2026,
ORR,Option 38,Mantri Developers Pvt. Ltd.,Innov8 - Mantri Commercio - Tower A,Bellandur / ORR,Available on Request / Document Image,Grade A Commercial Space - Unspecified,B+G+5,As per master plan,"Tower A - 55,000, Tower B - 35,400 Sft",80% (+/- 2%),1 KVA per 100 Sq. Ft.,1,406.0 Sq. Ft.,406,5F,Pre-Furnished,Unspecified,Immediate,"1:1,000 Sft",Standard Commercial Lease,TBD,Included in rent,TBD,8,6,36,24,3,Yes,"12.932158954313989, 77.68366460432694",Mantri Developers Pvt. Ltd. Leasing Team,Leasing Head - Mantri Developers Pvt. Ltd.,+91-80-40000000,leasing@mantrideveloperspvt.ltd..com,Mantri Developers Pvt. Ltd.,ORR,BLR - Managed Office Space Supply 2026.xlsx,TARGET_EXCEL,Target Excel Import (ORR),July 2026,
ORR,Option 39,Prestige Group,Innov8 - Prestige Tech Park – Platina 2,Kadubeesanahalli / ORR,Available on Request / Document Image,Grade A Commercial Space - Unspecified,2B+G+12,As per master plan,"37,424–43,717 Sft",80% (+/- 2%),1 KVA per 100 Sq. Ft.,1,Flexible Sq. Ft.,Available on Request,11F,Pre-Furnished,Unspecified,Immediate,"1:1,000 Sft",Standard Commercial Lease,TBD,Included in rent,TBD,8,6,36,24,3,Yes,"12.943895724210295, 77.69591442363932",Prestige Group Leasing Team,Leasing Head - Prestige Group,+91-80-40000000,leasing@prestigegroup.com,Prestige Group,ORR,BLR - Managed Office Space Supply 2026.xlsx,TARGET_EXCEL,Target Excel Import (ORR),July 2026,
ORR,Option 40,Ranka Group,Innov8 - Ranka Junction,KR Puram / ORR,Available on Request / Document Image,Grade A Commercial Space - Unspecified,B+G+4,As per master plan,"19,513 Sft",80% (+/- 2%),1 KVA per 100 Sq. Ft.,1,150.0 Sq. Ft.,150,1F+2F,Pre-Furnished,Unspecified,Immediate,"1:1,000 Sft",Standard Commercial Lease,6500.0,Included in rent,TBD,8,6,36,24,3,Yes,"12.997876342616859, 77.66960773713161",Ranka Group Leasing Team,Leasing Head - Ranka Group,+91-80-40000000,leasing@rankagroup.com,Ranka Group,ORR,BLR - Managed Office Space Supply 2026.xlsx,TARGET_EXCEL,Target Excel Import (ORR),July 2026,
ORR,Option 41,Maithri Developers,iSprout - Shilpitha Tech Park,Bellandur / ORR,Available on Request / Document Image,Grade A Commercial Space - Unspecified,3B+G+12,As per master plan,"28,000 Sft",80% (+/- 2%),1 KVA per 100 Sq. Ft.,1,Flexible Sq. Ft.,Available on Request,1F+2F+3F & 8F,Pre-Furnished,Unspecified,Immediate,"1:1,000 Sft",Standard Commercial Lease,TBD,Included in rent,TBD,8,6,36,24,3,Yes,"12.931192552158926, 77.68552340829436",Maithri Developers Leasing Team,Leasing Head - Maithri Developers,+91-80-40000000,leasing@maithridevelopers.com,Maithri Developers,ORR,BLR - Managed Office Space Supply 2026.xlsx,TARGET_EXCEL,Target Excel Import (ORR),July 2026,
ORR,Option 42,Novel Group,Novel - Novel MSR Park,Marathahalli / ORR,Available on Request / Document Image,Grade A Commercial Space - Unspecified,B+G+6,As per master plan,"48,570 Sft",80% (+/- 2%),1 KVA per 100 Sq. Ft.,1,Flexible Sq. Ft.,Available on Request,TBD,Pre-Furnished,Unspecified,Immediate,"1:1,000 Sft",Standard Commercial Lease,TBD,Included in rent,TBD,8,6,36,24,3,Yes,"12.956797836684883, 77.69990669954059",Novel Group Leasing Team,Leasing Head - Novel Group,+91-80-40000000,leasing@novelgroup.com,Novel Group,ORR,BLR - Managed Office Space Supply 2026.xlsx,TARGET_EXCEL,Target Excel Import (ORR),July 2026,
ORR,Option 43,Embassy Group,Obeya - Obeya Spruce,Kadubeesanahalli / ORR,Available on Request / Document Image,Grade A Commercial Space - Unspecified,B+G+5,As per master plan,"17,200–22,597 Sft",80% (+/- 2%),1 KVA per 100 Sq. Ft.,1,Flexible Sq. Ft.,Available on Request,TBD,Pre-Furnished,Unspecified,Immediate,"1:1,000 Sft",Standard Commercial Lease,TBD,Included in rent,TBD,8,6,36,24,3,Yes,"12.936730474302232, 77.69325577945826",Embassy Group Leasing Team,Leasing Head - Embassy Group,+91-80-40000000,leasing@embassygroup.com,Embassy Group,ORR,BLR - Managed Office Space Supply 2026.xlsx,TARGET_EXCEL,Target Excel Import (ORR),July 2026,
ORR,Option 44,Independent,Obeya - Obeya Zing - Gayathri Mansion,Bellandur / ORR,Available on Request / Document Image,Grade A Commercial Space - Unspecified,G+4,As per master plan,"1,875 Sft",80% (+/- 2%),1 KVA per 100 Sq. Ft.,1,Flexible Sq. Ft.,Available on Request,4F,Pre-Furnished,Unspecified,Immediate,"1:1,000 Sft",Standard Commercial Lease,TBD,Included in rent,TBD,8,6,36,24,3,Yes,"12.924175777576975, 77.67194409336406",Independent Leasing Team,Leasing Head - Independent,+91-80-40000000,leasing@independent.com,Independent,ORR,BLR - Managed Office Space Supply 2026.xlsx,TARGET_EXCEL,Target Excel Import (ORR),July 2026,
ORR,Option 45,RMZ Corp Holdings Pvt. Ltd,Red Brick - RMZ Ecoworld - Campus 31,Bellandur / ORR,Available on Request / Document Image,Grade A Commercial Space - Unspecified,3B+G+11,As per master plan,"77,000 Sft",80% (+/- 2%),1 KVA per 100 Sq. Ft.,1,Flexible Sq. Ft.,Available on Request,TBD,Pre-Furnished,Unspecified,Immediate,"1:1,000 Sft",Standard Commercial Lease,TBD,Included in rent,TBD,8,6,36,24,3,Yes,"12.924665671225466, 77.68893463188145",RMZ Corp Holdings Pvt. Ltd Leasing Team,Leasing Head - RMZ Corp Holdings Pvt. Ltd,+91-80-40000000,leasing@rmzcorpholdingspvt.ltd.com,RMZ Corp Holdings Pvt. Ltd,ORR,BLR - Managed Office Space Supply 2026.xlsx,TARGET_EXCEL,Target Excel Import (ORR),July 2026,
ORR,Option 46,Prestige Group,Red Brick - Prestige Tech Park - Etamin B Wing,Kadubeesanahalli / ORR,Available on Request / Document Image,Grade A Commercial Space - Unspecified,B+G+9,As per master plan,"79,000 Sft",80% (+/- 2%),1 KVA per 100 Sq. Ft.,1,150.0 Sq. Ft.,150,2F,Pre-Furnished,Unspecified,Immediate,"1:1,000 Sft",Standard Commercial Lease,11000.0,Included in rent,TBD,8,6,36,24,3,Yes,"12.943255356072529, 77.69069703883928",Prestige Group Leasing Team,Leasing Head - Prestige Group,+91-80-40000000,leasing@prestigegroup.com,Prestige Group,ORR,BLR - Managed Office Space Supply 2026.xlsx,TARGET_EXCEL,Target Excel Import (ORR),July 2026,
ORR,Option 47,Kalyani Developers,Red Brick - Helios Business Park - D Block,Kadubeesanahalli / ORR,Available on Request / Document Image,Grade A Commercial Space - Unspecified,4B+G+11,As per master plan,"32,000–53,000 Sft",80% (+/- 2%),1 KVA per 100 Sq. Ft.,1,650.0 Sq. Ft.,650,7F,Pre-Furnished,Unspecified,Immediate,"1:1,000 Sft",Standard Commercial Lease,15000.0,Included in rent,TBD,8,6,36,24,3,Yes,"12.938693547389471, 77.68949507143155",Kalyani Developers Leasing Team,Leasing Head - Kalyani Developers,+91-80-40000000,leasing@kalyanidevelopers.com,Kalyani Developers,ORR,BLR - Managed Office Space Supply 2026.xlsx,TARGET_EXCEL,Target Excel Import (ORR),July 2026,
ORR,Option 48,Prestige Group,Red Brick - Exora Business Park,Kadubeesanahalli / ORR,Available on Request / Document Image,Grade A Commercial Space - Unspecified,2B+G+10,As per master plan,"100,000–150,000 Sft",80% (+/- 2%),1 KVA per 100 Sq. Ft.,1,Flexible Sq. Ft.,Available on Request,TBD,Pre-Furnished,Unspecified,Immediate,"1:1,000 Sft",Standard Commercial Lease,TBD,Included in rent,TBD,8,6,36,24,3,Yes,"12.943382320597225, 77.692503985014",Prestige Group Leasing Team,Leasing Head - Prestige Group,+91-80-40000000,leasing@prestigegroup.com,Prestige Group,ORR,BLR - Managed Office Space Supply 2026.xlsx,TARGET_EXCEL,Target Excel Import (ORR),July 2026,
ORR,Option 49,Embassy Group,Simpliwork  - Embassy Onyx,Bellandur / ORR,Available on Request / Document Image,Grade A Commercial Space - Unspecified,2B+G+9,As per master plan,"12,000–25,000 Sft",80% (+/- 2%),1 KVA per 100 Sq. Ft.,1,1000.0 Sq. Ft.,1000,3F+4F,Pre-Furnished,Unspecified,Immediate,"1:1,000 Sft",Standard Commercial Lease,TBD,Included in rent,TBD,8,6,36,24,3,Yes,"12.931525047448174, 77.68757588391782",Embassy Group Leasing Team,Leasing Head - Embassy Group,+91-80-40000000,leasing@embassygroup.com,Embassy Group,ORR,BLR - Managed Office Space Supply 2026.xlsx,TARGET_EXCEL,Target Excel Import (ORR),July 2026,
ORR,Option 50,Sakti Group,Simpliwork  - Sakti Statesman,Bellandur / ORR,Available on Request / Document Image,Grade A Commercial Space - Unspecified,2B+G+M+10,As per master plan,"20,000 Sft",80% (+/- 2%),1 KVA per 100 Sq. Ft.,1,360.0 Sq. Ft.,360,4F,Pre-Furnished,Unspecified,Immediate,"1:1,000 Sft",Standard Commercial Lease,TBD,Included in rent,TBD,8,6,36,24,3,Yes,"12.924132536229306, 77.66756378012187",Sakti Group Leasing Team,Leasing Head - Sakti Group,+91-80-40000000,leasing@saktigroup.com,Sakti Group,ORR,BLR - Managed Office Space Supply 2026.xlsx,TARGET_EXCEL,Target Excel Import (ORR),July 2026,
ORR,Option 51,RMZ / Arliga Ecoworld Infrastructure,Simpliwork  - RMZ Eco world,Bellandur / ORR,Available on Request / Document Image,Grade A Commercial Space - Unspecified,3B+G+11,As per master plan,"39,000–100,000 Sft",80% (+/- 2%),1 KVA per 100 Sq. Ft.,1,2350.0 Sq. Ft.,2350,9F+11F,Pre-Furnished,Unspecified,Immediate,"1:1,000 Sft",Standard Commercial Lease,TBD,Included in rent,TBD,8,6,36,24,3,Yes,"12.92549191027188, 77.68775822780789",RMZ / Arliga Ecoworld Infrastructure Leasing Team,Leasing Head - RMZ / Arliga Ecoworld Infrastructure,+91-80-40000000,leasing@rmz/arligaecoworldinfrastructure.com,RMZ / Arliga Ecoworld Infrastructure,ORR,BLR - Managed Office Space Supply 2026.xlsx,TARGET_EXCEL,Target Excel Import (ORR),July 2026,
ORR,Option 52,Vaishnavi Group,Smartworks - Vaishnavi Tech Park,Bellandur / ORR,Available on Request / Document Image,Grade A Commercial Space - Unspecified,2B+G+10,As per master plan,"North Tower - 33,770, South Tower - 33,000 Sft",80% (+/- 2%),1 KVA per 100 Sq. Ft.,1,1278.0 Sq. Ft.,1278,GF-7F,Pre-Furnished,Unspecified,Immediate,"1:1,000 Sft",Standard Commercial Lease,TBD,Included in rent,TBD,8,6,36,24,3,Yes,"12.918601561135416, 77.67090590829413",Vaishnavi Group Leasing Team,Leasing Head - Vaishnavi Group,+91-80-40000000,leasing@vaishnavigroup.com,Vaishnavi Group,ORR,BLR - Managed Office Space Supply 2026.xlsx,TARGET_EXCEL,Target Excel Import (ORR),July 2026,
ORR,Option 53,Mapletree India,Smartworks - Global Technology Park – Towers C & D,Bellandur / ORR,Available on Request / Document Image,Grade A Commercial Space - Unspecified,"Tower ""C"" - 2B+G+7 & Tower ""D"" - B+G+11",As per master plan,"Tower ""C"" - 34,625 & Tower ""D"" - 70,000 Sft",80% (+/- 2%),1 KVA per 100 Sq. Ft.,1,90.0 Sq. Ft.,90,GF+1F+3F+5F+6F,Pre-Furnished,Unspecified,Immediate,"1:1,000 Sft",Standard Commercial Lease,TBD,Included in rent,TBD,8,6,36,24,3,Yes,"12.925040356546086, 77.68315960829422",Mapletree India Leasing Team,Leasing Head - Mapletree India,+91-80-40000000,leasing@mapletreeindia.com,Mapletree India,ORR,BLR - Managed Office Space Supply 2026.xlsx,TARGET_EXCEL,Target Excel Import (ORR),July 2026,
ORR,Option 54,Sattva Group,Smartworks - Sattva Aura – Block A & B,Kadubeesanahalli / ORR,Available on Request / Document Image,Grade A Commercial Space - Unspecified,"Block ""A"" - 2B+G+6 & Block ""B"" - 2B+G+6",As per master plan,"Block ""A"" - 22,000 & Block ""B"" - 42,000 - 45,191Sft",80% (+/- 2%),1 KVA per 100 Sq. Ft.,1,530.0 Sq. Ft.,530,GF-6F (Warm Shell),Pre-Furnished,Unspecified,Immediate,"1:1,000 Sft",Standard Commercial Lease,TBD,Included in rent,TBD,8,6,36,24,3,Yes,"12.937281024116706, 77.69104824916718",Sattva Group Leasing Team,Leasing Head - Sattva Group,+91-80-40000000,leasing@sattvagroup.com,Sattva Group,ORR,BLR - Managed Office Space Supply 2026.xlsx,TARGET_EXCEL,Target Excel Import (ORR),July 2026,
ORR,Option 55,MSR Developers,Smartworks - MSR Tech Zone,Marathahalli / ORR,Available on Request / Document Image,Grade A Commercial Space - Unspecified,2B+G+8,As per master plan,"58,000–64,000 sft",80% (+/- 2%),1 KVA per 100 Sq. Ft.,1,2648.0 Sq. Ft.,2648,GF-6F (Warm Shell),Pre-Furnished,Unspecified,Immediate,"1:1,000 Sft",Standard Commercial Lease,TBD,Included in rent,TBD,8,6,36,24,3,Yes,"12.955273919872742, 77.70106911538734",MSR Developers Leasing Team,Leasing Head - MSR Developers,+91-80-40000000,leasing@msrdevelopers.com,MSR Developers,ORR,BLR - Managed Office Space Supply 2026.xlsx,TARGET_EXCEL,Target Excel Import (ORR),July 2026,
ORR,Option 56,Prestige Group,Table Space - Prestige Lakeshore Drive,Bellandur / ORR,Available on Request / Document Image,Grade A Commercial Space - Unspecified,2B+G+10,As per master plan,"42,748–67,038 Sft",80% (+/- 2%),1 KVA per 100 Sq. Ft.,1,Flexible Sq. Ft.,Available on Request,GF,Pre-Furnished,Unspecified,Immediate,"1:1,000 Sft",Standard Commercial Lease,TBD,Included in rent,TBD,8,6,36,24,3,Yes,"12.935740833775586, 77.67762823797834",Prestige Group Leasing Team,Leasing Head - Prestige Group,+91-80-40000000,leasing@prestigegroup.com,Prestige Group,ORR,BLR - Managed Office Space Supply 2026.xlsx,TARGET_EXCEL,Target Excel Import (ORR),July 2026,
ORR,Option 57,Prestige Group,Table Space - Exora Business Park - Etamin,Bellandur / ORR,Available on Request / Document Image,Grade A Commercial Space - Unspecified,B+G+9,As per master plan,"79,000 Sft",80% (+/- 2%),1 KVA per 100 Sq. Ft.,1,565.0 Sq. Ft.,565,1F,Pre-Furnished,Unspecified,Immediate,"1:1,000 Sft",Standard Commercial Lease,TBD,Included in rent,TBD,8,6,36,24,3,Yes,"12.943929024179516, 77.69102136596693",Prestige Group Leasing Team,Leasing Head - Prestige Group,+91-80-40000000,leasing@prestigegroup.com,Prestige Group,ORR,BLR - Managed Office Space Supply 2026.xlsx,TARGET_EXCEL,Target Excel Import (ORR),July 2026,
ORR,Option 58,Zonasha Estates & Projects Pvt. Ltd,Table Space - Zonasha Frontier,Mahadevpura / ORR,Available on Request / Document Image,Grade A Commercial Space - Unspecified,3B+G+7,As per master plan,"61,000–77,000 Sft",80% (+/- 2%),1 KVA per 100 Sq. Ft.,1,Flexible Sq. Ft.,Available on Request,6F,Pre-Furnished,Unspecified,Immediate,"1:1,000 Sft",Standard Commercial Lease,TBD,Included in rent,TBD,8,6,36,24,3,Yes,"12.975679314379505, 77.69617922178656",Zonasha Estates & Projects Pvt. Ltd Leasing Team,Leasing Head - Zonasha Estates & Projects Pvt. Ltd,+91-80-40000000,leasing@zonashaestates&projectspvt.ltd.com,Zonasha Estates & Projects Pvt. Ltd,ORR,BLR - Managed Office Space Supply 2026.xlsx,TARGET_EXCEL,Target Excel Import (ORR),July 2026,
ORR,Option 59,Gopalan Enterprises,Table Space - Gopalan Fortune City,Mahadevpura / ORR,Available on Request / Document Image,Grade A Commercial Space - Unspecified,2B+G+11,As per master plan,"94,378 Sft",80% (+/- 2%),1 KVA per 100 Sq. Ft.,1,650.0 Sq. Ft.,650,10F+11F,Pre-Furnished,Unspecified,Immediate,"1:1,000 Sft",Standard Commercial Lease,TBD,Included in rent,TBD,8,6,36,24,3,Yes,"12.983036369685884, 77.68964108131232",Gopalan Enterprises Leasing Team,Leasing Head - Gopalan Enterprises,+91-80-40000000,leasing@gopalanenterprises.com,Gopalan Enterprises,ORR,BLR - Managed Office Space Supply 2026.xlsx,TARGET_EXCEL,Target Excel Import (ORR),July 2026,
ORR,Option 60,Embassy Group,Table Space - Embassy Onyx,Bellandur / ORR,Available on Request / Document Image,Grade A Commercial Space - Unspecified,2B+G+9,As per master plan,"12,000–25,000 Sft",80% (+/- 2%),1 KVA per 100 Sq. Ft.,1,Flexible Sq. Ft.,Available on Request,8F,Pre-Furnished,Unspecified,Immediate,"1:1,000 Sft",Standard Commercial Lease,TBD,Included in rent,TBD,8,6,36,24,3,Yes,"12.930366923117875, 77.69149425062199",Embassy Group Leasing Team,Leasing Head - Embassy Group,+91-80-40000000,leasing@embassygroup.com,Embassy Group,ORR,BLR - Managed Office Space Supply 2026.xlsx,TARGET_EXCEL,Target Excel Import (ORR),July 2026,
ORR,Option 61,Kalyani Developers,Urban Vault - Helios Business Park - D Block,Kadubeesanahalli / ORR,Available on Request / Document Image,Grade A Commercial Space - Unspecified,4B + G + 11,As per master plan,"32,000–53,000 Sft",80% (+/- 2%),1 KVA per 100 Sq. Ft.,1,1500.0 Sq. Ft.,1500,2F,Pre-Furnished,Unspecified,Immediate,"1:1,000 Sft",Standard Commercial Lease,13000.0,Included in rent,TBD,8,6,36,24,3,Yes,"12.938978128507095, 77.69004158465539",Kalyani Developers Leasing Team,Leasing Head - Kalyani Developers,+91-80-40000000,leasing@kalyanidevelopers.com,Kalyani Developers,ORR,BLR - Managed Office Space Supply 2026.xlsx,TARGET_EXCEL,Target Excel Import (ORR),July 2026,
ORR,Option 62,Zonasha Estates & Projects Pvt. Ltd,Urban Vault - Mahadevapura,Mahadevapura,Available on Request / Document Image,Grade A Commercial Space - Unspecified,3B+G+7,As per master plan,"61,000–77,227 Sft",80% (+/- 2%),1 KVA per 100 Sq. Ft.,1,Flexible Sq. Ft.,Available on Request,6F,Pre-Furnished,Unspecified,Immediate,"1:1,000 Sft",Standard Commercial Lease,TBD,Included in rent,TBD,8,6,36,24,3,Yes,"12.980346495288597, 77.6946656362809",Zonasha Estates & Projects Pvt. Ltd Leasing Team,Leasing Head - Zonasha Estates & Projects Pvt. Ltd,+91-80-40000000,leasing@zonashaestates&projectspvt.ltd.com,Zonasha Estates & Projects Pvt. Ltd,ORR,BLR - Managed Office Space Supply 2026.xlsx,TARGET_EXCEL,Target Excel Import (ORR),July 2026,
ORR,Option 63,Prestige Group,Wework - Prestige Tech Park - Jupiter Block,Marathahalli / ORR,Available on Request / Document Image,Grade A Commercial Space - Unspecified,B+G+7,As per master plan,"40,000 Sft",80% (+/- 2%),1 KVA per 100 Sq. Ft.,1,1985.0 Sq. Ft.,1985,4F,Pre-Furnished,Unspecified,Immediate,"1:1,000 Sft",Standard Commercial Lease,TBD,Included in rent,TBD,8,6,36,24,3,Yes,"12.94244626926413, 77.6946466082945",Prestige Group Leasing Team,Leasing Head - Prestige Group,+91-80-40000000,leasing@prestigegroup.com,Prestige Group,ORR,BLR - Managed Office Space Supply 2026.xlsx,TARGET_EXCEL,Target Excel Import (ORR),July 2026,
ORR,Option 64,Kalyani Developers,Wework - Roshni Tech Hub,Marathahalli / ORR,Available on Request / Document Image,Grade A Commercial Space - Unspecified,2B+G+7,As per master plan,"40,000 Sft",80% (+/- 2%),1 KVA per 100 Sq. Ft.,1,5428.0 Sq. Ft.,5428,TBD,Pre-Furnished,Unspecified,Immediate,"1:1,000 Sft",Standard Commercial Lease,TBD,Included in rent,TBD,8,6,36,24,3,Yes,"12.963589339814941, 77.70215883713108",Kalyani Developers Leasing Team,Leasing Head - Kalyani Developers,+91-80-40000000,leasing@kalyanidevelopers.com,Kalyani Developers,ORR,BLR - Managed Office Space Supply 2026.xlsx,TARGET_EXCEL,Target Excel Import (ORR),July 2026,
ORR,Option 65,Sattva Group,Wework - Salarpuria Magnificia,Mahadevpura / ORR,Available on Request / Document Image,Grade A Commercial Space - Unspecified,2B+G+13,As per master plan,"20,734 Sft",80% (+/- 2%),1 KVA per 100 Sq. Ft.,1,948.0 Sq. Ft.,948,TBD,Pre-Furnished,Unspecified,Immediate,"1:1,000 Sft",Standard Commercial Lease,TBD,Included in rent,TBD,8,6,36,24,3,Yes,"12.996165905701284, 77.66922659480399",Sattva Group Leasing Team,Leasing Head - Sattva Group,+91-80-40000000,leasing@sattvagroup.com,Sattva Group,ORR,BLR - Managed Office Space Supply 2026.xlsx,TARGET_EXCEL,Target Excel Import (ORR),July 2026,
ORR,Option 66,Vaishnavi Group,Wework - Vaishnavi Signature,Bellandur / ORR,Available on Request / Document Image,Grade A Commercial Space - Unspecified,2B+G+10,As per master plan,"25,000 Sft",80% (+/- 2%),1 KVA per 100 Sq. Ft.,1,4273.0 Sq. Ft.,4273,TBD,Pre-Furnished,Unspecified,Immediate,"1:1,000 Sft",Standard Commercial Lease,TBD,Included in rent,TBD,8,6,36,24,3,Yes,"12.925745583435548, 77.67452746038491",Vaishnavi Group Leasing Team,Leasing Head - Vaishnavi Group,+91-80-40000000,leasing@vaishnavigroup.com,Vaishnavi Group,ORR,BLR - Managed Office Space Supply 2026.xlsx,TARGET_EXCEL,Target Excel Import (ORR),July 2026,
ORR,Option 67,Embassy Group,Wework - ETV L Block - Embassy TechVillage,Bellandur / ORR,Available on Request / Document Image,Grade A Commercial Space - Unspecified,B+G+5,As per master plan,"26,285 Sft",80% (+/- 2%),1 KVA per 100 Sq. Ft.,1,2459.0 Sq. Ft.,2459,TBD,Pre-Furnished,Unspecified,Immediate,"1:1,000 Sft",Standard Commercial Lease,TBD,Included in rent,TBD,8,6,36,24,3,Yes,"12.92695333984948, 77.69230292178575",Embassy Group Leasing Team,Leasing Head - Embassy Group,+91-80-40000000,leasing@embassygroup.com,Embassy Group,ORR,BLR - Managed Office Space Supply 2026.xlsx,TARGET_EXCEL,Target Excel Import (ORR),July 2026,
ORR,Option 68,Embassy Group,Wework - ETV Zinnia 8C - Embassy Tech Village,Bellandur / ORR,Available on Request / Document Image,Grade A Commercial Space - Unspecified,B+G+10,As per master plan,"30,000–45,000 Sft",80% (+/- 2%),1 KVA per 100 Sq. Ft.,1,1638.0 Sq. Ft.,1638,TBD,Pre-Furnished,Unspecified,Immediate,"1:1,000 Sft",Standard Commercial Lease,TBD,Included in rent,TBD,8,6,36,24,3,Yes,"12.929341037646623, 77.68933956596673",Embassy Group Leasing Team,Leasing Head - Embassy Group,+91-80-40000000,leasing@embassygroup.com,Embassy Group,ORR,BLR - Managed Office Space Supply 2026.xlsx,TARGET_EXCEL,Target Excel Import (ORR),July 2026,
ORR,Option 69,BS Tech Park,WorkEZ Techshire - BS Tech Park,Bellandur / ORR,Available on Request / Document Image,Grade A Commercial Space - Unspecified,4B+G+7,As per master plan,"29,000 Sft",80% (+/- 2%),1 KVA per 100 Sq. Ft.,1,3400.0 Sq. Ft.,3400,GF-7F,Pre-Furnished,Unspecified,Immediate,"1:1,000 Sft",Standard Commercial Lease,TBD,Included in rent,TBD,8,6,36,24,3,Yes,"12.931335822304993, 77.68724397945817",BS Tech Park Leasing Team,Leasing Head - BS Tech Park,+91-80-40000000,leasing@bstechpark.com,BS Tech Park,ORR,BLR - Managed Office Space Supply 2026.xlsx,TARGET_EXCEL,Target Excel Import (ORR),July 2026,
ORR,Option 70,Sattva Group,Workshaala Cosmic -  Sattva Hallmark,Kadubeesanahalli / ORR,Available on Request / Document Image,Grade A Commercial Space - Unspecified,Block A - B+G+3 &  Block B - B+G+4+Terrace,As per master plan,"Block A - 64,040, Block B - 43,000 Sft",80% (+/- 2%),1 KVA per 100 Sq. Ft.,1,2500.0 Sq. Ft.,2500,GF-3F,Pre-Furnished,Unspecified,Immediate,"1:1,000 Sft",Standard Commercial Lease,8499.0,Included in rent,TBD,8,6,36,24,3,Yes,"12.937185871530147, 77.69160677945825",Sattva Group Leasing Team,Leasing Head - Sattva Group,+91-80-40000000,leasing@sattvagroup.com,Sattva Group,ORR,BLR - Managed Office Space Supply 2026.xlsx,TARGET_EXCEL,Target Excel Import (ORR),July 2026,
ORR,Option 71,Kalyani Developers Pvt. Ltd,"CorporatEdge - Helios Business Park, Wing D",Kadubeesanahalli / ORR,Available on Request / Document Image,Grade A Commercial Space - Unspecified,4B+G+11,As per master plan,"32,000–53,000 Sft",80% (+/- 2%),1 KVA per 100 Sq. Ft.,1,850.0 Sq. Ft.,850,5F,Pre-Furnished,Unspecified,Immediate,"1:1,000 Sft",Standard Commercial Lease,15000.0,Included in rent,TBD,8,6,36,24,3,Yes,"12.937594017053243, 77.68897673713059",Kalyani Developers Pvt. Ltd Leasing Team,Leasing Head - Kalyani Developers Pvt. Ltd,+91-80-40000000,leasing@kalyanideveloperspvt.ltd.com,Kalyani Developers Pvt. Ltd,ORR,BLR - Managed Office Space Supply 2026.xlsx,TARGET_EXCEL,Target Excel Import (ORR),July 2026,
WF,Option 1,Trifecta Projects,91Springboard - Trifecta Adatto,"ITPL Main Rd, Garudachar Palya",Available on Request / Document Image,Grade A Commercial Space - Unspecified,2B+G+13,As per master plan,"16,963–28,096 Sft",80% (+/- 2%),1 KVA per 100 Sq. Ft.,1,40.0 Sq. Ft.,40,4F,Pre-Furnished,Unspecified,Immediate,"1:1,000 Sft",Standard Commercial Lease,TBD,Included in rent,TBD,8,6,36,24,3,Yes,"12.993910056249899, 77.6992724708445",Trifecta Projects Leasing Team,Leasing Head - Trifecta Projects,+91-80-40000000,leasing@trifectaprojects.com,Trifecta Projects,WF,BLR - Managed Office Space Supply 2026.xlsx,TARGET_EXCEL,Target Excel Import (WF),July 2026,
WF,Option 2,Sattva Group,"315Work Avenue - WHF -1 Salarpuria GR Tech Park, Vayu Block",Whitefield Main Road,Available on Request / Document Image,Grade A Commercial Space - Unspecified,B+G+7,As per master plan,"34,382 Sft",80% (+/- 2%),1 KVA per 100 Sq. Ft.,1,50.0 Sq. Ft.,50,4F,Pre-Furnished,Unspecified,Immediate,"1:1,000 Sft",Standard Commercial Lease,9500.0,Included in rent,TBD,8,6,36,24,3,Yes,"12.98792694377992, 77.74231475657929",Sattva Group Leasing Team,Leasing Head - Sattva Group,+91-80-40000000,leasing@sattvagroup.com,Sattva Group,WF,BLR - Managed Office Space Supply 2026.xlsx,TARGET_EXCEL,Target Excel Import (WF),July 2026,
WF,Option 3,Brigade Enterprises Ltd,"315Work Avenue -  WHF -2, Brigade Summit – Tower A",Garudacharpalya Metro Station,Available on Request / Document Image,Grade A Commercial Space - Unspecified,2B+G+12,As per master plan,"22,001 Sft",80% (+/- 2%),1 KVA per 100 Sq. Ft.,1,7.0 Sq. Ft.,7,3F,Pre-Furnished,Unspecified,Immediate,"1:1,000 Sft",Standard Commercial Lease,9500.0,Included in rent,TBD,8,6,36,24,3,Yes,"12.996529200917378, 77.70355224683708",Brigade Enterprises Ltd Leasing Team,Leasing Head - Brigade Enterprises Ltd,+91-80-40000000,leasing@brigadeenterprisesltd.com,Brigade Enterprises Ltd,WF,BLR - Managed Office Space Supply 2026.xlsx,TARGET_EXCEL,Target Excel Import (WF),July 2026,
WF,Option 4,Rathi Associates,315Work Avenue - 315Work Avenue WHF4 - Rathi Legacy,Hoodi Road,Available on Request / Document Image,Grade A Commercial Space - Unspecified,2B + G + 11,As per master plan,"20,000 Sft",80% (+/- 2%),1 KVA per 100 Sq. Ft.,1,Flexible Sq. Ft.,Available on Request,TBD,Pre-Furnished,Unspecified,Immediate,"1:1,000 Sft",Standard Commercial Lease,9500.0,Included in rent,TBD,8,6,36,24,3,Yes,"12.986209778956406, 77.70919092915467",Rathi Associates Leasing Team,Leasing Head - Rathi Associates,+91-80-40000000,leasing@rathiassociates.com,Rathi Associates,WF,BLR - Managed Office Space Supply 2026.xlsx,TARGET_EXCEL,Target Excel Import (WF),July 2026,
WF,Option 5,Prestige Estates Projects Ltd,Awfis - AWFIS Prestige Shantiniketan-1 -     TOWER-B,"ITPL Main Rd, Whitefield",Available on Request / Document Image,Grade A Commercial Space - Unspecified,2B+G+16,As per master plan,"25,404 Sft",80% (+/- 2%),1 KVA per 100 Sq. Ft.,1,65.0 Sq. Ft.,65,10F,Pre-Furnished,Unspecified,Immediate,"1:1,000 Sft",Standard Commercial Lease,9000.0,Included in rent,TBD,8,6,36,24,3,Yes,"12.99157096718339, 77.72933032216386",Prestige Estates Projects Ltd Leasing Team,Leasing Head - Prestige Estates Projects Ltd,+91-80-40000000,leasing@prestigeestatesprojectsltd.com,Prestige Estates Projects Ltd,WF,BLR - Managed Office Space Supply 2026.xlsx,TARGET_EXCEL,Target Excel Import (WF),July 2026,
WF,Option 6,Prestige Estates Projects Ltd,Awfis - AWFIS Prestige Shantiniketan-2 -  Crescent 3,"ITPL Main Rd, Whitefield",Available on Request / Document Image,Grade A Commercial Space - Unspecified,2B+G+16,As per master plan,"25,404 Sft",80% (+/- 2%),1 KVA per 100 Sq. Ft.,1,156.0 Sq. Ft.,156,12F,Pre-Furnished,Unspecified,Immediate,"1:1,000 Sft",Standard Commercial Lease,9000.0,Included in rent,TBD,8,6,36,24,3,Yes,"12.990053128946723, 77.73092290219483",Prestige Estates Projects Ltd Leasing Team,Leasing Head - Prestige Estates Projects Ltd,+91-80-40000000,leasing@prestigeestatesprojectsltd.com,Prestige Estates Projects Ltd,WF,BLR - Managed Office Space Supply 2026.xlsx,TARGET_EXCEL,Target Excel Import (WF),July 2026,
WF,Option 7,Prestige Estates Projects Ltd,Awfis - AWFIS Prestige Shantiniketan-3 -  Crescent 4,"ITPL Main Rd, Whitefield",Available on Request / Document Image,Grade A Commercial Space - Unspecified,2B+G+16,As per master plan,"25,404 Sft",80% (+/- 2%),1 KVA per 100 Sq. Ft.,1,310.0 Sq. Ft.,310,3F,Pre-Furnished,Unspecified,Immediate,"1:1,000 Sft",Standard Commercial Lease,9000.0,Included in rent,TBD,8,6,36,24,3,Yes,"12.991611828135376, 77.72984752912073",Prestige Estates Projects Ltd Leasing Team,Leasing Head - Prestige Estates Projects Ltd,+91-80-40000000,leasing@prestigeestatesprojectsltd.com,Prestige Estates Projects Ltd,WF,BLR - Managed Office Space Supply 2026.xlsx,TARGET_EXCEL,Target Excel Import (WF),July 2026,
WF,Option 8,Brigade Enterprises Ltd,Awfis - AWFIS Brigade Metropolis Summit - B,"ITPL Main Rd,  Garudachar Palya",Available on Request / Document Image,Grade A Commercial Space - Unspecified,2B+G+16,As per master plan,"45,000 Sft",80% (+/- 2%),1 KVA per 100 Sq. Ft.,1,Flexible Sq. Ft.,Available on Request,11F + 12F,Pre-Furnished,Unspecified,Immediate,"1:1,000 Sft",Standard Commercial Lease,9000.0,Included in rent,TBD,8,6,36,24,3,Yes,"12.99233793908836, 77.70350501754633",Brigade Enterprises Ltd Leasing Team,Leasing Head - Brigade Enterprises Ltd,+91-80-40000000,leasing@brigadeenterprisesltd.com,Brigade Enterprises Ltd,WF,BLR - Managed Office Space Supply 2026.xlsx,TARGET_EXCEL,Target Excel Import (WF),July 2026,
WF,Option 9,Sattva Group,Awfis - AWFIS GR Tech Park - Vayu Block,"Pattandur Agrahara, Whitefield",Available on Request / Document Image,Grade A Commercial Space - Unspecified,B+G+7,As per master plan,"34,382 Sft",80% (+/- 2%),1 KVA per 100 Sq. Ft.,1,298.0 Sq. Ft.,298,1F,Pre-Furnished,Unspecified,Immediate,"1:1,000 Sft",Standard Commercial Lease,9000.0,Included in rent,TBD,8,6,36,24,3,Yes,"12.986248853327204, 77.74295275700457",Sattva Group Leasing Team,Leasing Head - Sattva Group,+91-80-40000000,leasing@sattvagroup.com,Sattva Group,WF,BLR - Managed Office Space Supply 2026.xlsx,TARGET_EXCEL,Target Excel Import (WF),July 2026,
WF,Option 10,Sumadhura Group,Awfis - Awfis Sumadhura  Capitol - Tower - 2,"Pattandur Agrahara, Whitefield",Available on Request / Document Image,Grade A Commercial Space - Unspecified,3B + G + 11,As per master plan,"110,000–130,000 Sft",80% (+/- 2%),1 KVA per 100 Sq. Ft.,1,144.0 Sq. Ft.,144,4F,Pre-Furnished,Unspecified,Immediate,"1:1,000 Sft",Standard Commercial Lease,14000.0,Included in rent,TBD,8,6,36,24,3,Yes,"12.98574417386881, 77.74834690029577",Sumadhura Group Leasing Team,Leasing Head - Sumadhura Group,+91-80-40000000,leasing@sumadhuragroup.com,Sumadhura Group,WF,BLR - Managed Office Space Supply 2026.xlsx,TARGET_EXCEL,Target Excel Import (WF),July 2026,
WF,Option 11,Concorde Group,Bhive - BHIVE Platinum Concorde,Whitefield Campus,Available on Request / Document Image,Grade A Commercial Space - Unspecified,G+4,As per master plan,"27,000–28,000 Sft",80% (+/- 2%),1 KVA per 100 Sq. Ft.,1,2120.0 Sq. Ft.,2120,TBD,Pre-Furnished,Unspecified,Immediate,"1:1,000 Sft",Standard Commercial Lease,11400.0,Included in rent,TBD,8,6,36,24,3,Yes,"12.975600383233266, 77.7070947204955",Concorde Group Leasing Team,Leasing Head - Concorde Group,+91-80-40000000,leasing@concordegroup.com,Concorde Group,WF,BLR - Managed Office Space Supply 2026.xlsx,TARGET_EXCEL,Target Excel Import (WF),July 2026,
WF,Option 12,JBR,Bhive - BHIVE Premium - JBR Tech Park,Whitefield Campus,Available on Request / Document Image,Grade A Commercial Space - Unspecified,B+G+8,As per master plan,"20,000 Sft",80% (+/- 2%),1 KVA per 100 Sq. Ft.,1,975.0 Sq. Ft.,975,TBD,Pre-Furnished,Unspecified,Immediate,"1:1,000 Sft",Standard Commercial Lease,9700.0,Included in rent,TBD,8,6,36,24,3,Yes,"12.978506146970624, 77.72773407945898",JBR Leasing Team,Leasing Head - JBR,+91-80-40000000,leasing@jbr.com,JBR,WF,BLR - Managed Office Space Supply 2026.xlsx,TARGET_EXCEL,Target Excel Import (WF),July 2026,
WF,Option 13,Brigade Enterprises Ltd,Bhive - BHIVE Premium Brigade Metropolis,Mahadevapura,Available on Request / Document Image,Grade A Commercial Space - Unspecified,"Summit A - 2B+G+12, Summit B - 2B+G+16",As per master plan,"Summit A - 22,001 Sft, Summit B - 45,000 Sft",80% (+/- 2%),1 KVA per 100 Sq. Ft.,1,140.0 Sq. Ft.,140,"Summit A-8F, Summit B-7F",Pre-Furnished,Unspecified,Immediate,"1:1,000 Sft",Standard Commercial Lease,9800.0,Included in rent,TBD,8,6,36,24,3,Yes,"12.993047916250255, 77.70347812364011",Brigade Enterprises Ltd Leasing Team,Leasing Head - Brigade Enterprises Ltd,+91-80-40000000,leasing@brigadeenterprisesltd.com,Brigade Enterprises Ltd,WF,BLR - Managed Office Space Supply 2026.xlsx,TARGET_EXCEL,Target Excel Import (WF),July 2026,
WF,Option 14,Brigade Group,Bizzhub - Novaire - Brigade Tech Park - Block B,"Pattandur Agrahara, Whitefield",Available on Request / Document Image,Grade A Commercial Space - Unspecified,B+G+9,As per master plan,"50,500 Sft",80% (+/- 2%),1 KVA per 100 Sq. Ft.,1,600.0 Sq. Ft.,600,TBD,Pre-Furnished,Unspecified,Immediate,"1:1,000 Sft",Standard Commercial Lease,8000.0,Included in rent,TBD,8,6,36,24,3,Yes,"12.98686144845045, 77.74013428894773",Brigade Group Leasing Team,Leasing Head - Brigade Group,+91-80-40000000,leasing@brigadegroup.com,Brigade Group,WF,BLR - Managed Office Space Supply 2026.xlsx,TARGET_EXCEL,Target Excel Import (WF),July 2026,
WF,Option 15,Total Environment Building Systems Pvt. Ltd,ClayWorks - Pursuit of a Radical Rhapsody (Total Environment) - Tower T9,"Hoodi Main Road, Whitefield",Available on Request / Document Image,Grade A Commercial Space - Unspecified,3B + G + 19,As per master plan,"2,700 - 3,000 Sft",80% (+/- 2%),1 KVA per 100 Sq. Ft.,1,3300.0 Sq. Ft.,3300,TBD,Pre-Furnished,Unspecified,Immediate,"1:1,000 Sft",Standard Commercial Lease,15000.0,Included in rent,TBD,8,6,36,24,3,Yes,"12.98932790320957, 77.71977440524155",Total Environment Building Systems Pvt. Ltd Leasing Team,Leasing Head - Total Environment Building Systems Pvt. Ltd,+91-80-40000000,leasing@totalenvironmentbuildingsystemspvt.ltd.com,Total Environment Building Systems Pvt. Ltd,WF,BLR - Managed Office Space Supply 2026.xlsx,TARGET_EXCEL,Target Excel Import (WF),July 2026,
WF,Option 16,Sattva Group,ClayWorks - Sattva GR Tech Park,"Pattandur Agrahara, Whitefield",Available on Request / Document Image,Grade A Commercial Space - Unspecified,B+G+11,As per master plan,"30,000–48,000 Sft",80% (+/- 2%),1 KVA per 100 Sq. Ft.,1,1100.0 Sq. Ft.,1100,GF+1F,Pre-Furnished,Unspecified,Immediate,"1:1,000 Sft",Standard Commercial Lease,12500.0,Included in rent,TBD,8,6,36,24,3,Yes,"12.9866549697816, 77.74325614976067",Sattva Group Leasing Team,Leasing Head - Sattva Group,+91-80-40000000,leasing@sattvagroup.com,Sattva Group,WF,BLR - Managed Office Space Supply 2026.xlsx,TARGET_EXCEL,Target Excel Import (WF),July 2026,
WF,Option 17,RMZ Corp,Cowrks - Centennial Tower C,Whitefield,Available on Request / Document Image,Grade A Commercial Space - Unspecified,G+7,As per master plan,"42,000–45,000 Sft",80% (+/- 2%),1 KVA per 100 Sq. Ft.,1,89.0 Sq. Ft.,89,TBD,Pre-Furnished,Unspecified,Immediate,"1:1,000 Sft",Standard Commercial Lease,TBD,Included in rent,TBD,8,6,36,24,3,Yes,"12.976467194192768, 77.71188676945195",RMZ Corp Leasing Team,Leasing Head - RMZ Corp,+91-80-40000000,leasing@rmzcorp.com,RMZ Corp,WF,BLR - Managed Office Space Supply 2026.xlsx,TARGET_EXCEL,Target Excel Import (WF),July 2026,
WF,Option 18,RMZ Corp,Cowrks - Centennial Tower D,Whitefield,Available on Request / Document Image,Grade A Commercial Space - Unspecified,B+G+6,As per master plan,"48,825 Sft",80% (+/- 2%),1 KVA per 100 Sq. Ft.,1,162.0 Sq. Ft.,162,5F,Pre-Furnished,Unspecified,Immediate,"1:1,000 Sft",Standard Commercial Lease,TBD,Included in rent,TBD,8,6,36,24,3,Yes,"12.976540167291722, 77.71202263316282",RMZ Corp Leasing Team,Leasing Head - RMZ Corp,+91-80-40000000,leasing@rmzcorp.com,RMZ Corp,WF,BLR - Managed Office Space Supply 2026.xlsx,TARGET_EXCEL,Target Excel Import (WF),July 2026,
WF,Option 19,RMZ Corp,Cowrks - RMZ Nxt Tower - 1B,Whitefield,Available on Request / Document Image,Grade A Commercial Space - Unspecified,B+G+5,As per master plan,"32,598 Sft",80% (+/- 2%),1 KVA per 100 Sq. Ft.,1,30.0 Sq. Ft.,30,TBD,Pre-Furnished,Unspecified,Immediate,"1:1,000 Sft",Standard Commercial Lease,TBD,Included in rent,TBD,8,6,36,24,3,Yes,"12.97831618227221, 77.71325978810538",RMZ Corp Leasing Team,Leasing Head - RMZ Corp,+91-80-40000000,leasing@rmzcorp.com,RMZ Corp,WF,BLR - Managed Office Space Supply 2026.xlsx,TARGET_EXCEL,Target Excel Import (WF),July 2026,
WF,Option 20,Jayalakshmi Group,GoodWorks - Akshay Tech Park,Whitefield,Available on Request / Document Image,Grade A Commercial Space - Unspecified,B+G+4,As per master plan,"27,000 Sft",80% (+/- 2%),1 KVA per 100 Sq. Ft.,1,159.0 Sq. Ft.,159,2F + 4F,Pre-Furnished,Unspecified,Immediate,"1:1,000 Sft",Standard Commercial Lease,7500.0,Included in rent,TBD,8,6,36,24,3,Yes,"12.979654020473435, 77.72453151657342",Jayalakshmi Group Leasing Team,Leasing Head - Jayalakshmi Group,+91-80-40000000,leasing@jayalakshmigroup.com,Jayalakshmi Group,WF,BLR - Managed Office Space Supply 2026.xlsx,TARGET_EXCEL,Target Excel Import (WF),July 2026,
WF,Option 21,Sumadhura Group,IndiQube - Indiqube Capitol - Tower - 2,Whitefield,Available on Request / Document Image,Grade A Commercial Space - Unspecified,3B + G + 11,As per master plan,"110,000–130,000 Sft",80% (+/- 2%),1 KVA per 100 Sq. Ft.,1,100.0 Sq. Ft.,100,10F,Pre-Furnished,Unspecified,Immediate,"1:1,000 Sft",Standard Commercial Lease,TBD,Included in rent,TBD,8,6,36,24,3,Yes,"12.985798185444601, 77.74836073713145",Sumadhura Group Leasing Team,Leasing Head - Sumadhura Group,+91-80-40000000,leasing@sumadhuragroup.com,Sumadhura Group,WF,BLR - Managed Office Space Supply 2026.xlsx,TARGET_EXCEL,Target Excel Import (WF),July 2026,
WF,Option 22,K Raheja Corp / Mindspace,IndiQube - Indiqube Cignus,Whitefield,Available on Request / Document Image,Grade A Commercial Space - Unspecified,2B+Stilt+G+9,As per master plan,"51,223–63,404 Sft",80% (+/- 2%),1 KVA per 100 Sq. Ft.,1,100.0 Sq. Ft.,100,1F,Pre-Furnished,Unspecified,Immediate,"1:1,000 Sft",Standard Commercial Lease,TBD,Included in rent,TBD,8,6,36,24,3,Yes,"12.979776008342046, 77.72938722603281",K Raheja Corp / Mindspace Leasing Team,Leasing Head - K Raheja Corp / Mindspace,+91-80-40000000,leasing@krahejacorp/mindspace.com,K Raheja Corp / Mindspace,WF,BLR - Managed Office Space Supply 2026.xlsx,TARGET_EXCEL,Target Excel Import (WF),July 2026,
WF,Option 23,Sri Maruthi Builders,IndiQube - Indiqube Onyx - Maruthi Onyx,Whitefield,Available on Request / Document Image,Grade A Commercial Space - Unspecified,2B+G+9,As per master plan,"62,000 Sft",80% (+/- 2%),1 KVA per 100 Sq. Ft.,1,350.0 Sq. Ft.,350,2F,Pre-Furnished,Unspecified,Immediate,"1:1,000 Sft",Standard Commercial Lease,TBD,Included in rent,TBD,8,6,36,24,3,Yes,"12.987007304382102, 77.70616447870377",Sri Maruthi Builders Leasing Team,Leasing Head - Sri Maruthi Builders,+91-80-40000000,leasing@srimaruthibuilders.com,Sri Maruthi Builders,WF,BLR - Managed Office Space Supply 2026.xlsx,TARGET_EXCEL,Target Excel Import (WF),July 2026,
WF,Option 24,Prestige Estates Projects Ltd,IndiQube - Indiqube Technostar - Block - 3,Brookfield,Available on Request / Document Image,Grade A Commercial Space - Unspecified,3B + Stilt + G + 9,As per master plan,"37,375–40,125 Sft",80% (+/- 2%),1 KVA per 100 Sq. Ft.,1,Flexible Sq. Ft.,Available on Request,8F,Pre-Furnished,Unspecified,Immediate,"1:1,000 Sft",Standard Commercial Lease,TBD,Included in rent,TBD,8,6,36,24,3,Yes,"12.972900109947053, 77.71116204859983",Prestige Estates Projects Ltd Leasing Team,Leasing Head - Prestige Estates Projects Ltd,+91-80-40000000,leasing@prestigeestatesprojectsltd.com,Prestige Estates Projects Ltd,WF,BLR - Managed Office Space Supply 2026.xlsx,TARGET_EXCEL,Target Excel Import (WF),July 2026,
WF,Option 25,Independent,IndiQube - Indiqube Omega - Maruthi Emerald,Brookfield,Available on Request / Document Image,Grade A Commercial Space - Unspecified,G+3,As per master plan,"16,750 Sft",80% (+/- 2%),1 KVA per 100 Sq. Ft.,1,78.0 Sq. Ft.,78,GF-2F & 3F,Pre-Furnished,Unspecified,Immediate,"1:1,000 Sft",Standard Commercial Lease,TBD,Included in rent,TBD,8,6,36,24,3,Yes,"12.959704171403319, 77.71656557389413",Independent Leasing Team,Leasing Head - Independent,+91-80-40000000,leasing@independent.com,Independent,WF,BLR - Managed Office Space Supply 2026.xlsx,TARGET_EXCEL,Target Excel Import (WF),July 2026,
WF,Option 26,DivyaSree Infrastructure Projects Pvt. Ltd,iSprout - DivyaSree N R Enclave - Block - A,Whitefield,Available on Request / Document Image,Grade A Commercial Space - Unspecified,B + G + 4,As per master plan,"35,600–40,900 Sft",80% (+/- 2%),1 KVA per 100 Sq. Ft.,1,67.0 Sq. Ft.,67,GF,Pre-Furnished,Unspecified,Immediate,"1:1,000 Sft",Standard Commercial Lease,TBD,Included in rent,TBD,8,6,36,24,3,Yes,"12.986427484861451, 77.73078340829527",DivyaSree Infrastructure Projects Pvt. Ltd Leasing Team,Leasing Head - DivyaSree Infrastructure Projects Pvt. Ltd,+91-80-40000000,leasing@divyasreeinfrastructureprojectspvt.ltd.com,DivyaSree Infrastructure Projects Pvt. Ltd,WF,BLR - Managed Office Space Supply 2026.xlsx,TARGET_EXCEL,Target Excel Import (WF),July 2026,
WF,Option 27,Brigade Enterprises Ltd.,"Novel Office - Novel Brigade Tech Park -
Block - B","Pattandur Agrahara, Whitefield",Available on Request / Document Image,Grade A Commercial Space - Unspecified,B + G + 9,As per master plan,"50,500 Sft",80% (+/- 2%),1 KVA per 100 Sq. Ft.,1,2400.0 Sq. Ft.,2400,2F,Pre-Furnished,Unspecified,Immediate,"1:1,000 Sft",Standard Commercial Lease,7990.0,Included in rent,TBD,8,6,36,24,3,Yes,"12.985748431956512, 77.74023656622089",Brigade Enterprises Ltd. Leasing Team,Leasing Head - Brigade Enterprises Ltd.,+91-80-40000000,leasing@brigadeenterprisesltd..com,Brigade Enterprises Ltd.,WF,BLR - Managed Office Space Supply 2026.xlsx,TARGET_EXCEL,Target Excel Import (WF),July 2026,
WF,Option 28,Independent,Novel Office - Novel Office Workhub,"Hoodi Main Road, Whitefield",Available on Request / Document Image,Grade A Commercial Space - Unspecified,B + G + 2,As per master plan,"25,475 Sft",80% (+/- 2%),1 KVA per 100 Sq. Ft.,1,3500.0 Sq. Ft.,3500,GF+3F,Pre-Furnished,Unspecified,Immediate,"1:1,000 Sft",Standard Commercial Lease,7990.0,Included in rent,TBD,8,6,36,24,3,Yes,"12.989160819362697, 77.70723165062294",Independent Leasing Team,Leasing Head - Independent,+91-80-40000000,leasing@independent.com,Independent,WF,BLR - Managed Office Space Supply 2026.xlsx,TARGET_EXCEL,Target Excel Import (WF),July 2026,
WF,Option 29,Brigade Enterprises Ltd,Obeya - Nova Brigade Metropolis Tower - A,Garudacharpalya,Available on Request / Document Image,Grade A Commercial Space - Unspecified,2B+G+12,As per master plan,"22,001 Sft",80% (+/- 2%),1 KVA per 100 Sq. Ft.,1,500.0 Sq. Ft.,500,6F,Pre-Furnished,Unspecified,Immediate,"1:1,000 Sft",Standard Commercial Lease,9000.0,Included in rent,TBD,8,6,36,24,3,Yes,"12.992148200192357, 77.70357983713156",Brigade Enterprises Ltd Leasing Team,Leasing Head - Brigade Enterprises Ltd,+91-80-40000000,leasing@brigadeenterprisesltd.com,Brigade Enterprises Ltd,WF,BLR - Managed Office Space Supply 2026.xlsx,TARGET_EXCEL,Target Excel Import (WF),July 2026,
WF,Option 30,Sumadhura Group,Red Brick - Sumadhura Capitol Towers,Whitefield,Available on Request / Document Image,Grade A Commercial Space - Unspecified,3B + G + 11,As per master plan,"110,000–130,000 Sft",80% (+/- 2%),1 KVA per 100 Sq. Ft.,1,Flexible Sq. Ft.,Available on Request,TBD,Pre-Furnished,Unspecified,Immediate,"1:1,000 Sft",Standard Commercial Lease,TBD,Included in rent,TBD,8,6,36,24,3,Yes,"12.98576802746034, 77.74834333739075",Sumadhura Group Leasing Team,Leasing Head - Sumadhura Group,+91-80-40000000,leasing@sumadhuragroup.com,Sumadhura Group,WF,BLR - Managed Office Space Supply 2026.xlsx,TARGET_EXCEL,Target Excel Import (WF),July 2026,
WF,Option 31,Brigade Enterprises Ltd,Regus - Regus Brigade IRV,"Nallurhalli, Whitefield",Available on Request / Document Image,Grade A Commercial Space - Unspecified,B+G+10,As per master plan,"20,000 Sft",80% (+/- 2%),1 KVA per 100 Sq. Ft.,1,35.0 Sq. Ft.,35,9F+10F,Pre-Furnished,Unspecified,Immediate,"1:1,000 Sft",Standard Commercial Lease,12000.0,Included in rent,TBD,8,6,36,24,3,Yes,"12.970907954324751, 77.73063176596742",Brigade Enterprises Ltd Leasing Team,Leasing Head - Brigade Enterprises Ltd,+91-80-40000000,leasing@brigadeenterprisesltd.com,Brigade Enterprises Ltd,WF,BLR - Managed Office Space Supply 2026.xlsx,TARGET_EXCEL,Target Excel Import (WF),July 2026,
WF,Option 32,Prestige Estates Projects Ltd,"Regus - Perstige Shantiniketan Tower - 4,Cresent","ITPL Main Rd, Whitefield",Available on Request / Document Image,Grade A Commercial Space - Unspecified,2B+G+16,As per master plan,"25,404 Sft",80% (+/- 2%),1 KVA per 100 Sq. Ft.,1,60.0 Sq. Ft.,60,2F,Pre-Furnished,Unspecified,Immediate,"1:1,000 Sft",Standard Commercial Lease,13000.0,Included in rent,TBD,8,6,36,24,3,Yes,"12.991700806184289, 77.72978125277862",Prestige Estates Projects Ltd Leasing Team,Leasing Head - Prestige Estates Projects Ltd,+91-80-40000000,leasing@prestigeestatesprojectsltd.com,Prestige Estates Projects Ltd,WF,BLR - Managed Office Space Supply 2026.xlsx,TARGET_EXCEL,Target Excel Import (WF),July 2026,
WF,Option 33,MFAR Holdings Pvt. Ltd,Simpliwork  - Pardhanani Wilshire iii,"ITPL Main Rd, Mahadevapura",Available on Request / Document Image,Grade A Commercial Space - Unspecified,2B+G+9,As per master plan,"55,400–66,241 Sft",80% (+/- 2%),1 KVA per 100 Sq. Ft.,1,825.0 Sq. Ft.,825,5F,Pre-Furnished,Unspecified,Immediate,"1:1,000 Sft",Standard Commercial Lease,TBD,Included in rent,TBD,8,6,36,24,3,Yes,"12.994589188553176, 77.6936797211413",MFAR Holdings Pvt. Ltd Leasing Team,Leasing Head - MFAR Holdings Pvt. Ltd,+91-80-40000000,leasing@mfarholdingspvt.ltd.com,MFAR Holdings Pvt. Ltd,WF,BLR - Managed Office Space Supply 2026.xlsx,TARGET_EXCEL,Target Excel Import (WF),July 2026,
WF,Option 34,Tata Housing Development Company Ltd,Simpliwork  - Xylem Business Park,Whitefield,Available on Request / Document Image,Grade A Commercial Space - Unspecified,2B+G+8,As per master plan,"52,000–56,000 Sft",80% (+/- 2%),1 KVA per 100 Sq. Ft.,1,5400.0 Sq. Ft.,5400,2F to 8F,Pre-Furnished,Unspecified,Immediate,"1:1,000 Sft",Standard Commercial Lease,TBD,Included in rent,TBD,8,6,36,24,3,Yes,"12.994307382406005, 77.70191974529865",Tata Housing Development Company Ltd Leasing Team,Leasing Head - Tata Housing Development Company Ltd,+91-80-40000000,leasing@tatahousingdevelopmentcompanyltd.com,Tata Housing Development Company Ltd,WF,BLR - Managed Office Space Supply 2026.xlsx,TARGET_EXCEL,Target Excel Import (WF),July 2026,
WF,Option 35,Prestige Estates Projects Ltd,Simpliwork  -  Prestige Shantiniketan - Tower - B,Whitefield,Available on Request / Document Image,Grade A Commercial Space - Unspecified,2B+G+16,As per master plan,"25,404 Sft",80% (+/- 2%),1 KVA per 100 Sq. Ft.,1,Flexible Sq. Ft.,Available on Request,9F,Pre-Furnished,Unspecified,Immediate,"1:1,000 Sft",Standard Commercial Lease,TBD,Included in rent,TBD,8,6,36,24,3,Yes,"12.99152839497967, 77.72937705434927",Prestige Estates Projects Ltd Leasing Team,Leasing Head - Prestige Estates Projects Ltd,+91-80-40000000,leasing@prestigeestatesprojectsltd.com,Prestige Estates Projects Ltd,WF,BLR - Managed Office Space Supply 2026.xlsx,TARGET_EXCEL,Target Excel Import (WF),July 2026,
WF,Option 36,Prestige Estates Projects Ltd,Simpliwork  - Prestige Technostar - Block 1,Brookfield,Available on Request / Document Image,Grade A Commercial Space - Unspecified,3B+Stilt+G+12,As per master plan,"28,000–31,000 Sft",80% (+/- 2%),1 KVA per 100 Sq. Ft.,1,Flexible Sq. Ft.,Available on Request,3F+4F,Pre-Furnished,Unspecified,Immediate,"1:1,000 Sft",Standard Commercial Lease,TBD,Included in rent,TBD,8,6,36,24,3,Yes,"12.973100325323456, 77.71073545057028",Prestige Estates Projects Ltd Leasing Team,Leasing Head - Prestige Estates Projects Ltd,+91-80-40000000,leasing@prestigeestatesprojectsltd.com,Prestige Estates Projects Ltd,WF,BLR - Managed Office Space Supply 2026.xlsx,TARGET_EXCEL,Target Excel Import (WF),July 2026,
WF,Option 37,Sumadhura Group,Simpliwork  -  Sumadhura Capitol Towers,"ITPL Main Rd, Whitefield",Available on Request / Document Image,Grade A Commercial Space - Unspecified,3B + G + 11,As per master plan,"110,000–130,000 Sft",80% (+/- 2%),1 KVA per 100 Sq. Ft.,1,Flexible Sq. Ft.,Available on Request,6F,Pre-Furnished,Unspecified,Immediate,"1:1,000 Sft",Standard Commercial Lease,TBD,Included in rent,TBD,8,6,36,24,3,Yes,"12.985367106907573, 77.74901122497462",Sumadhura Group Leasing Team,Leasing Head - Sumadhura Group,+91-80-40000000,leasing@sumadhuragroup.com,Sumadhura Group,WF,BLR - Managed Office Space Supply 2026.xlsx,TARGET_EXCEL,Target Excel Import (WF),July 2026,
WF,Option 38,DSR Infra Projects,Smartworks - DSR Apex,Varthur Road,Available on Request / Document Image,Grade A Commercial Space - Unspecified,2B+G+10,As per master plan,"8,450 Sft",80% (+/- 2%),1 KVA per 100 Sq. Ft.,1,175.0 Sq. Ft.,175,8F+9F+10F,Pre-Furnished,Unspecified,Immediate,"1:1,000 Sft",Standard Commercial Lease,TBD,Included in rent,TBD,8,6,36,24,3,Yes,"12.956068792105508, 77.71858618038924",DSR Infra Projects Leasing Team,Leasing Head - DSR Infra Projects,+91-80-40000000,leasing@dsrinfraprojects.com,DSR Infra Projects,WF,BLR - Managed Office Space Supply 2026.xlsx,TARGET_EXCEL,Target Excel Import (WF),July 2026,
WF,Option 39,Shravanee Group,Smartworks - Shravanee NCS Teknovate,Whitefield,Available on Request / Document Image,Grade A Commercial Space - Unspecified,2B+G+8,As per master plan,"38,000–49,000 Sft",80% (+/- 2%),1 KVA per 100 Sq. Ft.,1,1520.0 Sq. Ft.,1520,1F-8F (Entire Building),Pre-Furnished,Unspecified,Immediate,"1:1,000 Sft",Standard Commercial Lease,TBD,Included in rent,TBD,8,6,36,24,3,Yes,"12.980167107765416, 77.70958253713142",Shravanee Group Leasing Team,Leasing Head - Shravanee Group,+91-80-40000000,leasing@shravaneegroup.com,Shravanee Group,WF,BLR - Managed Office Space Supply 2026.xlsx,TARGET_EXCEL,Target Excel Import (WF),July 2026,
WF,Option 40,Kalyani Developers,Table Space - Table Space Towers - Kalyani Camellia,Whitefield,Available on Request / Document Image,Grade A Commercial Space - Unspecified,2B+G+9,As per master plan,"21,000–60,000 Sft",80% (+/- 2%),1 KVA per 100 Sq. Ft.,1,28000.0 Sq. Ft.,28000,1F,Pre-Furnished,Unspecified,Immediate,"1:1,000 Sft",Standard Commercial Lease,TBD,Included in rent,TBD,8,6,36,24,3,Yes,"12.997086405041435, 77.70186782364014",Kalyani Developers Leasing Team,Leasing Head - Kalyani Developers,+91-80-40000000,leasing@kalyanidevelopers.com,Kalyani Developers,WF,BLR - Managed Office Space Supply 2026.xlsx,TARGET_EXCEL,Target Excel Import (WF),July 2026,
WF,Option 41,Ascendas / CapitaLand Development,Table Space - International Tech Park Limited (ITPL) - Innovator Entrance,Whitefield,Available on Request / Document Image,Grade A Commercial Space - Unspecified,G+11,As per master plan,"40,000 Sft",80% (+/- 2%),1 KVA per 100 Sq. Ft.,1,5500.0 Sq. Ft.,5500,1F,Pre-Furnished,Unspecified,Immediate,"1:1,000 Sft",Standard Commercial Lease,TBD,Included in rent,TBD,8,6,36,24,3,Yes,"12.986239206173511, 77.7355763835952",Ascendas / CapitaLand Development Leasing Team,Leasing Head - Ascendas / CapitaLand Development,+91-80-40000000,leasing@ascendas/capitalanddevelopment.com,Ascendas / CapitaLand Development,WF,BLR - Managed Office Space Supply 2026.xlsx,TARGET_EXCEL,Target Excel Import (WF),July 2026,
WF,Option 42,Prestige Estates Projects Ltd,"Table Space - Prestige Shantiniketan - 
Crescent 4",Whitefield,Available on Request / Document Image,Grade A Commercial Space - Unspecified,2B+G+16,As per master plan,"25,404 Sft",80% (+/- 2%),1 KVA per 100 Sq. Ft.,1,Flexible Sq. Ft.,Available on Request,TBD,Pre-Furnished,Unspecified,Immediate,"1:1,000 Sft",Standard Commercial Lease,TBD,Included in rent,TBD,8,6,36,24,3,Yes,"12.990777026576014, 77.73074040829532",Prestige Estates Projects Ltd Leasing Team,Leasing Head - Prestige Estates Projects Ltd,+91-80-40000000,leasing@prestigeestatesprojectsltd.com,Prestige Estates Projects Ltd,WF,BLR - Managed Office Space Supply 2026.xlsx,TARGET_EXCEL,Target Excel Import (WF),July 2026,
WF,Option 43,Bagmane Developers,Table Space - Bagmane Solarium,Whitefield,Available on Request / Document Image,Grade A Commercial Space - Unspecified,3B+G+13,As per master plan,"55,000–60,000 Sft",80% (+/- 2%),1 KVA per 100 Sq. Ft.,1,Flexible Sq. Ft.,Available on Request,TBD,Pre-Furnished,Unspecified,Immediate,"1:1,000 Sft",Standard Commercial Lease,TBD,Included in rent,TBD,8,6,36,24,3,Yes,"12.968311897704176, 77.70608728370387",Bagmane Developers Leasing Team,Leasing Head - Bagmane Developers,+91-80-40000000,leasing@bagmanedevelopers.com,Bagmane Developers,WF,BLR - Managed Office Space Supply 2026.xlsx,TARGET_EXCEL,Target Excel Import (WF),July 2026,
WF,Option 44,SJR Prime Corporation Pvt. Ltd,Table Space - SJR PrimeCo Union City - Tower B,Whitefield,Available on Request / Document Image,Grade A Commercial Space - Unspecified,2B+G+12,As per master plan,"86,000 Sft",80% (+/- 2%),1 KVA per 100 Sq. Ft.,1,295000.0 Sq. Ft.,295000,8F,Pre-Furnished,Unspecified,Immediate,"1:1,000 Sft",Standard Commercial Lease,TBD,Included in rent,TBD,8,6,36,24,3,Yes,"12.989297382201835, 77.7327187524762",SJR Prime Corporation Pvt. Ltd Leasing Team,Leasing Head - SJR Prime Corporation Pvt. Ltd,+91-80-40000000,leasing@sjrprimecorporationpvt.ltd.com,SJR Prime Corporation Pvt. Ltd,WF,BLR - Managed Office Space Supply 2026.xlsx,TARGET_EXCEL,Target Excel Import (WF),July 2026,
WF,Option 45,Brigade Group / Nalapad Group,Urban Vault - UV Nalapad Brigade Centre,"ITPL Main Rd,  Garudachar Palya",Available on Request / Document Image,Grade A Commercial Space - Unspecified,B+G+9,As per master plan,"58,000 Sft",80% (+/- 2%),1 KVA per 100 Sq. Ft.,1,600.0 Sq. Ft.,600,8F,Pre-Furnished,Unspecified,Immediate,"1:1,000 Sft",Standard Commercial Lease,8000.0,Included in rent,TBD,8,6,36,24,3,Yes,"12.99359982407794, 77.70251637945921",Brigade Group / Nalapad Group Leasing Team,Leasing Head - Brigade Group / Nalapad Group,+91-80-40000000,leasing@brigadegroup/nalapadgroup.com,Brigade Group / Nalapad Group,WF,BLR - Managed Office Space Supply 2026.xlsx,TARGET_EXCEL,Target Excel Import (WF),July 2026,
WF,Option 46,Brigade Enterprises Ltd,Urban Vault - Brigade Summit - Block A,"ITPL Main Rd,  Garudachar Palya",Available on Request / Document Image,Grade A Commercial Space - Unspecified,2B+G+12,As per master plan,"22,001 Sft",80% (+/- 2%),1 KVA per 100 Sq. Ft.,1,Flexible Sq. Ft.,Available on Request,12F,Pre-Furnished,Unspecified,Immediate,"1:1,000 Sft",Standard Commercial Lease,TBD,Included in rent,TBD,8,6,36,24,3,Yes,"12.993546864811373, 77.70345967903869",Brigade Enterprises Ltd Leasing Team,Leasing Head - Brigade Enterprises Ltd,+91-80-40000000,leasing@brigadeenterprisesltd.com,Brigade Enterprises Ltd,WF,BLR - Managed Office Space Supply 2026.xlsx,TARGET_EXCEL,Target Excel Import (WF),July 2026,
WF,Option 47,IWF,Wework - IWF Campus - Tower A,Whitefield,Available on Request / Document Image,Grade A Commercial Space - Unspecified,3B+G+11,As per master plan,"25,526–43,405 Sft",80% (+/- 2%),1 KVA per 100 Sq. Ft.,1,244.0 Sq. Ft.,244,2F,Pre-Furnished,Unspecified,Immediate,"1:1,000 Sft",Standard Commercial Lease,TBD,Included in rent,TBD,8,6,36,24,3,Yes,"12.99802965831244, 77.68903205247635",IWF Leasing Team,Leasing Head - IWF,+91-80-40000000,leasing@iwf.com,IWF,WF,BLR - Managed Office Space Supply 2026.xlsx,TARGET_EXCEL,Target Excel Import (WF),July 2026,
WF,Option 48,Vista Spaces,Wework - Vista Earth Centre - Tower - B,Whitefield,Available on Request / Document Image,Grade A Commercial Space - Unspecified,2B+G+8,As per master plan,"36,000 Sft",80% (+/- 2%),1 KVA per 100 Sq. Ft.,1,2128.0 Sq. Ft.,2128,GF,Pre-Furnished,Unspecified,Immediate,"1:1,000 Sft",Standard Commercial Lease,TBD,Included in rent,TBD,8,6,36,24,3,Yes,"12.986647358095652, 77.72784400829528",Vista Spaces Leasing Team,Leasing Head - Vista Spaces,+91-80-40000000,leasing@vistaspaces.com,Vista Spaces,WF,BLR - Managed Office Space Supply 2026.xlsx,TARGET_EXCEL,Target Excel Import (WF),July 2026,
WF,Option 49,Infinix Palladium,Wework - Infinix Palladium,Whitefield,Available on Request / Document Image,Grade A Commercial Space - Unspecified,2B+G+6,As per master plan,"25,000 Sft",80% (+/- 2%),1 KVA per 100 Sq. Ft.,1,3100.0 Sq. Ft.,3100,GF,Pre-Furnished,Unspecified,Immediate,"1:1,000 Sft",Standard Commercial Lease,TBD,Included in rent,TBD,8,6,36,24,3,Yes,"12.997998263985368, 77.68970952708848",Infinix Palladium Leasing Team,Leasing Head - Infinix Palladium,+91-80-40000000,leasing@infinixpalladium.com,Infinix Palladium,WF,BLR - Managed Office Space Supply 2026.xlsx,TARGET_EXCEL,Target Excel Import (WF),July 2026,
WF,Option 50,Sattva Group,Wework - Salarpuria Magnificia,KR Puram / ORR,Available on Request / Document Image,Grade A Commercial Space - Unspecified,2B+G+13,As per master plan,"20,734 Sft",80% (+/- 2%),1 KVA per 100 Sq. Ft.,1,40.0 Sq. Ft.,40,TBD,Pre-Furnished,Unspecified,Immediate,"1:1,000 Sft",Standard Commercial Lease,TBD,Included in rent,TBD,8,6,36,24,3,Yes,"12.996165905701284, 77.66922659480399",Sattva Group Leasing Team,Leasing Head - Sattva Group,+91-80-40000000,leasing@sattvagroup.com,Sattva Group,WF,BLR - Managed Office Space Supply 2026.xlsx,TARGET_EXCEL,Target Excel Import (WF),July 2026,
WF,Option 51,Sattva Group,Workshaala - Workshaala Matrix - Sattva Knowledge Court,Whitefield,Available on Request / Document Image,Grade A Commercial Space - Unspecified,3B+G+6,As per master plan,"1,50,000 Sft",80% (+/- 2%),1 KVA per 100 Sq. Ft.,1,Flexible Sq. Ft.,Available on Request,TBD,Pre-Furnished,Unspecified,Immediate,"1:1,000 Sft",Standard Commercial Lease,TBD,Included in rent,TBD,8,6,36,24,3,Yes,"12.974547956380869, 77.7120805236398",Sattva Group Leasing Team,Leasing Head - Sattva Group,+91-80-40000000,leasing@sattvagroup.com,Sattva Group,WF,BLR - Managed Office Space Supply 2026.xlsx,TARGET_EXCEL,Target Excel Import (WF),July 2026,
WF,Option 52,Rathi Associates,Workshaala - Workshaala Rohan Tech Park - Rathi Legacy,Whitefield,Available on Request / Document Image,Grade A Commercial Space - Unspecified,2B + G + 11,As per master plan,"20,000 Sft",80% (+/- 2%),1 KVA per 100 Sq. Ft.,1,Flexible Sq. Ft.,Available on Request,TBD,Pre-Furnished,Unspecified,Immediate,"1:1,000 Sft",Standard Commercial Lease,TBD,Included in rent,TBD,8,6,36,24,3,Yes,"12.986209778956406, 77.70919092915467",Rathi Associates Leasing Team,Leasing Head - Rathi Associates,+91-80-40000000,leasing@rathiassociates.com,Rathi Associates,WF,BLR - Managed Office Space Supply 2026.xlsx,TARGET_EXCEL,Target Excel Import (WF),July 2026,
WF,Option 53,Ascendas / CapitaLand,Workshaala - Workshaala ITPL - Explorer,"ITPL Main Rd, Mahadevapura",Available on Request / Document Image,Grade A Commercial Space - Unspecified,G+11,As per master plan,"33,000 Sft",80% (+/- 2%),1 KVA per 100 Sq. Ft.,1,Flexible Sq. Ft.,Available on Request,TBD,Pre-Furnished,Unspecified,Immediate,"1:1,000 Sft",Standard Commercial Lease,TBD,Included in rent,TBD,8,6,36,24,3,Yes,"12.985992131428342, 77.73555320531752",Ascendas / CapitaLand Leasing Team,Leasing Head - Ascendas / CapitaLand,+91-80-40000000,leasing@ascendas/capitaland.com,Ascendas / CapitaLand,WF,BLR - Managed Office Space Supply 2026.xlsx,TARGET_EXCEL,Target Excel Import (WF),July 2026,
WF,Option 54,K Raheja Corp / Mindspace,Workshaala - Workshaala Cignus Tower,Whitefield,Available on Request / Document Image,Grade A Commercial Space - Unspecified,2B+Stilt+G+9,As per master plan,"51,223–63,404 Sft",80% (+/- 2%),1 KVA per 100 Sq. Ft.,1,3000.0 Sq. Ft.,3000,TBD,Pre-Furnished,Unspecified,Immediate,"1:1,000 Sft",Standard Commercial Lease,10500.0,Included in rent,TBD,8,6,36,24,3,Yes,"12.980082657458896, 77.72931815912672",K Raheja Corp / Mindspace Leasing Team,Leasing Head - K Raheja Corp / Mindspace,+91-80-40000000,leasing@krahejacorp/mindspace.com,K Raheja Corp / Mindspace,WF,BLR - Managed Office Space Supply 2026.xlsx,TARGET_EXCEL,Target Excel Import (WF),July 2026,
WF,Option 55,Sattva Group,Workshaala - Workshaala GR Tech Park,Whitefield,Available on Request / Document Image,Grade A Commercial Space - Unspecified,B+G+11,As per master plan,"30,000–48,000 Sft",80% (+/- 2%),1 KVA per 100 Sq. Ft.,1,1000.0 Sq. Ft.,1000,TBD,Pre-Furnished,Unspecified,Immediate,"1:1,000 Sft",Standard Commercial Lease,8499.0,Included in rent,TBD,8,6,36,24,3,Yes,"12.9866549697816, 77.74325614976067",Sattva Group Leasing Team,Leasing Head - Sattva Group,+91-80-40000000,leasing@sattvagroup.com,Sattva Group,WF,BLR - Managed Office Space Supply 2026.xlsx,TARGET_EXCEL,Target Excel Import (WF),July 2026,
WF,Option 56,nfoPro Solutions Private Limited (ISPL),"Workshaala - Workshaala Century -
100 Whitefield",Whitefield,Available on Request / Document Image,Grade A Commercial Space - Unspecified,G+4,As per master plan,"25,000 Sft",80% (+/- 2%),1 KVA per 100 Sq. Ft.,1,2000.0 Sq. Ft.,2000,TBD,Pre-Furnished,Unspecified,Immediate,"1:1,000 Sft",Standard Commercial Lease,9000.0,Included in rent,TBD,8,6,36,24,3,Yes,"12.975355426514085, 77.72498496596742",nfoPro Solutions Private Limited (ISPL) Leasing Team,Leasing Head - nfoPro Solutions Private Limited (ISPL),+91-80-40000000,leasing@nfoprosolutionsprivatelimited(ispl).com,nfoPro Solutions Private Limited (ISPL),WF,BLR - Managed Office Space Supply 2026.xlsx,TARGET_EXCEL,Target Excel Import (WF),July 2026,
North-BLR,Option 1,Embassy Property Developments,315Work Avenue - Manyata Tech Park - N1 Block,MTP Tech Park Nagawara,Available on Request / Document Image,Grade A Commercial Space - Unspecified,2B+G+12,As per master plan,"38,099 Sft",80% (+/- 2%),1 KVA per 100 Sq. Ft.,1,20.0 Sq. Ft.,20,6F (60 Days),Pre-Furnished,Unspecified,Immediate,"1:1,000 Sft",Standard Commercial Lease,14000.0,Included in rent,TBD,8,6,36,24,3,Yes,"13.053298416275858, 77.61888559295166",Embassy Property Developments Leasing Team,Leasing Head - Embassy Property Developments,+91-80-40000000,leasing@embassypropertydevelopments.com,Embassy Property Developments,North-BLR,BLR - Managed Office Space Supply 2026.xlsx,TARGET_EXCEL,Target Excel Import (North-BLR),July 2026,
North-BLR,Option 2,Independent,315Work Avenue - Ngw - Nagawara (HBR Layout),HBR Layout,Available on Request / Document Image,Grade A Commercial Space - Unspecified,B+G+3,As per master plan,"3,500 Sft",80% (+/- 2%),1 KVA per 100 Sq. Ft.,1,140.0 Sq. Ft.,140,Entire Building (60 Days),Pre-Furnished,Unspecified,Immediate,"1:1,000 Sft",Standard Commercial Lease,9500.0,Included in rent,TBD,8,6,36,24,3,Yes,"13.036500138373778, 77.6281604217875",Independent Leasing Team,Leasing Head - Independent,+91-80-40000000,leasing@independent.com,Independent,North-BLR,BLR - Managed Office Space Supply 2026.xlsx,TARGET_EXCEL,Target Excel Import (North-BLR),July 2026,
North-BLR,Option 3,Bhartiya City Developers Pvt. Ltd,315Work Avenue - BCIT - Bhartiya City - Block 3 - Tower B,Thanisandra - Kannuru,Available on Request / Document Image,Grade A Commercial Space - Unspecified,3B+G+18,As per master plan,"43,000–45,000 Sft",80% (+/- 2%),1 KVA per 100 Sq. Ft.,1,500.0 Sq. Ft.,500,6F (60 Days),Pre-Furnished,Unspecified,Immediate,"1:1,000 Sft",Standard Commercial Lease,10500.0,Included in rent,TBD,8,6,36,24,3,Yes,"13.085129257927376, 77.64160799984657",Bhartiya City Developers Pvt. Ltd Leasing Team,Leasing Head - Bhartiya City Developers Pvt. Ltd,+91-80-40000000,leasing@bhartiyacitydeveloperspvt.ltd.com,Bhartiya City Developers Pvt. Ltd,North-BLR,BLR - Managed Office Space Supply 2026.xlsx,TARGET_EXCEL,Target Excel Import (North-BLR),July 2026,
North-BLR,Option 4,MFAR Holdings / MFAR Developers,Awfis - Awfis Elite – Manyata Tech Park -  Mfar Greenheart - Phase 4,MTP Tech Park Nagawara,Available on Request / Document Image,Grade A Commercial Space - Unspecified,3B+G+11,As per master plan,"85,000 Sft",80% (+/- 2%),1 KVA per 100 Sq. Ft.,1,182.0 Sq. Ft.,182,4F,Pre-Furnished,Unspecified,Immediate,"1:1,000 Sft",Standard Commercial Lease,18000.0,Included in rent,TBD,8,6,36,24,3,Yes,"13.04429451515748, 77.62080790829627",MFAR Holdings / MFAR Developers Leasing Team,Leasing Head - MFAR Holdings / MFAR Developers,+91-80-40000000,leasing@mfarholdings/mfardevelopers.com,MFAR Holdings / MFAR Developers,North-BLR,BLR - Managed Office Space Supply 2026.xlsx,TARGET_EXCEL,Target Excel Import (North-BLR),July 2026,
North-BLR,Option 5,Umiya Builders & Developers,Awfis - Awfis Umiya Vellociti,Hebbal - Kempapura,Available on Request / Document Image,Grade A Commercial Space - Unspecified,2B+G+12,As per master plan,"69,000 Sft",80% (+/- 2%),1 KVA per 100 Sq. Ft.,1,75.0 Sq. Ft.,75,10F,Pre-Furnished,Unspecified,Immediate,"1:1,000 Sft",Standard Commercial Lease,9000.0,Included in rent,TBD,8,6,36,24,3,Yes,"13.052341023630387, 77.59410165062404",Umiya Builders & Developers Leasing Team,Leasing Head - Umiya Builders & Developers,+91-80-40000000,leasing@umiyabuilders&developers.com,Umiya Builders & Developers,North-BLR,BLR - Managed Office Space Supply 2026.xlsx,TARGET_EXCEL,Target Excel Import (North-BLR),July 2026,
North-BLR,Option 6,Embassy Property Developments Pvt. Ltd,Awfis - Kirloskar Business Park,Hebbal - Kempapura,Available on Request / Document Image,Grade A Commercial Space - Unspecified,B+G+7,As per master plan,"31,783 Sft",80% (+/- 2%),1 KVA per 100 Sq. Ft.,1,180.0 Sq. Ft.,180,7F,Pre-Furnished,Unspecified,Immediate,"1:1,000 Sft",Standard Commercial Lease,11000.0,Included in rent,TBD,8,6,36,24,3,Yes,"13.051685153515372, 77.5955393261149",Embassy Property Developments Pvt. Ltd Leasing Team,Leasing Head - Embassy Property Developments Pvt. Ltd,+91-80-40000000,leasing@embassypropertydevelopmentspvt.ltd.com,Embassy Property Developments Pvt. Ltd,North-BLR,BLR - Managed Office Space Supply 2026.xlsx,TARGET_EXCEL,Target Excel Import (North-BLR),July 2026,
North-BLR,Option 7,Vista Spaces,Awfis - Vista Pixel,Jakkuru,Available on Request / Document Image,Grade A Commercial Space - Unspecified,3B+G+6,As per master plan,"27,571 Sft",80% (+/- 2%),1 KVA per 100 Sq. Ft.,1,Flexible Sq. Ft.,Available on Request,4F,Pre-Furnished,Unspecified,Immediate,"1:1,000 Sft",Standard Commercial Lease,9000.0,Included in rent,TBD,8,6,36,24,3,Yes,"13.071923859527356, 77.59386672364145",Vista Spaces Leasing Team,Leasing Head - Vista Spaces,+91-80-40000000,leasing@vistaspaces.com,Vista Spaces,North-BLR,BLR - Managed Office Space Supply 2026.xlsx,TARGET_EXCEL,Target Excel Import (North-BLR),July 2026,
North-BLR,Option 8,The Phoenix Mills Ltd,"Bhive - BHIVE Platinum Plus, Phoenix Asia Towers",Hebbal,Available on Request / Document Image,Grade A Commercial Space - Unspecified,2B+G+7,As per master plan,"88,000 Sft",80% (+/- 2%),1 KVA per 100 Sq. Ft.,1,1200.0 Sq. Ft.,1200,TBD,Pre-Furnished,Unspecified,Immediate,"1:1,000 Sft",Standard Commercial Lease,14600.0,Included in rent,TBD,8,6,36,24,3,Yes,"13.070554162872797, 77.59086373713289",The Phoenix Mills Ltd Leasing Team,Leasing Head - The Phoenix Mills Ltd,+91-80-40000000,leasing@thephoenixmillsltd.com,The Phoenix Mills Ltd,North-BLR,BLR - Managed Office Space Supply 2026.xlsx,TARGET_EXCEL,Target Excel Import (North-BLR),July 2026,
North-BLR,Option 9,MSR / MSRDB,Bizzhub - Bizzhub Elanz - MSR North Tower,Nagawara,Available on Request / Document Image,Grade A Commercial Space - Unspecified,3B+G+15,As per master plan,"30,000 Sft",80% (+/- 2%),1 KVA per 100 Sq. Ft.,1,150.0 Sq. Ft.,150,6F,Pre-Furnished,Unspecified,Immediate,"1:1,000 Sft",Standard Commercial Lease,8000.0,Included in rent,TBD,8,6,36,24,3,Yes,"13.041923927844069, 77.62341489980786",MSR / MSRDB Leasing Team,Leasing Head - MSR / MSRDB,+91-80-40000000,leasing@msr/msrdb.com,MSR / MSRDB,North-BLR,BLR - Managed Office Space Supply 2026.xlsx,TARGET_EXCEL,Target Excel Import (North-BLR),July 2026,
North-BLR,Option 10,Manyata Promoters / Embassy Group,CorporatEdge - Manyata Tech Park - M3 Block - Acacia,MTP Tech Park Nagawara,Available on Request / Document Image,Grade A Commercial Space - Unspecified,3B+G+4-MLCP+15,As per master plan,"60,000–69,000 Sft",80% (+/- 2%),1 KVA per 100 Sq. Ft.,1,320.0 Sq. Ft.,320,10F,Pre-Furnished,Unspecified,Immediate,"1:1,000 Sft",Standard Commercial Lease,16000.0,Included in rent,TBD,8,6,36,24,3,Yes,"13.050434828881748, 77.61755717946016",Manyata Promoters / Embassy Group Leasing Team,Leasing Head - Manyata Promoters / Embassy Group,+91-80-40000000,leasing@manyatapromoters/embassygroup.com,Manyata Promoters / Embassy Group,North-BLR,BLR - Managed Office Space Supply 2026.xlsx,TARGET_EXCEL,Target Excel Import (North-BLR),July 2026,
North-BLR,Option 11,RMZ / Arliga North Star Projects,Cowrks - Arliga Northstar - RMZ NorthStar,Yelahanka,Available on Request / Document Image,Grade A Commercial Space - Unspecified,B+G+14,As per master plan,"20,000–25,000 Sft",80% (+/- 2%),1 KVA per 100 Sq. Ft.,1,Flexible Sq. Ft.,Available on Request,TBD,Pre-Furnished,Unspecified,Immediate,"1:1,000 Sft",Standard Commercial Lease,TBD,Included in rent,TBD,8,6,36,24,3,Yes,"13.098706444910885, 77.59480476452954",RMZ / Arliga North Star Projects Leasing Team,Leasing Head - RMZ / Arliga North Star Projects,+91-80-40000000,leasing@rmz/arliganorthstarprojects.com,RMZ / Arliga North Star Projects,North-BLR,BLR - Managed Office Space Supply 2026.xlsx,TARGET_EXCEL,Target Excel Import (North-BLR),July 2026,
North-BLR,Option 12,GoodWorks Group,GoodWorks - GoodWorks Aerospace Park,Devanahalli KIADB Phase 2,Available on Request / Document Image,Grade A Commercial Space - Unspecified,B+G+10,As per master plan,"30,000 Sft",80% (+/- 2%),1 KVA per 100 Sq. Ft.,1,300000.0 Sq. Ft.,300000,TBD,Pre-Furnished,Unspecified,Immediate,"1:1,000 Sft",Standard Commercial Lease,TBD,Included in rent,TBD,8,6,36,24,3,Yes,"13.183669211029152, 77.72804591670847",GoodWorks Group Leasing Team,Leasing Head - GoodWorks Group,+91-80-40000000,leasing@goodworksgroup.com,GoodWorks Group,North-BLR,BLR - Managed Office Space Supply 2026.xlsx,TARGET_EXCEL,Target Excel Import (North-BLR),July 2026,
North-BLR,Option 13,Brigade Enterprises Ltd,Incubex - Incubex BTR - Brigade Triumph,Hebbal,Available on Request / Document Image,Grade A Commercial Space - Unspecified,2B+G+10,As per master plan,"21,000–21,166 Sft",80% (+/- 2%),1 KVA per 100 Sq. Ft.,1,185.0 Sq. Ft.,185,TBD,Pre-Furnished,Unspecified,Immediate,"1:1,000 Sft",Standard Commercial Lease,10500.0,Included in rent,TBD,8,6,36,24,3,Yes,"13.055531431898222, 77.59753962604134",Brigade Enterprises Ltd Leasing Team,Leasing Head - Brigade Enterprises Ltd,+91-80-40000000,leasing@brigadeenterprisesltd.com,Brigade Enterprises Ltd,North-BLR,BLR - Managed Office Space Supply 2026.xlsx,TARGET_EXCEL,Target Excel Import (North-BLR),July 2026,
North-BLR,Option 14,Brigade Enterprises Ltd,Incubex - Brigade Magnum,Hebbal,Available on Request / Document Image,Grade A Commercial Space - Unspecified,2B+G+9,As per master plan,"25,000–30,000 Sft",80% (+/- 2%),1 KVA per 100 Sq. Ft.,1,Flexible Sq. Ft.,Available on Request,TBD,Pre-Furnished,Unspecified,Immediate,"1:1,000 Sft",Standard Commercial Lease,TBD,Included in rent,TBD,8,6,36,24,3,Yes,"13.057663505791027, 77.59404202512404",Brigade Enterprises Ltd Leasing Team,Leasing Head - Brigade Enterprises Ltd,+91-80-40000000,leasing@brigadeenterprisesltd.com,Brigade Enterprises Ltd,North-BLR,BLR - Managed Office Space Supply 2026.xlsx,TARGET_EXCEL,Target Excel Import (North-BLR),July 2026,
North-BLR,Option 15,Embassy Group,Incubex - Incubex Manyata Tech Park - M2 Block,MTP Tech Park Nagawara,Available on Request / Document Image,Grade A Commercial Space - Unspecified,2B+G+14,As per master plan,"45,000–50,000 Sft",80% (+/- 2%),1 KVA per 100 Sq. Ft.,1,Flexible Sq. Ft.,Available on Request,13F,Pre-Furnished,Unspecified,Immediate,"1:1,000 Sft",Standard Commercial Lease,TBD,Included in rent,TBD,8,6,36,24,3,Yes,"13.050009715275145, 77.6187629506239",Embassy Group Leasing Team,Leasing Head - Embassy Group,+91-80-40000000,leasing@embassygroup.com,Embassy Group,North-BLR,BLR - Managed Office Space Supply 2026.xlsx,TARGET_EXCEL,Target Excel Import (North-BLR),July 2026,
North-BLR,Option 16,The Phoenix Mills Ltd,IndiQube - Indiqube Phoenix,Jakkuru,Available on Request / Document Image,Grade A Commercial Space - Unspecified,2B+G+7,As per master plan,"88,000 Sft",80% (+/- 2%),1 KVA per 100 Sq. Ft.,1,Flexible Sq. Ft.,Available on Request,TBD,Pre-Furnished,Unspecified,Immediate,"1:1,000 Sft",Standard Commercial Lease,TBD,Included in rent,TBD,8,6,36,24,3,Yes,"13.070761520436816, 77.59136512604312",The Phoenix Mills Ltd Leasing Team,Leasing Head - The Phoenix Mills Ltd,+91-80-40000000,leasing@thephoenixmillsltd.com,The Phoenix Mills Ltd,North-BLR,BLR - Managed Office Space Supply 2026.xlsx,TARGET_EXCEL,Target Excel Import (North-BLR),July 2026,
North-BLR,Option 17,MSR / MSRDB,IndiQube - Indiqube MSR - North Tower,Nagawara,Available on Request / Document Image,Grade A Commercial Space - Unspecified,3B+G+15,As per master plan,"30,000 Sft",80% (+/- 2%),1 KVA per 100 Sq. Ft.,1,Flexible Sq. Ft.,Available on Request,TBD,Pre-Furnished,Unspecified,Immediate,"1:1,000 Sft",Standard Commercial Lease,TBD,Included in rent,TBD,8,6,36,24,3,Yes,"13.041557368888979, 77.62303570829626",MSR / MSRDB Leasing Team,Leasing Head - MSR / MSRDB,+91-80-40000000,leasing@msr/msrdb.com,MSR / MSRDB,North-BLR,BLR - Managed Office Space Supply 2026.xlsx,TARGET_EXCEL,Target Excel Import (North-BLR),July 2026,
North-BLR,Option 18,Brigade Enterprises Ltd,IndiQube - Indiqube Opus - Brigade Opus,Hebbal,Available on Request / Document Image,Grade A Commercial Space - Unspecified,2B+G+8F,As per master plan,"45,620 Sft",80% (+/- 2%),1 KVA per 100 Sq. Ft.,1,Flexible Sq. Ft.,Available on Request,4F,Pre-Furnished,Unspecified,Immediate,"1:1,000 Sft",Standard Commercial Lease,TBD,Included in rent,TBD,8,6,36,24,3,Yes,"13.05748462441501, 77.5924129854594",Brigade Enterprises Ltd Leasing Team,Leasing Head - Brigade Enterprises Ltd,+91-80-40000000,leasing@brigadeenterprisesltd.com,Brigade Enterprises Ltd,North-BLR,BLR - Managed Office Space Supply 2026.xlsx,TARGET_EXCEL,Target Excel Import (North-BLR),July 2026,
North-BLR,Option 19,MRG Group,IndiQube - Indiqube Marriott,Hebbal,Available on Request / Document Image,Grade A Commercial Space - Unspecified,2B+G+8,As per master plan,"5,600 Sft",80% (+/- 2%),1 KVA per 100 Sq. Ft.,1,Flexible Sq. Ft.,Available on Request,TBD,Pre-Furnished,Unspecified,Immediate,"1:1,000 Sft",Standard Commercial Lease,TBD,Included in rent,TBD,8,6,36,24,3,Yes,"13.042712379261555, 77.60942127557317",MRG Group Leasing Team,Leasing Head - MRG Group,+91-80-40000000,leasing@mrggroup.com,MRG Group,North-BLR,BLR - Managed Office Space Supply 2026.xlsx,TARGET_EXCEL,Target Excel Import (North-BLR),July 2026,
North-BLR,Option 20,Brigade Group,IndiQube - Indiqube Twin Towers,Yeswanthpur,Available on Request / Document Image,Grade A Commercial Space - Unspecified,3B+G+14,As per master plan,"Tower ""A"" - 41,000, Tower ""B"" - 45,000 Sft",80% (+/- 2%),1 KVA per 100 Sq. Ft.,1,Flexible Sq. Ft.,Available on Request,TBD,Pre-Furnished,Unspecified,Immediate,"1:1,000 Sft",Standard Commercial Lease,TBD,Included in rent,TBD,8,6,36,24,3,Yes,"13.030688601274997, 77.54262135731011",Brigade Group Leasing Team,Leasing Head - Brigade Group,+91-80-40000000,leasing@brigadegroup.com,Brigade Group,North-BLR,BLR - Managed Office Space Supply 2026.xlsx,TARGET_EXCEL,Target Excel Import (North-BLR),July 2026,
North-BLR,Option 21,MSR / MSRDB,Obeya - Obeya MSR North Star,Nagawara,Available on Request / Document Image,Grade A Commercial Space - Unspecified,3B+G+15,As per master plan,"30,000 Sft",80% (+/- 2%),1 KVA per 100 Sq. Ft.,1,150.0 Sq. Ft.,150,1F+8F,Pre-Furnished,Unspecified,Immediate,"1:1,000 Sft",Standard Commercial Lease,9500.0,Included in rent,TBD,8,6,36,24,3,Yes,"13.041656329360075, 77.62304035062384",MSR / MSRDB Leasing Team,Leasing Head - MSR / MSRDB,+91-80-40000000,leasing@msr/msrdb.com,MSR / MSRDB,North-BLR,BLR - Managed Office Space Supply 2026.xlsx,TARGET_EXCEL,Target Excel Import (North-BLR),July 2026,
North-BLR,Option 22,Brigade Enterprises Ltd.,Regus - Regus WTC - Brigade Gateway,Malleshwara,Available on Request / Document Image,Grade A Commercial Space - Unspecified,2B+G+30,As per master plan,"40,000 - 42,120 Sft",80% (+/- 2%),1 KVA per 100 Sq. Ft.,1,63.0 Sq. Ft.,63,22F,Pre-Furnished,Unspecified,Immediate,"1:1,000 Sft",Standard Commercial Lease,34.0,Included in rent,TBD,8,6,36,24,3,Yes,"13.012593962430532, 77.55613270223454",Brigade Enterprises Ltd. Leasing Team,Leasing Head - Brigade Enterprises Ltd.,+91-80-40000000,leasing@brigadeenterprisesltd..com,Brigade Enterprises Ltd.,North-BLR,BLR - Managed Office Space Supply 2026.xlsx,TARGET_EXCEL,Target Excel Import (North-BLR),July 2026,
North-BLR,Option 23,Independent,Regus - Regus Tejas Arcade,Malleshwara,Available on Request / Document Image,Grade A Commercial Space - Unspecified,B+G+3,As per master plan,"6,078 Sft",80% (+/- 2%),1 KVA per 100 Sq. Ft.,1,30.0 Sq. Ft.,30,TBD,Pre-Furnished,Unspecified,Immediate,"1:1,000 Sft",Standard Commercial Lease,18.0,Included in rent,TBD,8,6,36,24,3,Yes,"13.007833918545463, 77.55456917945943",Independent Leasing Team,Leasing Head - Independent,+91-80-40000000,leasing@independent.com,Independent,North-BLR,BLR - Managed Office Space Supply 2026.xlsx,TARGET_EXCEL,Target Excel Import (North-BLR),July 2026,
North-BLR,Option 24,MSR / MSRDB,Regus - Regus MSR North Star,Nagawara,Available on Request / Document Image,Grade A Commercial Space - Unspecified,3B+G+15,As per master plan,"30,000 Sft",80% (+/- 2%),1 KVA per 100 Sq. Ft.,1,24.0 Sq. Ft.,24,TBD,Pre-Furnished,Unspecified,Immediate,"1:1,000 Sft",Standard Commercial Lease,20.0,Included in rent,TBD,8,6,36,24,3,Yes,"13.041795129242681, 77.62339316596854",MSR / MSRDB Leasing Team,Leasing Head - MSR / MSRDB,+91-80-40000000,leasing@msr/msrdb.com,MSR / MSRDB,North-BLR,BLR - Managed Office Space Supply 2026.xlsx,TARGET_EXCEL,Target Excel Import (North-BLR),July 2026,
North-BLR,Option 25,Embassy Group / Embassy REIT portfolio,Simpliwork  - Manyata Tech Park - Mountain Ash – H2 Block,MTP Tech Park Nagawara,Available on Request / Document Image,Grade A Commercial Space - Unspecified,2B+G+10,As per master plan,"82,700 Sft",80% (+/- 2%),1 KVA per 100 Sq. Ft.,1,2300.0 Sq. Ft.,2300,7F+8F,Pre-Furnished,Unspecified,Immediate,"1:1,000 Sft",Standard Commercial Lease,TBD,Included in rent,TBD,8,6,36,24,3,Yes,"13.04703129063123, 77.62238570379881",Embassy Group / Embassy REIT portfolio Leasing Team,Leasing Head - Embassy Group / Embassy REIT portfolio,+91-80-40000000,leasing@embassygroup/embassyreitportfolio.com,Embassy Group / Embassy REIT portfolio,North-BLR,BLR - Managed Office Space Supply 2026.xlsx,TARGET_EXCEL,Target Excel Import (North-BLR),July 2026,
North-BLR,Option 26,RMZ Corp / RMZ Galleria (India) Pvt. Ltd,Simpliwork  - RMZ Galleria,Yelahanka,Available on Request / Document Image,Grade A Commercial Space - Unspecified,3B+G+14F,As per master plan,"22,500 Sft",80% (+/- 2%),1 KVA per 100 Sq. Ft.,1,170.0 Sq. Ft.,170,6F+13F,Pre-Furnished,Unspecified,Immediate,"1:1,000 Sft",Standard Commercial Lease,TBD,Included in rent,TBD,8,6,36,24,3,Yes,"13.095120642831274, 77.59524301072685",RMZ Corp / RMZ Galleria (India) Pvt. Ltd Leasing Team,Leasing Head - RMZ Corp / RMZ Galleria (India) Pvt. Ltd,+91-80-40000000,leasing@rmzcorp/rmzgalleria(india)pvt.ltd.com,RMZ Corp / RMZ Galleria (India) Pvt. Ltd,North-BLR,BLR - Managed Office Space Supply 2026.xlsx,TARGET_EXCEL,Target Excel Import (North-BLR),July 2026,
North-BLR,Option 27,Brigade Enterprises Ltd,Simpliwork  -  Brigade Magnum,Hebbal,Available on Request / Document Image,Grade A Commercial Space - Unspecified,2B+G+9,As per master plan,"25,000–30,000 Sft",80% (+/- 2%),1 KVA per 100 Sq. Ft.,1,Flexible Sq. Ft.,Available on Request,3F+5F,Pre-Furnished,Unspecified,Immediate,"1:1,000 Sft",Standard Commercial Lease,TBD,Included in rent,TBD,8,6,36,24,3,Yes,"13.057759471551908, 77.59402173029059",Brigade Enterprises Ltd Leasing Team,Leasing Head - Brigade Enterprises Ltd,+91-80-40000000,leasing@brigadeenterprisesltd.com,Brigade Enterprises Ltd,North-BLR,BLR - Managed Office Space Supply 2026.xlsx,TARGET_EXCEL,Target Excel Import (North-BLR),July 2026,
North-BLR,Option 28,Godrej Properties,Simpliwork  - Godrej Centre,Hebbal,Available on Request / Document Image,Grade A Commercial Space - Unspecified,3B+G+13,As per master plan,"57,000–59,000 Sft",80% (+/- 2%),1 KVA per 100 Sq. Ft.,1,Flexible Sq. Ft.,Available on Request,11F+12F & 13F,Pre-Furnished,Unspecified,Immediate,"1:1,000 Sft",Standard Commercial Lease,TBD,Included in rent,TBD,8,6,36,24,3,Yes,"13.060843214471292, 77.5926229702218",Godrej Properties Leasing Team,Leasing Head - Godrej Properties,+91-80-40000000,leasing@godrejproperties.com,Godrej Properties,North-BLR,BLR - Managed Office Space Supply 2026.xlsx,TARGET_EXCEL,Target Excel Import (North-BLR),July 2026,
North-BLR,Option 29,Karle Infra Pvt. Ltd. / Karle Group,Smartworks - The Cube Karle,Nagawara,Available on Request / Document Image,Grade A Commercial Space - Unspecified,3B+G+11F,As per master plan,"18,000 Sft",80% (+/- 2%),1 KVA per 100 Sq. Ft.,1,285.0 Sq. Ft.,285,3F+4F+7F+9F,Pre-Furnished,Unspecified,Immediate,"1:1,000 Sft",Standard Commercial Lease,TBD,Included in rent,TBD,8,6,36,24,3,Yes,"13.044193279214477, 77.6134732524771",Karle Infra Pvt. Ltd. / Karle Group Leasing Team,Leasing Head - Karle Infra Pvt. Ltd. / Karle Group,+91-80-40000000,leasing@karleinfrapvt.ltd./karlegroup.com,Karle Infra Pvt. Ltd. / Karle Group,North-BLR,BLR - Managed Office Space Supply 2026.xlsx,TARGET_EXCEL,Target Excel Import (North-BLR),July 2026,
North-BLR,Option 30,Embassy Groups,Table Space - Manyata Business Park - L6 / Silver Fir,MTP Tech Park Nagawara,Available on Request / Document Image,Grade A Commercial Space - Unspecified,2B+G+10,As per master plan,"38,600 Sft",80% (+/- 2%),1 KVA per 100 Sq. Ft.,1,597.0 Sq. Ft.,597,GF+1F+3F & 5F,Pre-Furnished,Unspecified,Immediate,"1:1,000 Sft",Standard Commercial Lease,TBD,Included in rent,TBD,8,6,36,24,3,Yes,"13.046166501184766, 77.62057167606731",Embassy Groups Leasing Team,Leasing Head - Embassy Groups,+91-80-40000000,leasing@embassygroups.com,Embassy Groups,North-BLR,BLR - Managed Office Space Supply 2026.xlsx,TARGET_EXCEL,Target Excel Import (North-BLR),July 2026,
North-BLR,Option 31,MFAR,Table Space - Mfar Manyata Greenheart 2B,MTP Tech Park Nagawara,Available on Request / Document Image,Grade A Commercial Space - Unspecified,B+G+5,As per master plan,"19,000 Sft",80% (+/- 2%),1 KVA per 100 Sq. Ft.,1,42000.0 Sq. Ft.,42000,2F,Pre-Furnished,Unspecified,Immediate,"1:1,000 Sft",Standard Commercial Lease,TBD,Included in rent,TBD,8,6,36,24,3,Yes,"13.043959585654282, 77.62160139360662",MFAR Leasing Team,Leasing Head - MFAR,+91-80-40000000,leasing@mfar.com,MFAR,North-BLR,BLR - Managed Office Space Supply 2026.xlsx,TARGET_EXCEL,Target Excel Import (North-BLR),July 2026,
North-BLR,Option 32,Embassy Groups,Urban Vault - Manyata Tech Park - ELM – C4 & Hazel – L3,MTP Tech Park Nagawara,Available on Request / Document Image,Grade A Commercial Space - Unspecified,B+G+6,As per master plan,"66,243 Sft",80% (+/- 2%),1 KVA per 100 Sq. Ft.,1,440.0 Sq. Ft.,440,5F+6F,Pre-Furnished,Unspecified,Immediate,"1:1,000 Sft",Standard Commercial Lease,11000.0,Included in rent,TBD,8,6,36,24,3,Yes,"13.04735947266754, 77.62031019480482",Embassy Groups Leasing Team,Leasing Head - Embassy Groups,+91-80-40000000,leasing@embassygroups.com,Embassy Groups,North-BLR,BLR - Managed Office Space Supply 2026.xlsx,TARGET_EXCEL,Target Excel Import (North-BLR),July 2026,
North-BLR,Option 33,Citrine / S V Enterprises,Urban Vault - Citrine,Hebbal,Available on Request / Document Image,Grade A Commercial Space - Unspecified,3B+G+10,As per master plan,"11,000 Sft",80% (+/- 2%),1 KVA per 100 Sq. Ft.,1,Flexible Sq. Ft.,Available on Request,TBD,Pre-Furnished,Unspecified,Immediate,"1:1,000 Sft",Standard Commercial Lease,TBD,Included in rent,TBD,8,6,36,24,3,Yes,"13.05448047007137, 77.59297953713258",Citrine / S V Enterprises Leasing Team,Leasing Head - Citrine / S V Enterprises,+91-80-40000000,leasing@citrine/sventerprises.com,Citrine / S V Enterprises,North-BLR,BLR - Managed Office Space Supply 2026.xlsx,TARGET_EXCEL,Target Excel Import (North-BLR),July 2026,
North-BLR,Option 34,Embassy Group,Wework - Embassy One,Hebbal - Gaganagar - Bellary Rd,Available on Request / Document Image,Grade A Commercial Space - Unspecified,2B+G+13,As per master plan,"15,000 Sft",80% (+/- 2%),1 KVA per 100 Sq. Ft.,1,413.0 Sq. Ft.,413,2F,Pre-Furnished,Unspecified,Immediate,"1:1,000 Sft",Standard Commercial Lease,TBD,Included in rent,TBD,8,6,36,24,3,Yes,"13.019724755511053, 77.58442550525648",Embassy Group Leasing Team,Leasing Head - Embassy Group,+91-80-40000000,leasing@embassygroup.com,Embassy Group,North-BLR,BLR - Managed Office Space Supply 2026.xlsx,TARGET_EXCEL,Target Excel Import (North-BLR),July 2026,
North-BLR,Option 35,RMZ Corp Holdings Pvt. Ltd,Wework - RMZ Latitude,Hebbal,Available on Request / Document Image,Grade A Commercial Space - Unspecified,3B+G+11,As per master plan,"23,000 Sft",80% (+/- 2%),1 KVA per 100 Sq. Ft.,1,108.0 Sq. Ft.,108,TBD,Pre-Furnished,Unspecified,Immediate,"1:1,000 Sft",Standard Commercial Lease,TBD,Included in rent,TBD,8,6,36,24,3,Yes,"13.056622807848413, 77.59442183713261",RMZ Corp Holdings Pvt. Ltd Leasing Team,Leasing Head - RMZ Corp Holdings Pvt. Ltd,+91-80-40000000,leasing@rmzcorpholdingspvt.ltd.com,RMZ Corp Holdings Pvt. Ltd,North-BLR,BLR - Managed Office Space Supply 2026.xlsx,TARGET_EXCEL,Target Excel Import (North-BLR),July 2026,
North-BLR,Option 36,Embassy Group,Wework - Manyata Tech Park - Manyata Redwood,MTP Tech Park Nagawara,Available on Request / Document Image,Grade A Commercial Space - Unspecified,B+G+10,As per master plan,"38,800–39,000 Sft",80% (+/- 2%),1 KVA per 100 Sq. Ft.,1,761.0 Sq. Ft.,761,3F,Pre-Furnished,Unspecified,Immediate,"1:1,000 Sft",Standard Commercial Lease,TBD,Included in rent,TBD,8,6,36,24,3,Yes,"13.049687476931998, 77.62012729457733",Embassy Group Leasing Team,Leasing Head - Embassy Group,+91-80-40000000,leasing@embassygroup.com,Embassy Group,North-BLR,BLR - Managed Office Space Supply 2026.xlsx,TARGET_EXCEL,Target Excel Import (North-BLR),July 2026,
North-BLR,Option 37,Embassy Group,Wework - Manyata Tech Park - Manyata Mahogany - F2 Block,MTP Tech Park Nagawara,Available on Request / Document Image,Grade A Commercial Space - Unspecified,B+G+10,As per master plan,"42,275 Sft",80% (+/- 2%),1 KVA per 100 Sq. Ft.,1,682.0 Sq. Ft.,682,TBD,Pre-Furnished,Unspecified,Immediate,"1:1,000 Sft",Standard Commercial Lease,TBD,Included in rent,TBD,8,6,36,24,3,Yes,"13.05119252572865, 77.62278804595003",Embassy Group Leasing Team,Leasing Head - Embassy Group,+91-80-40000000,leasing@embassygroup.com,Embassy Group,North-BLR,BLR - Managed Office Space Supply 2026.xlsx,TARGET_EXCEL,Target Excel Import (North-BLR),July 2026,
North-BLR,Option 38,Embassy Group,Workshaala - Manyata Tech Park - G4 – Aspen,MTP Tech Park Nagawara,Available on Request / Document Image,Grade A Commercial Space - Unspecified,2B+G+10,As per master plan,"40,795 Sft",80% (+/- 2%),1 KVA per 100 Sq. Ft.,1,3000.0 Sq. Ft.,3000,6F+10F,Pre-Furnished,Unspecified,Immediate,"1:1,000 Sft",Standard Commercial Lease,10500.0,Included in rent,TBD,8,6,36,24,3,Yes,"13.048013636145942, 77.62177819208686",Embassy Group Leasing Team,Leasing Head - Embassy Group,+91-80-40000000,leasing@embassygroup.com,Embassy Group,North-BLR,BLR - Managed Office Space Supply 2026.xlsx,TARGET_EXCEL,Target Excel Import (North-BLR),July 2026,
E-City,Option 1,Prestige Group,315Work Avenue - Prestige Alecto,E-City - Phase 1,Available on Request / Document Image,Grade A Commercial Space - Unspecified,2B+G+3,As per master plan,"24,000 Sft",80% (+/- 2%),1 KVA per 100 Sq. Ft.,1,50.0 Sq. Ft.,50,3F (60 Days),Pre-Furnished,Unspecified,Immediate,"1:1,000 Sft",Standard Commercial Lease,9500.0,Included in rent,TBD,8,6,36,24,3,Yes,"12.845370975542826, 77.66215148984269",Prestige Group Leasing Team,Leasing Head - Prestige Group,+91-80-40000000,leasing@prestigegroup.com,Prestige Group,E-City,BLR - Managed Office Space Supply 2026.xlsx,TARGET_EXCEL,Target Excel Import (E-City),July 2026,
E-City,Option 2,Shilpa Developers,Awfis - Shilpa Ananya Tech Park,E-City - Phase 1,Available on Request / Document Image,Grade A Commercial Space - Unspecified,2B+G+8,As per master plan,"23,195–32,692 Sft",80% (+/- 2%),1 KVA per 100 Sq. Ft.,1,Flexible Sq. Ft.,Available on Request,GF,Pre-Furnished,Unspecified,Immediate,"1:1,000 Sft",Standard Commercial Lease,TBD,Included in rent,TBD,8,6,36,24,3,Yes,"12.849650781808347, 77.6622054557409",Shilpa Developers Leasing Team,Leasing Head - Shilpa Developers,+91-80-40000000,leasing@shilpadevelopers.com,Shilpa Developers,E-City,BLR - Managed Office Space Supply 2026.xlsx,TARGET_EXCEL,Target Excel Import (E-City),July 2026,
E-City,Option 3,Shilpa Developers,ClayWorks - Shilpa Ananya Tech Park,E-City - Phase 1,Available on Request / Document Image,Grade A Commercial Space - Unspecified,2B+G+8,As per master plan,"23,195–32,692 Sft",80% (+/- 2%),1 KVA per 100 Sq. Ft.,1,255.0 Sq. Ft.,255,1F,Pre-Furnished,Unspecified,Immediate,"1:1,000 Sft",Standard Commercial Lease,11500.0,Included in rent,TBD,8,6,36,24,3,Yes,"12.849650781808347, 77.6622054557409",Shilpa Developers Leasing Team,Leasing Head - Shilpa Developers,+91-80-40000000,leasing@shilpadevelopers.com,Shilpa Developers,E-City,BLR - Managed Office Space Supply 2026.xlsx,TARGET_EXCEL,Target Excel Import (E-City),July 2026,
E-City,Option 4,Independent,GoodWorks - GoodWorks Infinity Park – Tower 1,E-City - Phase 1,Available on Request / Document Image,Grade A Commercial Space - Unspecified,B+G+4,As per master plan,"17,500 Sft",80% (+/- 2%),1 KVA per 100 Sq. Ft.,1,87.0 Sq. Ft.,87,Entire Building,Pre-Furnished,Unspecified,Immediate,"1:1,000 Sft",Standard Commercial Lease,9000.0,Included in rent,TBD,8,6,36,24,3,Yes,"12.842244575858007, 77.66845986596525",Independent Leasing Team,Leasing Head - Independent,+91-80-40000000,leasing@independent.com,Independent,E-City,BLR - Managed Office Space Supply 2026.xlsx,TARGET_EXCEL,Target Excel Import (E-City),July 2026,
E-City,Option 5,Independent,GoodWorks - GoodWorks Infinity Park – Tower 2,E-City - Phase 1,Available on Request / Document Image,Grade A Commercial Space - Unspecified,2B+G+3+Terrace,As per master plan,"20,288 - 22,114 Sft",80% (+/- 2%),1 KVA per 100 Sq. Ft.,1,Flexible Sq. Ft.,Available on Request,TBD,Pre-Furnished,Unspecified,Immediate,"1:1,000 Sft",Standard Commercial Lease,TBD,Included in rent,TBD,8,6,36,24,3,Yes,"12.842244575858007, 77.66845986596525",Independent Leasing Team,Leasing Head - Independent,+91-80-40000000,leasing@independent.com,Independent,E-City,BLR - Managed Office Space Supply 2026.xlsx,TARGET_EXCEL,Target Excel Import (E-City),July 2026,
E-City,Option 6,Puravankara Limited,IndiQube - Indiqube Gainz - Purvankara Gainz,Hosur Main Road - E-City,Available on Request / Document Image,Grade A Commercial Space - Unspecified,3B+G+8F,As per master plan,"29,500 Sft",80% (+/- 2%),1 KVA per 100 Sq. Ft.,1,Flexible Sq. Ft.,Available on Request,TBD,Pre-Furnished,Unspecified,Immediate,"1:1,000 Sft",Standard Commercial Lease,TBD,Included in rent,TBD,8,6,36,24,3,Yes,"12.866557350906628, 77.6567428256592",Puravankara Limited Leasing Team,Leasing Head - Puravankara Limited,+91-80-40000000,leasing@puravankaralimited.com,Puravankara Limited,E-City,BLR - Managed Office Space Supply 2026.xlsx,TARGET_EXCEL,Target Excel Import (E-City),July 2026,
E-City,Option 7,Praja Infratech Pvt. Ltd.,IndiQube - Maruthi Concorde Business Park,Hosur Main Road - E-City,Available on Request / Document Image,Grade A Commercial Space - Unspecified,B+G+9,As per master plan,"36,000–57,000 Sft",80% (+/- 2%),1 KVA per 100 Sq. Ft.,1,30000.0 Sq. Ft.,30000,1F,Pre-Furnished,Unspecified,Immediate,"1:1,000 Sft",Standard Commercial Lease,9500.0,Included in rent,TBD,8,6,36,24,3,Yes,"12.850330557435715, 77.66980953905123",Praja Infratech Pvt. Ltd. Leasing Team,Leasing Head - Praja Infratech Pvt. Ltd.,+91-80-40000000,leasing@prajainfratechpvt.ltd..com,Praja Infratech Pvt. Ltd.,E-City,BLR - Managed Office Space Supply 2026.xlsx,TARGET_EXCEL,Target Excel Import (E-City),July 2026,
E-City,Option 8,Indian City Properties (ICP) – KCT Group,Regus - Regus Tech 37,E-City - Phase 2,Available on Request / Document Image,Grade A Commercial Space - Unspecified,G+4,As per master plan,"22,000–22,617 Sft",80% (+/- 2%),1 KVA per 100 Sq. Ft.,1,60.0 Sq. Ft.,60,TBD,Pre-Furnished,Unspecified,Immediate,"1:1,000 Sft",Standard Commercial Lease,11000.0,Included in rent,TBD,8,6,36,24,3,Yes,"12.848711089286446, 77.67414143850202",Indian City Properties (ICP) – KCT Group Leasing Team,Leasing Head - Indian City Properties (ICP) – KCT Group,+91-80-40000000,leasing@indiancityproperties(icp)–kctgroup.com,Indian City Properties (ICP) – KCT Group,E-City,BLR - Managed Office Space Supply 2026.xlsx,TARGET_EXCEL,Target Excel Import (E-City),July 2026,
BG Road,Option 1,Sattva Group,"315 Work Avenue - BGR, Salarpuria Infinity",Bannerghatta Main Road,Available on Request / Document Image,Grade A Commercial Space - Unspecified,B+G+3,As per master plan,"51,000 Sft",80% (+/- 2%),1 KVA per 100 Sq. Ft.,1,Flexible Sq. Ft.,Available on Request,TBD,Pre-Furnished,Unspecified,Immediate,"1:1,000 Sft",Standard Commercial Lease,TBD,Included in rent,TBD,8,6,36,24,3,Yes,"12.932500644850679, 77.60129848633167",Sattva Group Leasing Team,Leasing Head - Sattva Group,+91-80-40000000,leasing@sattvagroup.com,Sattva Group,BG Road,BLR - Managed Office Space Supply 2026.xlsx,TARGET_EXCEL,Target Excel Import (BG Road),July 2026,
BG Road,Option 2,Mantri Developers Pvt. Ltd.,Awfis - Awfis Mantri Commerce,"Bannerghatta Main Road -  NS Palya, BTM 2nd Stage",Available on Request / Document Image,Grade A Commercial Space - Unspecified,2B+G+7,As per master plan,"20,000–58,000 Sft",80% (+/- 2%),1 KVA per 100 Sq. Ft.,1,276.0 Sq. Ft.,276,5F+7F,Pre-Furnished,Unspecified,Immediate,"1:1,000 Sft",Standard Commercial Lease,9500.0,Included in rent,TBD,8,6,36,24,3,Yes,"12.912850380279236, 77.6003512389835",Mantri Developers Pvt. Ltd. Leasing Team,Leasing Head - Mantri Developers Pvt. Ltd.,+91-80-40000000,leasing@mantrideveloperspvt.ltd..com,Mantri Developers Pvt. Ltd.,BG Road,BLR - Managed Office Space Supply 2026.xlsx,TARGET_EXCEL,Target Excel Import (BG Road),July 2026,
BG Road,Option 3,Vaishnavi Senate,ClayWorks - Clayworks Senate,"Bannerghatta Road, Dollar Layout",Available on Request / Document Image,Grade A Commercial Space - Unspecified,B+G+10,As per master plan,"50,000 Sft",80% (+/- 2%),1 KVA per 100 Sq. Ft.,1,1300.0 Sq. Ft.,1300,5F+6F,Pre-Furnished,Unspecified,Immediate,"1:1,000 Sft",Standard Commercial Lease,15000.0,Included in rent,TBD,8,6,36,24,3,Yes,"12.902946288159521, 77.60104871014714",Vaishnavi Senate Leasing Team,Leasing Head - Vaishnavi Senate,+91-80-40000000,leasing@vaishnavisenate.com,Vaishnavi Senate,BG Road,BLR - Managed Office Space Supply 2026.xlsx,TARGET_EXCEL,Target Excel Import (BG Road),July 2026,
BG Road,Option 4,Independent,ClayWorks - Clayworks Create,Create Campus - Bannerghatta Road,Available on Request / Document Image,Grade A Commercial Space - Unspecified,G+2,As per master plan,"22,000 Sft",80% (+/- 2%),1 KVA per 100 Sq. Ft.,1,26.0 Sq. Ft.,26,TBD,Pre-Furnished,Unspecified,Immediate,"1:1,000 Sft",Standard Commercial Lease,12000.0,Included in rent,TBD,8,6,36,24,3,Yes,"12.886674192268172, 77.59642939048865",Independent Leasing Team,Leasing Head - Independent,+91-80-40000000,leasing@independent.com,Independent,BG Road,BLR - Managed Office Space Supply 2026.xlsx,TARGET_EXCEL,Target Excel Import (BG Road),July 2026,
BG Road,Option 5,BCM Group / BCM Infrastructure Pvt. Ltd.,Incubex - Incubex BNR2,Bannerghatta road,Available on Request / Document Image,Grade A Commercial Space - Unspecified,1B+G+3,As per master plan,"10,551 Sft",80% (+/- 2%),1 KVA per 100 Sq. Ft.,1,915.0 Sq. Ft.,915,1F,Pre-Furnished,Unspecified,Immediate,"1:1,000 Sft",Standard Commercial Lease,8000.0,Included in rent,TBD,8,6,36,24,3,Yes,"12.926173898773055, 77.60018210829426",BCM Group / BCM Infrastructure Pvt. Ltd. Leasing Team,Leasing Head - BCM Group / BCM Infrastructure Pvt. Ltd.,+91-80-40000000,leasing@bcmgroup/bcminfrastructurepvt.ltd..com,BCM Group / BCM Infrastructure Pvt. Ltd.,BG Road,BLR - Managed Office Space Supply 2026.xlsx,TARGET_EXCEL,Target Excel Import (BG Road),July 2026,
BG Road,Option 6,Mantri Developers Pvt. Ltd.,Indiqube Elegance - Commerce Mantri,Commerce Mantri - Bannerghatta Rd,Available on Request / Document Image,Grade A Commercial Space - Unspecified,2B+G+7,As per master plan,"20,000–58,000 Sft",80% (+/- 2%),1 KVA per 100 Sq. Ft.,1,Flexible Sq. Ft.,Available on Request,TBD,Pre-Furnished,Unspecified,Immediate,"1:1,000 Sft",Standard Commercial Lease,TBD,Included in rent,TBD,8,6,36,24,3,Yes,"12.912202221773493, 77.60018041583997",Mantri Developers Pvt. Ltd. Leasing Team,Leasing Head - Mantri Developers Pvt. Ltd.,+91-80-40000000,leasing@mantrideveloperspvt.ltd..com,Mantri Developers Pvt. Ltd.,BG Road,BLR - Managed Office Space Supply 2026.xlsx,TARGET_EXCEL,Target Excel Import (BG Road),July 2026,
BG Road,Option 7,Subramanya Construction & Development Co. Ltd.,IndiQube - Indiqube Arcade T2,Subramanya Arcade - Bannerghatta Rd,Available on Request / Document Image,Grade A Commercial Space - Unspecified,2B+G+7,As per master plan,"24,500 Sft",80% (+/- 2%),1 KVA per 100 Sq. Ft.,1,200.0 Sq. Ft.,200,1F-6F,Pre-Furnished,Unspecified,Immediate,"1:1,000 Sft",Standard Commercial Lease,TBD,Included in rent,TBD,8,6,36,24,3,Yes,"12.925307956355265, 77.60169397945809",Subramanya Construction & Development Co. Ltd. Leasing Team,Leasing Head - Subramanya Construction & Development Co. Ltd.,+91-80-40000000,leasing@subramanyaconstruction&developmentco.ltd..com,Subramanya Construction & Development Co. Ltd.,BG Road,BLR - Managed Office Space Supply 2026.xlsx,TARGET_EXCEL,Target Excel Import (BG Road),July 2026,
BG Road,Option 8,Independent,Obeya - Obeya Monaco,Ranka Colony - Bannerghatta,Available on Request / Document Image,Grade A Commercial Space - Unspecified,G+3,As per master plan,"1,500 Sft",80% (+/- 2%),1 KVA per 100 Sq. Ft.,1,Flexible Sq. Ft.,Available on Request,TBD,Pre-Furnished,Unspecified,Immediate,"1:1,000 Sft",Standard Commercial Lease,TBD,Included in rent,TBD,8,6,36,24,3,Yes,"12.903658255963888, 77.60328967945773",Independent Leasing Team,Leasing Head - Independent,+91-80-40000000,leasing@independent.com,Independent,BG Road,BLR - Managed Office Space Supply 2026.xlsx,TARGET_EXCEL,Target Excel Import (BG Road),July 2026,
BG Road,Option 9,Independent,Regus - HQ BL Commerce,"Dollar Layout, BTM 2nd Stage, Bilekahalli",Available on Request / Document Image,Grade A Commercial Space - Unspecified,B+G+3,As per master plan,"3,000 Sft",80% (+/- 2%),1 KVA per 100 Sq. Ft.,1,59.0 Sq. Ft.,59,TBD,Pre-Furnished,Unspecified,Immediate,"1:1,000 Sft",Standard Commercial Lease,11000.0,Included in rent,TBD,8,6,36,24,3,Yes,"12.905419102807322, 77.60355904630775",Independent Leasing Team,Leasing Head - Independent,+91-80-40000000,leasing@independent.com,Independent,BG Road,BLR - Managed Office Space Supply 2026.xlsx,TARGET_EXCEL,Target Excel Import (BG Road),July 2026,
BG Road,Option 10,SJR Prime Corporation Pvt. Ltd,Table Space - SJR PrimeCo Towers,Arekere Village - Bannerghatta Rd,Available on Request / Document Image,Grade A Commercial Space - Unspecified,3B+G+12+Terrace,As per master plan,"80,000 Sft",80% (+/- 2%),1 KVA per 100 Sq. Ft.,1,31620.0 Sq. Ft.,31620,11F,Pre-Furnished,Unspecified,Immediate,"1:1,000 Sft",Standard Commercial Lease,TBD,Included in rent,TBD,8,6,36,24,3,Yes,"12.891207903777985, 77.59625377702147",SJR Prime Corporation Pvt. Ltd Leasing Team,Leasing Head - SJR Prime Corporation Pvt. Ltd,+91-80-40000000,leasing@sjrprimecorporationpvt.ltd.com,SJR Prime Corporation Pvt. Ltd,BG Road,BLR - Managed Office Space Supply 2026.xlsx,TARGET_EXCEL,Target Excel Import (BG Road),July 2026,
BG Road,Option 11,Salarpuria Group,Wework - Salarpuria Symbiosis,Arekere Village - Bannerghatta Rd,Available on Request / Document Image,Grade A Commercial Space - Unspecified,B+G+3,As per master plan,"33,050–38,200 Sft",80% (+/- 2%),1 KVA per 100 Sq. Ft.,1,27.0 Sq. Ft.,27,TBD,Pre-Furnished,Unspecified,Immediate,"1:1,000 Sft",Standard Commercial Lease,TBD,Included in rent,TBD,8,6,36,24,3,Yes,"12.8873010262973, 77.59715440099745",Salarpuria Group Leasing Team,Leasing Head - Salarpuria Group,+91-80-40000000,leasing@salarpuriagroup.com,Salarpuria Group,BG Road,BLR - Managed Office Space Supply 2026.xlsx,TARGET_EXCEL,Target Excel Import (BG Road),July 2026,
JP-Nagar,Option 1,Independent,91Springboard - The Pavilion,JP Nagar - Dollars Colony,Available on Request / Document Image,Grade A Commercial Space - Unspecified,3B+G+5,As per master plan,"21,000 Sft",80% (+/- 2%),1 KVA per 100 Sq. Ft.,1,185.0 Sq. Ft.,185,3F-4F & 5F,Pre-Furnished,Unspecified,Immediate,"1:1,000 Sft",Standard Commercial Lease,TBD,Included in rent,TBD,8,6,36,24,3,Yes,"12.903834403255715, 77.60115713713003",Independent Leasing Team,Leasing Head - Independent,+91-80-40000000,leasing@independent.com,Independent,JP-Nagar,BLR - Managed Office Space Supply 2026.xlsx,TARGET_EXCEL,Target Excel Import (JP-Nagar),July 2026,
JP-Nagar,Option 2,Independent,Bizzhub - Bizzhub Pristine - Axis Padegal,JP Nagar,Available on Request / Document Image,Grade A Commercial Space - Unspecified,B+G+4,As per master plan,"3,200 Sft",80% (+/- 2%),1 KVA per 100 Sq. Ft.,1,170.0 Sq. Ft.,170,3F,Pre-Furnished,Unspecified,Immediate,"1:1,000 Sft",Standard Commercial Lease,8000.0,Included in rent,TBD,8,6,36,24,3,Yes,"12.91071600886673, 77.59751531711885",Independent Leasing Team,Leasing Head - Independent,+91-80-40000000,leasing@independent.com,Independent,JP-Nagar,BLR - Managed Office Space Supply 2026.xlsx,TARGET_EXCEL,Target Excel Import (JP-Nagar),July 2026,
JP-Nagar,Option 3,Independent,ClayWorks - Clayworks Mini Forest - MASS Complex,Mass Complex - JP Nagar 3rd Phase,Available on Request / Document Image,Grade A Commercial Space - Unspecified,B+G+3,As per master plan,"8,000 Sft",80% (+/- 2%),1 KVA per 100 Sq. Ft.,1,Flexible Sq. Ft.,Available on Request,3F,Pre-Furnished,Unspecified,Immediate,"1:1,000 Sft",Standard Commercial Lease,14000.0,Included in rent,TBD,8,6,36,24,3,Yes,"12.907309026933719, 77.59890502363868",Independent Leasing Team,Leasing Head - Independent,+91-80-40000000,leasing@independent.com,Independent,JP-Nagar,BLR - Managed Office Space Supply 2026.xlsx,TARGET_EXCEL,Target Excel Import (JP-Nagar),July 2026,
JP-Nagar,Option 4,Independent,ClayWorks - Clayworks JPN,"JP Nagar, 6th Phase - Outer Ring Rd",Available on Request / Document Image,Grade A Commercial Space - Unspecified,B+G+4,As per master plan,"3,328 Sft",80% (+/- 2%),1 KVA per 100 Sq. Ft.,1,148.0 Sq. Ft.,148,TBD,Pre-Furnished,Unspecified,Immediate,"1:1,000 Sft",Standard Commercial Lease,13000.0,Included in rent,TBD,8,6,36,24,3,Yes,"12.90660916952887, 77.58443907320871",Independent Leasing Team,Leasing Head - Independent,+91-80-40000000,leasing@independent.com,Independent,JP-Nagar,BLR - Managed Office Space Supply 2026.xlsx,TARGET_EXCEL,Target Excel Import (JP-Nagar),July 2026,
JP-Nagar,Option 5,Independent,IndiQube - Indiqube Miniforest,"3rd Phase JP Nagar, Dollar Layout",Available on Request / Document Image,Grade A Commercial Space - Unspecified,G+4,As per master plan,"15,875–16,000 Sft",80% (+/- 2%),1 KVA per 100 Sq. Ft.,1,81.0 Sq. Ft.,81,TBD,Pre-Furnished,Unspecified,Immediate,"1:1,000 Sft",Standard Commercial Lease,TBD,Included in rent,TBD,8,6,36,24,3,Yes,"12.9076034886679, 77.59963456596634",Independent Leasing Team,Leasing Head - Independent,+91-80-40000000,leasing@independent.com,Independent,JP-Nagar,BLR - Managed Office Space Supply 2026.xlsx,TARGET_EXCEL,Target Excel Import (JP-Nagar),July 2026,
JP-Nagar,Option 6,Independent,IndiQube - Indiqube South Island,"RK Colony, 2nd Phase JP Nagar",Available on Request / Document Image,Grade A Commercial Space - Unspecified,B+G+3,As per master plan,"9,500–10,000 Sft",80% (+/- 2%),1 KVA per 100 Sq. Ft.,1,Flexible Sq. Ft.,Available on Request,TBD,Pre-Furnished,Unspecified,Immediate,"1:1,000 Sft",Standard Commercial Lease,TBD,Included in rent,TBD,8,6,36,24,3,Yes,"12.912192780802654, 77.58592392178554",Independent Leasing Team,Leasing Head - Independent,+91-80-40000000,leasing@independent.com,Independent,JP-Nagar,BLR - Managed Office Space Supply 2026.xlsx,TARGET_EXCEL,Target Excel Import (JP-Nagar),July 2026,
Jayanagar,Option 1,Euromar Garuda Resort India,Bhive - Bhive Premium,Sri Garuda Swagath Mall - Jayanagar 4th Block,Available on Request / Document Image,Grade A Commercial Space - Unspecified,2B+G+7F,As per master plan,"12,353 Sft",80% (+/- 2%),1 KVA per 100 Sq. Ft.,1,30.0 Sq. Ft.,30,TBD,Pre-Furnished,Unspecified,Immediate,"1:1,000 Sft",Standard Commercial Lease,7600.0,Included in rent,TBD,8,6,36,24,3,Yes,"12.929048071449035, 77.59133130581186",Euromar Garuda Resort India Leasing Team,Leasing Head - Euromar Garuda Resort India,+91-80-40000000,leasing@euromargarudaresortindia.com,Euromar Garuda Resort India,Jayanagar,BLR - Managed Office Space Supply 2026.xlsx,TARGET_EXCEL,Target Excel Import (Jayanagar),July 2026,
Jayanagar,Option 2,Independent,IndiQube - Indiqube South Summit,"South End Road, Jayanagar",Available on Request / Document Image,Grade A Commercial Space - Unspecified,B+G+6,As per master plan,"22,857 Sft",80% (+/- 2%),1 KVA per 100 Sq. Ft.,1,270.0 Sq. Ft.,270,3F,Pre-Furnished,Unspecified,Immediate,"1:1,000 Sft",Standard Commercial Lease,TBD,Included in rent,TBD,8,6,36,24,3,Yes,"12.936602201242367, 77.57730277347076",Independent Leasing Team,Leasing Head - Independent,+91-80-40000000,leasing@independent.com,Independent,Jayanagar,BLR - Managed Office Space Supply 2026.xlsx,TARGET_EXCEL,Target Excel Import (Jayanagar),July 2026,
Jayanagar,Option 3,Independent,IndiQube - Indiqube SouthMile,Vijayarangam Layout - Jayanagar,Available on Request / Document Image,Grade A Commercial Space - Unspecified,G+5,As per master plan,"12,250 Sft",80% (+/- 2%),1 KVA per 100 Sq. Ft.,1,Flexible Sq. Ft.,Available on Request,TBD,Pre-Furnished,Unspecified,Immediate,"1:1,000 Sft",Standard Commercial Lease,TBD,Included in rent,TBD,8,6,36,24,3,Yes,"12.936763217750553, 77.5759806236392",Independent Leasing Team,Leasing Head - Independent,+91-80-40000000,leasing@independent.com,Independent,Jayanagar,BLR - Managed Office Space Supply 2026.xlsx,TARGET_EXCEL,Target Excel Import (Jayanagar),July 2026,
Jayanagar,Option 4,Independent,Regus - Regus Supreme - Supreme Overseas Exports,"7th Block, Jayanagar",Available on Request / Document Image,Grade A Commercial Space - Unspecified,G+3,As per master plan,"8,000 - 12,000 Sft",80% (+/- 2%),1 KVA per 100 Sq. Ft.,1,80.0 Sq. Ft.,80,1F-2F,Pre-Furnished,Unspecified,Immediate,"1:1,000 Sft",Standard Commercial Lease,17000.0,Included in rent,TBD,8,6,36,24,3,Yes,"12.922266750398713, 77.57377058389265",Independent Leasing Team,Leasing Head - Independent,+91-80-40000000,leasing@independent.com,Independent,Jayanagar,BLR - Managed Office Space Supply 2026.xlsx,TARGET_EXCEL,Target Excel Import (Jayanagar),July 2026,
Jayanagar,Option 5,Independent,ClayWorks - SouthEnd Circle,"South End Road, Jayanagar",Available on Request / Document Image,Grade A Commercial Space - Unspecified,B+G+3,As per master plan,"3,300 Sft",80% (+/- 2%),1 KVA per 100 Sq. Ft.,1,Flexible Sq. Ft.,Available on Request,TBD,Pre-Furnished,Unspecified,Immediate,"1:1,000 Sft",Standard Commercial Lease,11000.0,Included in rent,TBD,8,6,36,24,3,Yes,"12.936631560422486, 77.57635830829452",Independent Leasing Team,Leasing Head - Independent,+91-80-40000000,leasing@independent.com,Independent,Jayanagar,BLR - Managed Office Space Supply 2026.xlsx,TARGET_EXCEL,Target Excel Import (Jayanagar),July 2026,
Kanakapura Rd,Option 1,Independent,Clayworks - Clayworks Shankaraa,Kanakapura Road,Available on Request / Document Image,Grade A Commercial Space - Unspecified,G+4,As per master plan,"6,420 Sft",80% (+/- 2%),1 KVA per 100 Sq. Ft.,1,22.0 Sq. Ft.,22,TBD,Pre-Furnished,Unspecified,Immediate,"1:1,000 Sft",Standard Commercial Lease,11000.0,Included in rent,TBD,8,6,36,24,3,Yes,"12.884136026939993, 77.5539406506212",Independent Leasing Team,Leasing Head - Independent,+91-80-40000000,leasing@independent.com,Independent,Kanakapura Rd,BLR - Managed Office Space Supply 2026.xlsx,TARGET_EXCEL,Target Excel Import (Kanakapura Rd),July 2026,
Kanakapura Rd,Option 2,Puravankara / Purva Ruby Properties,Clayworks - Clayworks Zentec - Purva Zentech,Kanakapura Road,Available on Request / Document Image,Grade A Commercial Space - Unspecified,2B+G+16F,As per master plan,"60,000 Sft",80% (+/- 2%),1 KVA per 100 Sq. Ft.,1,1350.0 Sq. Ft.,1350,TBD,Pre-Furnished,Unspecified,Immediate,"1:1,000 Sft",Standard Commercial Lease,12500.0,Included in rent,TBD,8,6,36,24,3,Yes,"12.888094792994439, 77.55857920287437",Puravankara / Purva Ruby Properties Leasing Team,Leasing Head - Puravankara / Purva Ruby Properties,+91-80-40000000,leasing@puravankara/purvarubyproperties.com,Puravankara / Purva Ruby Properties,Kanakapura Rd,BLR - Managed Office Space Supply 2026.xlsx,TARGET_EXCEL,Target Excel Import (Kanakapura Rd),July 2026,
BTM,Option 1,Garuda Group association,Bhive - Garuda Bhive Workspace,BTM - Silk Board,Available on Request / Document Image,Grade A Commercial Space - Unspecified,G+4,As per master plan,"8,750 Sft",80% (+/- 2%),1 KVA per 100 Sq. Ft.,1,1000.0 Sq. Ft.,1000,TBD,Pre-Furnished,Unspecified,Immediate,"1:1,000 Sft",Standard Commercial Lease,9600.0,Included in rent,TBD,8,6,36,24,3,Yes,"12.91598416039692, 77.61659675248934",Garuda Group association Leasing Team,Leasing Head - Garuda Group association,+91-80-40000000,leasing@garudagroupassociation.com,Garuda Group association,BTM,BLR - Managed Office Space Supply 2026.xlsx,TARGET_EXCEL,Target Excel Import (BTM),July 2026,
